category_truth,text
Active Directory,"Hi, could you please set up a new account for me? I just started and need to get access sorted out. Thanks!"
Active Directory,"Hey, I need to have a user account fully cancelled and all their access revoked as soon as possible. Could someone take care of that?"
Active Directory,"Hi there, I need to get a new user registered and some equipment purchased for them at [LOCATION]13494 — this is for [NAME]. Let me know if you need any additional details."
Active Directory,"Hi, could you please set up a Windows account and any additional services needed for [NAME]? They're with [COMPANY] based out of [LOCATION]. This is related to Order Request ID [TICKET ID]."
Active Directory,"Hi, [NAME] is telling me they can't log into my computer at all — they just get blocked every time they try. Could someone take a look and get that access sorted out?"
Active Directory,"Hey, I need to request access to [LOCATION] for our IT team — the site address is [ADDRESS], Americas region. Could someone get that set up?"
Active Directory,"Hi, I need a new user account created for a new employee with username [USERNAME], including corporate network access and an email account. This is for location ID 13413 — [LOCATION]. Please let me know if you need anything else."
Active Directory,"Hi, I'm having some trouble with access — could someone help me out? I'm not sure who else to contact."
Active Directory,"Hi, I need a new Windows user account set up for someone, including an Exchange email, Skype, and the standard file share access. Could you get that going when you have a chance?"
Active Directory,"Hi, I need to request that [NAME]'s user account and all associated access be cancelled. Please let me know once that's been taken care of."
Active Directory,"Hello, could you please cancel a user account and make sure all their access is revoked? It needs to be done as soon as possible. Thanks."
Active Directory,"Hey, I need a brand new Windows account set up for someone — they'll need an Exchange email, Skype, and access to the standard file shares. Can you help get that created?"
Active Directory,"Hi, we have an employee who has left the company and I need their Windows and email accounts deleted, all system access revoked, and their hardware returned. Could you please handle the full offboarding process?"
Active Directory,"Hi, [NAME]'s AD account keeps getting disabled and it's becoming a real problem — they're getting locked out repeatedly and can't get any work done. Could someone look into why this keeps happening and fix it?"
Active Directory,"Hi, [NAME] is getting a login failure every time they try to sign into their Microsoft account and can't get in at all. Could someone help figure out what's going on?"
Active Directory,"Hi, I need to get a new Windows account set up for someone — they'll need email through Exchange, Skype, and access to the standard file shares. Could you help get all of that provisioned?"
Active Directory,"Hey, could you please create a new Organizational Unit called 'West' in Active Directory? Let me know if you need any additional details."
Active Directory,"Hi there, I'm having trouble accessing some systems — it looks like my access may have been restricted or blocked. Could you look into releasing it for me? I need to get back in as soon as possible."
Active Directory,"Hi, it looks like a user account has been blocked and they can't log in. Could someone take a look and get it sorted out? They need access urgently."
Active Directory,"Hey, I need help getting the profile configured for [NAME] — could someone take a look and make sure everything is set up correctly on their account?"
Active Directory,"Hi, could you check [LOCATION] for OneDrive? It's related to [SERVER]-TEST — want to make sure everything is set up properly there."
Active Directory,"Hi team, we have an employee who is leaving the company and I need their account cancelled and all access revoked. Please let me know if you need any details to get this processed."
Active Directory,"Hi, my account seems to be blocked and I can't log in at all. I'm not sure what happened — could someone please unblock it? I need access to do my work."
Active Directory,"Hi, I need to request that the account for [NAME] [NAME] be blocked and cancelled. Could you please take care of that when you get a chance?"
Active Directory,"Hello, I need a Light (external) user account created with email access and basic system permissions. Could you get that set up for me? Let me know what information you need."
Active Directory,"Hey, it looks like a group that should be in Active Directory is missing — I can't find it anywhere when I search. Could someone check on this and add it back if it was removed by mistake?"
Active Directory,"Hi, I need to get a user account set up to mirror another existing user's permissions and access — basically make it match exactly. Can you help with that?"
Active Directory,"Hi there, I need to have a system deleted and fully removed. Could someone handle this when possible? Happy to provide more details if needed."
Active Directory,"Hi, I need to get some machines joined to the domain — could you help get them connected? Let me know what you need from me to move forward."
Active Directory,"Hi, could you please deactivate the following email address: [EMAIL]? The account is no longer needed and should be disabled. Thanks!"
Active Directory,"Hi, we have a new employee starting soon and need to get them set up with a Windows account, email, Skype, and access to the standard file shares. Could you help get that all created? Thanks!"
Active Directory,"Hey, I just got a new computer and need help getting it set up. Can someone assist?"
Active Directory,"Hi there, we need to cancel a user's account and make sure all their access is revoked. Please let me know what information you need from me to get this done."
Active Directory,I'm locked out of my account and can't log in at all — can someone please unlock it as soon as possible? I need to get back to work!
Active Directory,"Olá, preciso que meu acesso seja liberado. Estou sem conseguir entrar no sistema. Podem me ajudar?"
Active Directory,"Hi, we have a third-party consultant who is being denied access to our systems and they need to get in to do their work. Could someone look into why their access isn't working and get it sorted out? Thanks."
Active Directory,"Hi team, we have an employee who is leaving and we need to get their offboarding taken care of — that means deleting their Windows and email accounts, revoking access to all systems, and arranging for their hardware to be returned. Please let me know what you need from me to move this forward."
Active Directory,"Hi, this is regarding ticket SR272002 — [NAME] at [COMPANY] has recently gotten married and needs their name updated in the system. The new name is [NAME]. Could you please make that change? Thanks!"
Active Directory,"Hello, we need to cancel a user account and revoke all of their access. Can you please take care of this?"
Active Directory,"Hi, I have a new team member joining and they'll need a Windows account set up along with email, Skype, and the standard file share access. Can you get that created for them? Let me know if you need any additional details."
Active Directory,"Hi, I need to get a new email address set up. Could someone help me with that?"
Active Directory,"Hi, I need to reset my password — I can't get into my account. Can you help?"
Active Directory,"Hi, the account for [EMAIL] is locked out and they can't log in. Could someone please unlock it right away? They need access urgently."
Active Directory,"Hi, I need help with something related to [COMPANY] at [LOCATION] on [SERVER]. Could someone reach out so I can explain what's needed?"
Active Directory,"Hi, I'm putting in a request to set up a basic user account for [USERNAME], that's [NAME] over at [COMPANY] in [LOCATION]. Could you get that created? Thanks!"
Active Directory,"Hi, just a heads up that [NAME] from [COMPANY] at [LOCATION] will be leaving the company on 28/12/2017. Could you please take care of the offboarding on your end? Thanks!"
Active Directory,"Hey, I'm having trouble getting access to something and need help. Could someone look into this for me?"
Active Directory,"Hi there, it looks like there's a GPO missing for [LOCATION] at [ADDRESS] — could someone take a look and get that sorted out?"
Computer-Services,"Hey, could someone help me get a printer installed on my computer? I'm not sure how to do it myself. Thanks!"
Computer-Services,"Hi, I need some help — my personal external [LOCATION] drive is locked and I can't access it. Is there any way you can unlock it for me?"
Computer-Services,I'm having some issues with the label printer — it doesn't seem to be working properly. Could someone come take a look at it?
Computer-Services,"Hi, I need a new printer driver installed on my machine. Could someone help me get that set up?"
Computer-Services,"Hey, I'm having trouble connecting to the network printer and can't figure out what's wrong. Could someone help me get it working?"
Computer-Services,I can't seem to print to the new copier in KIM — whenever I try to send a print job nothing happens. Can someone help me get it set up on my computer?
Computer-Services,"Hi, we have a new printer that needs to be installed in [NAME]'s office. Could someone come by and take care of that when they get a chance?"
Computer-Services,"Hey, I need help getting a parallel printer installed — could someone assist me with the setup?"
Computer-Services,"Hi, could someone update the names listed on the Shakopee copier? They need to be changed and I don't have access to do it myself."
Computer-Services,"The Brother BEE T01 printer is throwing an error — the display is showing messages about replacing parts and something about the drum. It's not printing at all, so could someone come take a look?"
Computer-Services,Good morning! I'm having a problem with the printer at [LOCATION] — it's not showing up as available on my machine and I can't print anything. Could someone help me get it back online?
Computer-Services,"Hey, I'm having trouble with the shared scanner — it doesn't seem to be working right. Could someone come check it out?"
Computer-Services,"Hi, could someone come by and reinstall the scanner? It's not being recognized anymore and I need it up and running as soon as possible."
Computer-Services,"Hey, the printers here aren't working properly — not sure what happened but they seem to be malfunctioning. Can someone take a look?"
Computer-Services,The printer in the Building 6 Fishbowl isn't working. Can someone come check it out? A few of us are trying to use it and it's not responding.
Computer-Services,I keep getting a printing error whenever I try to send something to the printer. It just won't go through — can you help?
Computer-Services,"Hi, the [SERVER] seems to be malfunctioning. Can someone take a look at it as soon as possible?"
Computer-Services,I'm getting a printing error and can't seem to get anything to print. I've tried a couple of times but it keeps failing — could someone help me figure out what's going on?
Computer-Services,The printer has a paper jam and I can't clear it. I tried following the usual steps but it's still stuck — could someone come take a look?
Computer-Services,"Hey, I've noticed that whenever I undock my laptop and try to use it on its own, it loses the network connection entirely. It works fine when it's in the docking station, but the moment I take it out, no internet or network access at all. Can someone help me fix this?"
Computer-Services,"Hi, I'm seeing a fuser error on [SERVER] and it's not printing at all. Can someone come take a look? It seems like a hardware issue."
Computer-Services,"Hi there, could someone help me get a printer installed on my computer? I'm not able to add it on my own and I need it set up to get my work done."
Computer-Services,"Hey, could someone add a label printer for me? I need it installed so I can start printing labels — let me know if you need any more details."
Computer-Services,"Hi, I need help getting the Longavi multifunction printer installed. Could someone come by and set it up? I haven't been able to get it working on my own."
Computer-Services,"Hi there, could someone help me get a scanner installed? I need it set up on my computer but I'm not sure how to do it myself."
Computer-Services,"The printer isn't working right — I'm not sure exactly what's wrong, but something's off and my jobs aren't printing correctly. Can someone come have a look?"
Computer-Services,"Hi, I need the printers [SERVER] and 03 installed on my computer. Could someone help me get both of them set up? I haven't been able to add them on my own."
Computer-Services,"Good afternoon! I'd like to get a printer set up on my computer — it's a RENA printer, the [COMPANY]elo Enveloper Imager 2.5. We use it specifically for printing on seed packets. Could someone help me get it installed? Thanks so much!"
Computer-Services,Good morning! I was hoping someone could help me get the SHARP printer installed on my laptop. Thanks in advance!
Computer-Services,"Hi, could someone help me get a printer installed on my computer? I'm not sure how to set it up myself. Thanks!"
Computer-Services,"Hey, I'm having some trouble with scanning — it doesn't seem to be working properly. Could someone take a look and help me figure out what's going on?"
Computer-Services,"Hi there, I need to get the scanner driver installed on the computer in the potting room. Could someone come by and take care of that when they get a chance?"
Computer-Services,"Hello, I need a parallel printer installed — could someone help me get that set up? Let me know what you need from me."
Computer-Services,I'm having trouble printing — every time I try to print something nothing happens. I'm not sure if it's the printer or my computer but I can't get anything to come out. Can someone help?
Computer-Services,"Hi, I need a printer installed on [SERVER]. Could someone help get that set up when you have a moment? Thanks!"
Computer-Services,Hello! I need help getting a printer installed and also getting access to Discoverer. Could someone assist me with both of those? Thanks!
Computer-Services,"Hi, I need a program installed on my computer and also need the printer drivers updated. Could someone help me get both of those sorted out?"
Computer-Services,"Hi, I have a computer-related issue involving [NAME] — could someone from IT reach out to help get this sorted? Thanks!"
Computer-Services,"Hey, I think my printer driver needs to be updated — I've been having some issues and I think that might be the cause. Could someone help me get it updated?"
Computer-Services,"Hi there, my printer needs some adjustments — something isn't quite right with how it's set up. Could someone come take a look and get it sorted out?"
Computer-Services,I'm having a problem with the Zebra printer over in Basic Seed — it's not working right and I could really use some help getting it fixed. Could someone come take a look?
EOL,"Hi team, we need to decommission [SERVER] from Nexthink. This includes removing the system from Nexthink, checking and cleaning up any IP reservations, and notifying the network team so they can remove the associated firewall rules. Please let me know if you need any additional details to get this done."
EOL,"Hi team, we need to decommission [SERVER] — can you go ahead and remove it from Nexthink, check whether there are any IP reservations to clean up, and let the network team know to pull the firewall rules?"
EOL,"Hey, could you handle the decommission of [SERVER] from Nexthink? That includes removing the system, reviewing any IP reservations, and coordinating with the network team to get the firewall rules removed."
EOL,"[SERVER] is being decommissioned — please remove it from Nexthink, check for any lingering IP reservations, and notify the network team so they can take care of the firewall rules on their end."
EOL,"Hi there, we're retiring [SERVER] and need the full decommission taken care of. Can you remove it from Nexthink, verify IP reservations are cleared, and flag the network team to remove any associated firewall rules?"
EOL,"Can you kick off the decommission process for [SERVER]? Needs to be removed from Nexthink, IP reservations checked, and the network team should be looped in to remove the firewall rules."
EOL,"Hey, [SERVER] is ready to be decommissioned. Please go ahead and remove it from Nexthink, double-check any IP reservations tied to it, and reach out to the network team about cleaning up the firewall rules."
EOL,"Hi, we're looking to fully decommission [SERVER] — please remove it from Nexthink, check on any IP reservations that might still be active, and make sure the network team knows to remove the relevant firewall rules."
EOL,"This is a request to decommission [SERVER] from Nexthink. Could you take care of removing the system, reviewing IP reservations, and notifying the network team to remove the firewall rules? Thanks!"
EOL,"Hey team, [SERVER] needs to come down — can you handle removing it from Nexthink, checking any IP reservations associated with it, and getting word to the network team to drop the firewall rules?"
EOL,"We're decommissioning [SERVER] and need a few things handled: removal from Nexthink, a check on any IP reservations, and a heads-up to the network team to remove the firewall rules. Thanks in advance!"
EOL,"Hi, can you please process the decommission for [SERVER]? That means removing it from Nexthink, checking for any IP reservations to release, and notifying the network team to clean up the firewall rules."
EOL,"Hey, just flagging that [SERVER] is due for decommission. Please remove it from Nexthink, confirm any IP reservations are addressed, and loop in the network team to get the firewall rules taken out."
EOL,"[SERVER] is being taken offline and needs to be fully decommissioned. Can you remove it from Nexthink, sort out any remaining IP reservations, and let the network team know to remove the firewall rules?"
EOL,"Hi there! We need to decommission [SERVER] — please remove it from Nexthink, check if there are any IP reservations still assigned to it, and coordinate with the network team to get those firewall rules removed."
EOL,"Can you help wrap up the decommission of [SERVER]? The main things are getting it removed from Nexthink, clearing any IP reservations, and notifying the network team so they can remove the firewall rules on their side."
EOL,"Hi, we need to retire [SERVER] — can you please remove it from Nexthink, check if there are any IP reservations that need to be cleared, and let the network team know to pull the firewall rules for it?"
EOL,"Hey, [SERVER] is being decommissioned. Could you take care of removing it from Nexthink, check on any IP reservations tied to it, and give the network team a heads-up to remove the firewall rules?"
EOL,"We're retiring [SERVER] and need it fully cleaned up — please remove it from Nexthink, check for any IP reservations, and make sure the network team removes the associated firewall rules."
EOL,"Hi there, [SERVER] is end-of-life and needs to be decommissioned. Can you remove it from Nexthink, verify any IP reservations are cleared, and notify the network team to remove the firewall rules?"
EOL,"Could you help decommission [SERVER]? It needs to be removed from Nexthink, any IP reservations should be checked and cleaned up, and the network team will need to be notified to drop the firewall rules."
EOL,"Hey, we're taking [SERVER] offline for good. Please go ahead and remove it from Nexthink, sort out any lingering IP reservations, and loop in the network team to get the firewall rules removed."
EOL,"Hi, requesting decommission of [SERVER] — needs to come out of Nexthink, IP reservations should be reviewed and cleaned up, and the network team should be asked to remove the firewall rules."
EOL,"We need to fully decommission [SERVER]. Can you remove it from Nexthink, make sure any IP reservations are cleared, and reach out to the network team about removing the firewall rules?"
EOL,"[SERVER] is being retired and I'd like to get the decommission process started. Please remove it from Nexthink, check any IP reservations tied to it, and notify the network team to clean up the firewall rules."
EOL,"Hey, can you kick off the decommission for [SERVER]? That means removing it from Nexthink, checking if any IP reservations are still active, and letting the network team know to remove the firewall rules."
EOL,"Hi, we're ready to decommission [SERVER]. Please remove the system from Nexthink, review any IP reservations, and coordinate with the network team to get the firewall rules taken down."
EOL,"Requesting that [SERVER] be fully decommissioned — can you remove it from Nexthink, check on any IP reservations that might still be in place, and notify the network team to remove the firewall rules?"
EOL,"Hey, [SERVER] is no longer in use and needs to be properly decommissioned. Could you remove it from Nexthink, clean up any IP reservations, and make sure the network team pulls the firewall rules?"
EOL,"Hi there, please decommission [SERVER] — it needs to be removed from Nexthink, any IP reservations should be checked and released, and the network team should be notified to remove the firewall rules."
EOL,"We're shutting down [SERVER] permanently and need the full decommission done. Please remove it from Nexthink, take care of any IP reservations, and get the network team to remove the firewall rules on their end."
EOL,"Hi, we're retiring [SERVER] and need it fully removed from Nexthink. Can you also check if there are any IP reservations tied to it and loop in the network team to clean up the firewall rules?"
EOL,"Hey, [SERVER] is being decommissioned — could you take it out of Nexthink, verify any IP reservations are cleared, and let the network team know to pull the associated firewall rules?"
EOL,"We need to decommission [SERVER]. Please remove it from Nexthink, check for any IP reservations that need to be released, and notify the network team to remove the firewall rules on their end."
EOL,"Hi there, [SERVER] is being retired and I need help with the cleanup — specifically removing it from Nexthink, freeing up any IP reservations, and getting the network team to drop the firewall rules."
EOL,"Can you kick off the decommission process for [SERVER]? That means pulling it from Nexthink, checking on any reserved IPs, and having the network team remove the firewall rules when you get a chance."
EOL,"Hey, we're shutting down [SERVER] and need the usual decom steps done — remove it from Nexthink, check the IP reservations, and ping the network team to clear out the firewall rules."
EOL,"Hi, please go ahead and decommission [SERVER] from Nexthink. Also make sure any IP reservations tied to it are cleaned up and that the network team is notified to remove the firewall rules."
EOL,"We're taking [SERVER] offline for good. Could you handle removing it from Nexthink, sorting out any IP reservations, and coordinating with the network team on the firewall rules?"
EOL,"Hi, [SERVER] is end-of-life and ready to be decommissioned. Please remove it from Nexthink, check for any lingering IP reservations, and give the network team a heads-up to remove the firewall rules."
EOL,"Hey there, can you decommission [SERVER] from Nexthink? While you're at it, please verify there are no active IP reservations and let the network team know the firewall rules for that server need to come down."
EOL,"We're ready to fully retire [SERVER] — please remove it from Nexthink, clear any IP reservations associated with it, and coordinate with the network team to get the firewall rules removed."
EOL,"Hi, I need [SERVER] decommissioned. Can you remove it from Nexthink, double-check any IP reservations that might still be active, and reach out to the network team to take down the firewall rules?"
EOL,"Hey, [SERVER] is being decommissioned — please handle the Nexthink removal, confirm IP reservations are freed up, and make sure the network team knows to remove the firewall rules on their side."
EOL,"Could you take care of decommissioning [SERVER]? We need it removed from Nexthink, any IP reservations cleaned up, and the network team notified to pull the firewall rules for that server."
EOL,"Hi, please process the decommission for [SERVER] — remove it from Nexthink, check that no IP reservations are still attached, and loop in the network team so they can remove the associated firewall rules."
EOL,"Hi, we need to decommission [SERVER] — can you remove it from Nexthink, check if there are any IP reservations that need to be cleared, and let the network team know to pull the firewall rules for it? Thanks."
EOL,"Hey, could you take care of decommissioning [SERVER] from Nexthink? That includes removing the system, checking on any IP reservations, and getting the network team to remove the associated firewall rules."
EOL,"We're retiring [SERVER] and need it fully decommissioned from Nexthink. Please remove it from the system, verify any IP reservations are cleaned up, and coordinate with the network team to drop the firewall rules."
EOL,"Hi there, can you handle the decommission of [SERVER] in Nexthink? We'll need the system removed, IP reservations checked, and the network team notified to take out the firewall rules on their end."
EOL,"Could someone help decommission [SERVER] from Nexthink please? This includes removing the system entry, checking for any lingering IP reservations, and making sure the network team removes the firewall rules."
EOL,"We need to decommission [SERVER] from Nexthink — please remove the system, check whether there are any IP reservations tied to it, and ping the network team to clean up the firewall rules."
EOL,"Hi, [SERVER] is being retired and needs to be decommissioned in Nexthink. Can you remove it, check the IP reservations, and reach out to the network team about pulling the firewall rules? Appreciate it."
EOL,"Hey, we're decommissioning [SERVER] and need the Nexthink entry removed, any IP reservations reviewed, and the network team looped in to remove the firewall rules. Can you take care of that?"
EOL,"Please decommission [SERVER] from Nexthink — remove the system, double-check any IP reservations that might still be active, and notify the network team to remove the firewall rules associated with it."
EOL,"Hi, can you help with decommissioning [SERVER] from Nexthink? We need the system removed, IP reservations checked, and the network team notified to take down the firewall rules."
EOL,We're sunsetting [SERVER] and need it removed from Nexthink. Could you check the IP reservations as well and let the network team know to clear out the firewall rules? Thanks.
EOL,"Hey, can someone kick off the decommission process for [SERVER] in Nexthink? Need the system removed, IP reservations reviewed, and the network team brought in to handle the firewall rule cleanup."
Fileservice,"Hi, I was hoping to get permissions set up on the R drive — could someone take a look at that for me? Thanks."
Fileservice,"Hey, could you grant me read and write access to the J:/CDC-C file share? I need to be able to open and save files there for my work. Thanks!"
Fileservice,"Hi there, I'd like to request a new user account to be created. Could someone help get that set up? Please let me know if you need any additional details from me."
Fileservice,"Hi, could you please give me read-only access to the file share at j:/PDW/TargetDB/? I need to be able to view the files there but don't need to make any changes. Thanks!"
Fileservice,"Hello, could you please set up full access on the J:/[SERVER] share for [NAME]-Weiss? She needs to be able to read and write to that folder. Thank you!"
Fileservice,"Hi there, I need read/write access to the J:[COMPANY]-TC file share. Could you get that set up for me when you get a chance? Thanks."
Fileservice,"Hey, could you grant me access to the server at [URL]? I need to be able to create and edit temp files there. Let me know if you need anything else from me."
Fileservice,"Hi, I'm hoping to get read-only access to a few folders on the J: drive — specifically J:/KALENDER, J:/Prüfprotokolle, and J:/Thermographie. I just need to be able to view the contents. Thanks in advance!"
Fileservice,"Hi there, I need access to some folders on the server but I'm currently unable to open them. Could someone help me get the right permissions set up? Please let me know what info you need from me."
Fileservice,"Hello, could you give me read-only access to the J:/FAQ BTR_HR folder? I just need to look things up in there and won't need to edit anything. Thanks!"
Fileservice,"Hi, I'd like to request access to a file share but I'm not sure who to ask. Could someone get in touch with me to sort out the details and get me the access I need? Thanks!"
Fileservice,"Hey, I need read/write access to J:/CE-STA/ please. Also, if that folder doesn't exist yet, could you create it as well? Appreciate the help!"
Fileservice,Good morning! I was wondering if you could please grant me read/write access to a shared drive folder. Could someone reach out so I can provide the details? Thank you very much!
Fileservice,"Hi, could you please set up read/write access for me on the J: drive? I need access to a few specific folders — I can follow up with the exact folder names if needed. Thanks!"
Fileservice,"Hey, I need read/write access to the j:/stundenbuecher folder on the J: drive. Could you get that sorted out for me? Thanks a lot!"
Fileservice,"Hi there, could you please grant me read/write access to the J:/E-CAD folder? I need to be able to open and edit files in there. Thanks!"
Fileservice,"Hello, we have a new apprentice, [NAME], who needs access to a shared folder on [SERVER]. Could you please set up the appropriate read/write permissions for them? Let me know if you need any additional details."
Fileservice,"Hi, I need a new user account set up — could someone help get that process started? Please let me know what information you need from me and I'll send it right over. Thanks!"
Fileservice,"Hi, I'm trying to access the J: drive from my notebook but I can't get it to connect. Could someone help me get that set up?"
Fileservice,"Hey, could I get read/write access to a few folders on the J: drive? I need access to j:/MAZ-MATE, j:/MAZ-MB, j:/MBCALC, j:/MBDATA, and j:/Transfer. Thanks!"
Fileservice,"Hi there, I need read/write access to N:/[SERVER]/STA-PGRO, including all the subfolders underneath it. Could you please set that up for me?"
Fileservice,"Could you grant me read/write access to J:/CE-STA/ please? Also, if that folder doesn't exist yet, could you create it? Thanks in advance!"
Fileservice,"Hi, I need read/write access to a few folders on the J: drive — specifically J:/GE-SB, J:/MolTec, and J:/Geldokumentation. Could you set that up for me when you get a chance?"
Fileservice,"Hi, I'd like to request access to a file share. Could someone reach out to me to get the details sorted? Thanks."
Fileservice,"Hello, I need read/write access to J:/LTR and J:/Projekte, and I also need to be added to the AD group Project_Manager_TP in [LOCATION]. Could you help with all of that?"
Fileservice,"Hi, could you please grant me read/write access to N:/[SERVER]/STA-LEM, N:/[SERVER]/STA-CAM, and N:/[SERVER]/STA-[LOCATION]? Thanks!"
Fileservice,"Hey, I need read/write access to J:/[COMPANY]/IT. Could someone get that set up for me? Thanks."
Fileservice,Good afternoon! Could you please give me access to [NAME]'s folder? He reached out to me directly and said it was fine — happy to forward the email if needed. Thanks so much!
Fileservice,"Hi, I need read/write access to the SB-PM folder under Groups on the J: drive. Could you set that up for me when you have a moment?"
Fileservice,"Hello, I need access to a file server set up for me — the path starts with //[COMPANY]. Could someone please take care of that? Let me know if you need more details."
Fileservice,"Hi, could you give me read/write access to j:/[NAME] on the J: drive? Thanks!"
Fileservice,"Hey, I should have access to J:/ZR-VVM but I don't think I'm able to get in. Could you check my permissions and make sure I have read/write access? Thanks."
Fileservice,"Hi there, could you set up read/write access for me to J:/[NAME], J:/[SERVER], J:/Mailings, and J:/Mailingversand? Appreciate the help!"
Fileservice,"Hi, I need to request login access for [LOCATION] — could someone please help me get that set up?"
Fileservice,"Hey there, I need to request access to a file share. Could someone please get me set up with the right permissions?"
Fileservice,"Hi, I need access to the J:SVT/WST folder — I've been trying to open some files there but keep getting a permissions error. Could you grant me read/write access please?"
Fileservice,Could you please give me read/write access to L:/CS? I need to be able to open and save files there for my work.
Fileservice,"Hi, I'm trying to access the J:/ZR-VVM folder but I don't seem to have permissions. Could you please grant me read/write access to that share?"
Fileservice,"Hey, I need read/write access to J:/MA-BD — I can see the folder but can't open or edit anything in it. Can someone sort out my permissions?"
Fileservice,"Hi, I need read/write access to J:/MarkerDB — I work with the Marker Database and currently can't get in. Could you please grant me the necessary permissions?"
Fileservice,"Hello, could I please get read-only access to J:/FAQ BTR_HR? I just need to be able to look things up in there, no need to edit anything."
Fileservice,"Hi, I need read/write access to a few folders on the N: drive — specifically N:/[SERVER]/STA-LEM, N:/[SERVER]/STA-CAM, and N:/[SERVER]/STA-[LOC. Could you please get those permissions sorted for me?"
Fileservice,"Hey, could you please grant me read/write access to J:/Scan? I need to be able to save files there but I'm getting a permissions error when I try."
Fileservice,"Hi, I need read/write access to j:/scan/canon/udej — I can't save anything to that folder right now. Can you update my permissions please?"
Fileservice,"Hello, I need read/write access to N:/[SERVER]/STA-[LOCATION], including all the subfolders underneath it. Could you please make sure that's set up fully?"
Fileservice,"Hi there, could you please set up read/write access for me on J:/[COMPANY]/? I'll need access to all the subfolders in there as well, thanks."
Fileservice,"Hey, I need full read/write access to N:/[SERVER]/STA-LEM including all subfolders — I was trying to save a file there earlier and got an access denied error."
Fileservice,"Hi, this is a follow-up to ticket TCK85637 regarding my file access — it looks like the issue wasn't fully resolved and I'm still having problems. Could someone please take another look?"
Fileservice,"Hi, could you please set me up with access to LVS? I need it for my work but I'm not able to get in at the moment. Thanks!"
Fileservice,"Hello, I'd like to request a new user account to be created for me. Could someone help get that set up when you have a chance? Thanks in advance!"
Fileservice,"Hi there, could you give me read-only access to the J:/FAQ BTR_HR folder on the network drive? I just need to be able to view the files in there. Thanks!"
Fileservice,"Hey, could someone grant me read and write access to the J: drive? I need to be able to open and save files there for my work. Thanks!"
Fileservice,"Hi, I need read/write access to a few folders on the N: drive — specifically N:/[SERVER]/STA-LEM, N:/[SERVER]/[USERNAME], and N:/[SERVER]/STA-P. Could you help get those permissions set up for me? Thanks!"
Fileservice,"Hello, could I get read-only access to the following folders on the J: drive: J:/Arbeigtschutzunterweisungen, J:/Bioinf, J:/Biotic-Stress, and the J: drive root? I just need to view files in those locations. Thanks!"
Fileservice,"Hi, I'm hoping to get read/write access to the GROUPS J:/MA-PRICING folder. Could someone sort out those permissions for me when possible? Thanks!"
Fileservice,"Hi there, could you help me get a new user account set up? Please let me know if you need any additional details from me. Thanks!"
Fileservice,"Hey, I need read/write access to J:/MarkerDB — I'm working with the Marker Database and can't get into the folder at the moment. Could someone grant me access as soon as possible? Thanks!"
Fileservice,"Hello, I'd like to put in a request for a new user account. Could someone get that started for me? Let me know if you need anything else from my end!"
Fileservice,"Hi, could you please create a new user account for me? Thanks so much for your help!"
Fileservice,"Hey, I need read/write access to several folders on the J: drive: J:/CLC-Server, J:/CS-MED, J:/Geldokumentation, and J:/MOL_Service. Could you get those permissions sorted out for me? Thanks!"
Fileservice,"Hi there, could I get read/write access to the J:/Topf- und Substratbestellungen folder on the network drive? I need to be able to add and edit files in there. Thanks!"
Fileservice,"Hey, I need access to the J:/CONSTRUCTION folder — I need to be able to read and write files there for a project I'm working on. Could someone sort out the permissions? Thanks!"
Fileservice,"Hi, could you please grant me read/write access to the J:/LSB Deutschland folder on the network drive? I need to be able to work with the files in there. Thanks in advance!"
Fileservice,"Hi, could you please set up R drive access for one of our team members? They need to be able to get into it for their work but currently don't have permissions."
Fileservice,"Hi there, we have a new person starting and they'll need a user account set up. Could you help get that sorted out for them?"
Fileservice,"Hey, I'm having that same problem again where I can't access folders on the J: drive, specifically the PatosCaros server folder. Could you please set me up with the same access as [NAME] [NAME] ([EMAIL])? Thank you so much in advance!"
Fileservice,"Hi, I need to request access to a file share — could someone help me get that set up? Please let me know if you need any additional details from me."
Fileservice,"Hi there, could you please remove a user's access from a specific file share? They no longer need it and we'd like to get that taken care of."
Fileservice,"Hi, could you give me read and write access to the J:/Topf- und Substratbestellungen folder on the J: drive? I need to be able to open and edit files in there. Thanks!"
Fileservice,"Hello, we have a new team member joining and they're going to need a user account created. Could you please get that set up for them when you get a chance?"
Fileservice,"Hi, I need read/write access to J:/CE-STA/ please — and if that folder doesn't exist yet, could you create it as well? Thanks a lot!"
Fileservice,"Hi there, could you please grant me read and write access to J:/ÖFZFOX/MOM-OSR? I need to be able to work with files in that folder. Thanks!"
Fileservice,"Hello, we have a new starter who needs a user account set up. Could you please get them created in the system when you have a moment?"
Fileservice,"Hey, could you set me up with read/write access to the J:/GMO-DECLARATIONS_MA folder? I need to be able to view and edit files in there for my work. Thanks!"
Fileservice,"Hi, I just need read-only access to J:/ZR_MAS on the J: drive — I don't need to edit anything, just be able to open and view the files. Could you sort that out for me? Thanks."
Fileservice,"Hi there, could you please grant me read and write access to both J:/Stundenbuecher and J:/WST-ALLG? I need to be able to open and save files in both of those folders. Thanks so much!"
Fileservice,"Hello, I also need read/write access to J:/ÖFZFOX/MOM-OSR please — could you set that up for me so I can view and edit files in that folder? Thanks!"
Fileservice,"Hi, I'm putting in a request regarding a computer at BD[LOCATION] — could someone look into this and get back to me with next steps? Thanks."
Fileservice,"Hi, I'd like to request access to a file share — could someone help get that set up for me? Please let me know if you need any additional details."
Fileservice,"Hey, I need read and write access to a couple of shared folders on the J: drive — specifically J:[COMPANY]_[COMPANY] and J:IT-ILV, as well as the app22 share. Could someone grant me permissions? Thanks!"
Fileservice,"Hi there, I'm trying to access the Z folder (Obers) but I don't seem to have permissions. Could you get me access to that? Thanks."
Fileservice,"Hello, could you please create a new folder for me on the J: drive? The folder should be set up under [SE. Let me know if you need anything else from me to get that done."
Fileservice,"Hi, I need read and write access to the J:/LTR folder on the shared drive. Could someone sort that out for me? Thanks!"
Fileservice,"I'm having a weird issue — when I'm connected through VPN, I can't access my R: drive the normal way. The only way I can get to it is by typing in the IP address directly. Is there a fix for this?"
Fileservice,"Hey, could I get read and write access to J:/scan/canon/ningel on the file share? Thanks in advance."
Fileservice,"Hi, I need to be granted read/write access to the [SERVER]-FINANCE-RW file share. Could you set that up for me when you get a chance? Thanks."
Fileservice,"Good morning! Could you please create a 'Stock Report' folder inside the Groups J drive under the Laboratory section, and grant access to everyone listed on this ticket? Really appreciate the help!"
Fileservice,"Hey, I need read and write access to j:/ins-dv on the shared drive. Could someone set that up for me? Thanks!"
Fileservice,"Hi, I need access to the Marker Database folder at J:/MarkerDB — read and write permissions if possible. Could you get that sorted for me? Thanks."
Fileservice,"Hello, could I please get read and write access to J:/[COMPANY]/HR on the file share? Let me know if you need anything else. Thanks!"
Fileservice,"Hi there, I need access to the ZET-PW folder on the J: drive. Could you grant me read and write permissions? Thanks!"
Fileservice,"Hey, I need read and write access to J:/CE-STA/ — and if that folder doesn't exist yet, could you create it too? Thanks so much!"
Fileservice,"Hi, I'm trying to access the shared folder at //[COMPANY]ads.dir/[COMPANY]ein01-ems01/[LOCATION] but I don't have permissions. Could someone grant me read and write access? Thanks!"
Fileservice,"Hi, could you please give me read/write access to the file share at N:/share_/Döbbert? I need to be able to save files there. Thanks!"
Fileservice,"Hey, I need read/write access to a few folders on the J: drive — specifically J:/INS-ZR, J:/INS-ZRMO, J:/INS-ZRRP, and J:/ZR_MAS. Could you set that up for me please?"
Fileservice,"Hi there, could you grant me read/write access to J:/FW-PA_FB? I need to be able to edit files in that folder. Thanks in advance!"
Fileservice,"Hello, I need read/write access to N:/[SERVER]/STA-CAM, including all subfolders underneath it. Could you set that up for me? Thanks!"
Fileservice,"Hi, could you please grant me read/write access to N:/[SERVER]/STA-LEM and all of its subfolders? I need full access to everything in there. Appreciate it!"
Fileservice,"Hey, could you give me read/write access to the [SERVER]-[SERVER] file share? I need to be able to access and edit files there. Thanks!"
Fileservice,"Hi, I'd like to request a new user account to be set up please. Could someone help get that sorted? Thanks!"
Fileservice,"Hi there, I need access to a folder at N:/MA55/ — I don't think it exists yet, so could you create it and give me read/write permissions? Thanks so much!"
Fileservice,"Hello, could you please grant me read/write access to J:/CE-STA/? If that folder doesn't exist yet, could you create it as well? Really appreciate the help!"
Fileservice,"Hi, could you help me get a new user account set up? Please let me know if you need any additional information from me. Thanks!"
Fileservice,"Hey, I need read/write access to two folders on the J: drive — J:/[COMPANY] SB International and J:/ALS coordination. Could you sort that out for me? Thanks!"
Fileservice,"Hi, could you please give me read/write access to J:/[USERNAME]? I need to be able to read and save files in that folder. Thanks!"
Fileservice,"Hi there, I need to request access to a file share. Could someone help me get the right permissions set up? Thanks!"
Fileservice,"Hi, I've noticed that some folders I was expecting to see on my J: drive are missing — they're just not showing up anymore. Could you take a look and see what happened? I need access to them for my work."
Fileservice,"Hi team, we'd like to request a new folder on the J: drive called '[LOCATION] - Apportionments'. For editing permissions, we'd need the following people to have editor access: [NAME] ([EMAIL]), [NAME] ([EMAIL]), [NAME] ([EMAIL]), and [NAME] ([EMAIL]). For viewing permissions: [NAME] ([EMAIL]), [NAME] ([EMAIL]), and [NAME] ([EMAIL]). Could you also check which of these people don't currently have access to the J: drive and grant them access as needed? Thank you so much in advance — [NAME]"
Fileservice,"Hi, I need help recovering some files from my computer — I think they may have been lost or deleted and I really need to get them back if possible."
Fileservice,"Hello, could you please set up a new user account? Let me know if you need any additional details from me."
Fileservice,"Hi there, I need to get access to the J:/REPOSITORIO folder, and I also need the DANFEview program installed on my machine. Could you help with both of those?"
Fileservice,"Hey, could you grant me read-only access to the J:/FAQ BTR_HR file share? I just need to be able to view the files in there. Thanks!"
Fileservice,"Hi, I need read and write access to the J:/INS-VW file share please. Could you get that set up for me when you get a chance?"
Fileservice,"Hello, could you please grant me read/write access to the L:/MF file share? I need to be able to save and edit files there. Thank you!"
Fileservice,"Good afternoon, could you please create a shared network folder that everyone can access for storing invoice protocols sent to accounting for posting? I'd need [NAME] and [NAME] (see phone numbers: [PHONE] and [PHONE]) to have full read/write access for data entry, while all other users should have read-only access for consultation. I already have the file ready to put in there but it's too large to attach here. Please let me know once it's set up. Thanks, [NAME]"
Fileservice,"Hi, could you please give me read/write access to the j:/ins-dv file share? I need to be able to create and edit files in that location. Thanks in advance!"
Fileservice,"Hello, I need read/write access to the J:/CE-STA/ folder — and if that folder doesn't exist yet, could you create it as well? Thanks so much!"
Fileservice,"Hey, could you please set me up with read and write access to the j:/stundenbuecher file share? I need to be able to open and save files there. Thanks!"
Fileservice,"Hi, I'm trying to access something but it looks like I don't have the right permissions. Could someone look into releasing access for me? Happy to provide more details if needed."
Fileservice,"Hi there, could you please add [NAME] from [COMPANY] in [LOCATION] to the file share? Their email is [EMAIL]. They'll need read/write access. Thanks!"
Fileservice,"Hello, could you create a new folder on [SERVER] for us? Please let me know if you need any additional details about where exactly it should go or what permissions it needs."
Fileservice,"Hi, I'm working with some Access queries and I need delete permissions on the J:/INS-ZR drive so I can append queries properly — right now it's blocking me because I can't delete the existing files first. Could you update my permissions? Thanks!"
Fileservice,"Hello, we have a new team member starting and need a user account created for them. Could you help get that set up? Let me know what information you need from me."
Fileservice,"Hi, could you please give me read and write access to the J:/ÖFZFOX/MOM-OSR folder on the J drive? I need to be able to open and edit files there. Thanks!"
Fileservice,"Hello, I need read/write access to the J:/RISK-MANAGEMENT (GGR-RIM) file share. Could you get that set up for me when you get a chance? Thanks."
Fileservice,"Hey, could you grant me read and write access to J:/ÖFZFOX/MOM-OSR? I need to be able to work with the files in that folder. Appreciate it!"
Fileservice,"Hi there, could you set me up with read-only access to the J:/ZR_MAS folder? I just need to be able to view the files in there, no need to edit anything. Thanks!"
Fileservice,"Hello, I need read/write access to the J:/CT file share please. Could someone help get that sorted? Thanks."
Fileservice,"Hi, [NAME] is having an issue with the R drive — when she goes to R:/Research/18 Data/18APH/2018APH and tries to copy a folder and rename it to the next date, she gets an error and can't rename it. When she tries to delete the copied folder she gets another error too. The strange thing is no one else seems to have this problem, just her — could someone take a look at her permissions?"
Fileservice,"Hey, could you please give me read/write access to both j:/azubi and j:/AZB Kaufleute on the J drive? I need to be able to work in both of those folders. Thanks!"
Fileservice,"Hi, could you please remove my access from the file share I was previously set up on? I no longer need it. Thanks."
Fileservice,Good morning! I was hoping you could give me access to the J: Marketing folder when you get a chance. I need to be able to get in there for my work. Thanks so much!
Fileservice,"Hi there, I need a new user account set up please. Could someone help get that arranged? Thanks!"
Fileservice,"Hello, could you give me read-only access to J:/FW-B? I just need to be able to view files in that folder. Thanks!"
Fileservice,"Hi, I need to request access to a file share — could someone reach out so we can get the details sorted? Thanks."
Fileservice,"Hey, could you set me up with read/write access to the [SERVER]-RW file share? I need to be able to read and edit files on there. Thanks!"
Fileservice,"Hi, could you please grant [NAME] full read/write access to J:/SB-´BD_beet_contract_analysis? They need to be able to work in that folder. Thanks!"
Fileservice,"Hello, could you please set up read/write access to [SERVER]-FINANCE-RW for me? I need to be able to view and edit files there for my work. Thanks!"
O365,"Hey, OneDrive keeps asking me to sign in over and over again and it's really slowing me down — I can't get to any of the documents I'm trying to work on. Can you help get this sorted out?"
O365,"Hi, I'm not able to access my email at all. Can someone please take a look?"
O365,"I can't see my Outlook Calendar — when I try to open it, nothing shows up. Can you help me get it back?"
O365,"Hi there, I'm having an issue with Skype and need some help getting it working again."
O365,I'm running into problems with both Skype and OneNote — neither one seems to be working properly right now. Could someone take a look at both?
O365,"Hi, is it possible to have attachments automatically removed or stripped from emails that come in from external senders? I'd like to get that set up if we can."
O365,"Hi, I'm reaching out on behalf of Santiago [NAME] — he's not able to log in to Office 365 and needs access restored as soon as possible. Can you help?"
O365,"Hey, Skype has stopped working on several of our computers here and we're not sure what happened. Can someone come take a look or let us know what to do?"
O365,Skype for Business isn't working on my computer — I can't connect or use it at all. Please help!
O365,I've been having a bunch of problems with Outlook lately and it's making it hard to get my work done. Could someone reach out to help me figure out what's going on?
O365,"Good afternoon! I'd like to request a new email address be created for the ESH area to send out communications — something like [LOCATION]Comunica or [LOCATION]Brazil would work. It would need to be accessible from both my machine and [NAME]'s machine. Is that something that can be arranged? Thank you, [NAME]"
O365,"Hi, I have a question about email encryption and need some help understanding how to set it up or use it. Can someone assist?"
O365,I'm having a really frustrating issue where files I'm trying to open from Outlook or the shared drive are taking 4 to 5 minutes to load. It's really slowing down my work — can someone help figure out what's causing this?
O365,I keep getting an error when I try to sign in to Skype for Business and I can't get it to connect. Can you help me get logged in?
O365,"Hi, [NAME] is having two issues — Outlook isn't working at all and there's also no internet connection on their machine. Can someone come by to help as soon as possible?"
O365,"Hi, could you help us get a general shared mailbox set up for our team in Employee Management? We need somewhere the whole team can send and receive emails from."
O365,"Hey, Skype just isn't working for me — I can't get it to open or connect at all. Can someone take a look?"
O365,"Hi there, I'm having some trouble accessing Skype — I think there might be an accessibility issue on my end. Could someone help me figure out what's going on?"
O365,I need some help getting a conference call set up. Could someone assist me with that when you get a chance?
O365,"Hi, could you please set up a new mailbox for me with a couple of alias email addresses attached to it? Let me know if you need any additional details."
O365,Outlook has stopped working for me and I can't get into my email at all. Can someone help me get it sorted out?
O365,"Hello [NAME], could you please set up the following users for [URL] emails the same way [NAME] was configured — so emails are delivered to the portal and the user gets a notification through Flow? I've attached a reference email. Let me know if you have any questions!"
O365,"Hi, I need Visio installed on my computer. Could someone help get that set up for me?"
O365,"Hey, I was hoping to get access to the shared mailbox [EMAIL]. Could someone grant me permissions when you get a chance?"
O365,"Hi, could you please create a shared mailbox for us? Let me know if you need any more details to get it set up."
O365,Skype isn't working for me — I can't access it at all no matter what I try. Can someone look into this?
O365,"Hi, following up on our conversation — I'm still getting that error message in Outlook when trying to forward emails. Could you help get that resolved?"
O365,"Hey, I need a mail alias set up for my account. Could someone take care of that for me when you have a moment?"
O365,"Hi, I need a user to be added so they can receive emails coming in from nfe. Could you get that set up please?"
O365,"Hi, I need access to some email folders but I'm not able to get in right now. Could someone grant me the right permissions?"
O365,"Hi, I can't access the shared mailbox [EMAIL] anymore — not sure what happened but I'm getting an error when I try to open it in Outlook. Reference: [LOCATION] --> [TICKET ID]"
O365,"Hey, Outlook isn't working for me at all today — I can't open it or send any emails. Can someone help me get it back up?"
O365,"Hi there, I'm having trouble getting into Skype — could someone help me get access sorted out?"
O365,"Hi, I'm having an issue with Skype and need some help getting it working again. Can someone take a look?"
O365,"Hey, I need to be able to open my [COMPANY] email on another user's PC — could you help me set that up?"
O365,"Hi, Skype has stopped working on several of our computers here and I'm not sure what's going on. Could someone come take a look or let us know how to fix it?"
O365,"Hi, could you help me change the name of one of our Exchange meeting rooms? I need it updated to reflect the correct name."
O365,"Hi, my OneDrive won't configure properly — it just won't finish setting up no matter what I try. My email and Skype are both working fine, it's just OneDrive. I've attached a screenshot. Can you please help?"
O365,"Hi there, I need some help with the Shakopee Employees distribution list — could someone look into this for me?"
O365,"Hey, I need Skype uninstalled and reinstalled on my computer — it's been acting up and I think a fresh install might fix it. Can someone help with that?"
O365,"Hi, could we get a shared email address set up? We have a team that needs a common inbox to receive messages. Please let me know what info you need from me."
O365,"Hi, I need Skype activated on the profile for [NAME] — it doesn't seem to be enabled yet. Could you get that sorted out?"
O365,"Hi, I need a new user added to our Email User group. Could you help get them set up with access?"
O365,I'm locked out of Skype and can't log in at all — I've tried a few times but it just won't let me in. Can someone help me get back in ASAP?
O365,"Hi, I need access to our team email account in Outlook but I can't seem to get it to show up. Could someone help me get that set up?"
O365,"Hi, we'd like to request a new O365 service account for our printers so they can scan to email. Feel free to update this ticket with any changes needed on the printer side too, like SMTP server, DNS server, SSL settings, or the email address being used."
O365,"Hey, I'm having trouble accessing Skype — I can't get in at all. Can someone take a look?"
O365,"Hi there, could someone help us customize the display names for our generic email addresses? We'd like them to show something more meaningful rather than the default name."
O365,"Hi, I've noticed that when I send emails from the GTC-TR shared mailbox, they're showing up in my personal Sent Items folder instead of the GTC-TR Sent Items. Is there a way to fix this so sent emails stay in the right mailbox?"
O365,Could you please add some users to our existing shared mailboxes? Let me know if you need a list of who needs access to which mailbox.
O365,"Hi! I keep getting prompted to log in to OneDrive when I try to save changes to a file — it doesn't happen every single time, but it's pretty frequent. I thought I wouldn't need to keep signing in while I'm on my work computer connected to the network. Any help would be appreciated, thanks!"
O365,"Hi, some of my emails seem to be missing in Outlook — I'm not sure where they've gone. Can someone help me figure out what happened to them?"
O365,I'm having an issue opening attachments in my email and it keeps showing an error. I've attached a screenshot so you can see exactly what's happening — hopefully that helps!
O365,"Hi, we have an issue with [NAME] — whenever he does a Reply All, he gets a copy of his own sent email back. I think it's related to how his account is set up, possibly as a distribution list. This might also be affecting [NAME], [NAME], [NAME], and [NAME] if they share the same setup with [URL][USERNAME] as the primary email. On top of that, [NAME] appears to be sending emails as @[USERNAME] instead of [EMAIL] — could you look into correcting the sending address as well?"
O365,"Hey, I'm having trouble logging into Skype — I keep running into an error when I try to sign in. I've attached a screenshot showing what I'm seeing."
O365,"Hi, I'm running into some issues with the Teams and Skype integration and wanted to check if someone could look into it. For example, if I'm online in Teams but a colleague is only showing as online in Skype (not Teams), I can't reach them by chat or call at all — is that expected behavior, or is something misconfigured? Thanks, [NAME] — [PHONE] / [PHONE] | [EMAIL]"
O365,"Hi, could you please add a new member to the [COMPANY] Leadership Team email distribution list? Let me know if you need any additional details."
O365,"Hi, I'm having an issue with Skype meeting invitations — could someone take a look and help me get that sorted out?"
O365,"Hi, I need some help with Skype for Business at [LOCATION] — could someone assist?"
O365,"Hi, we need help setting up the [COMPANY] calendar on a personal/private notebook. The person responsible for this is [NAME] — please reach out to them directly if you need any additional information."
O365,"Hi, I was wondering if it's possible to set up email notifications after someone books a slot on my calendar? I'd like to get an alert whenever a meeting is scheduled. Could you help me get that configured?"
O365,"Hey, I need some adjustments made to the shared mailbox [SERVER]. Could someone help me get that updated? Thanks."
O365,"Hi there, could you please create some generic email addresses for the [LOCATION] Procurement team? Let me know if you need any more details from me."
O365,"Hi, I'm having trouble accessing my email inbox — I can't seem to get in. Could someone look into this for me? Thanks."
O365,"Hi, there's a shared Excel file called Protoplast_Exp_Plan_2018 that keeps saying I ([NAME]) have it open, but I really don't — it's been closed on my end. Because of this, no one else can edit the document. Could you please fix this? Thanks so much."
O365,"Hey, I'm having a hard time getting into Skype — I keep running into issues trying to access it. Could someone help me figure out what's going on?"
O365,"Hi, I'm having some kind of problem with Skype and could use some help getting it sorted out. Can someone reach out to me?"
O365,"Hi, I'm having an issue where Word (.doc/.docx) files keep opening as resumes — this seems to be continuing from a previous issue logged at [LOCATION]. Could someone help me get this fixed?"
O365,"Hi, could you please add [NAME] to the Shakopee Employees Distribution List? Thanks so much!"
O365,"Hi, I need to request a change to a user's name and their associated email address. Could someone help process this update?"
O365,"Hi, we started seeing an Outlook error just today and I'm not sure what changed — multiple users at [LOCATION] and [LOCATION] are getting it whenever they click on a Skype conversation history or a missed Skype conversation notification. I've attached a screenshot of the error. Can someone look into this urgently since it's affecting a lot of people?"
O365,"Hi, this is [NAME], head of IT at SC-W — I need help with a shared folder access issue for Fernando. Please check the email in the journal for the full details. Thanks."
O365,"Hey, I went to use the Analysis Tool today and it seems to be missing — I can't find it anywhere. Could someone help me figure out where it went or get it restored?"
O365,"Hi, Skype isn't logging in on my computer at all — I've tried a couple of times but it just won't sign in. Can someone help me get this working again?"
O365,"Hi, I'm having an issue with Skype and need some assistance. Could someone get back to me when they're available? Thanks."
O365,"Hi, I'm trying to sign into Skype for Business but it won't let me register — it just fails every time I try. Could someone help me get this sorted out?"
O365,"Hey, I'm having an issue with Skype — can someone please take a look and help me out?"
O365,"Hola, estoy teniendo problemas para conectarme a Skype. No me deja entrar y no sé qué está pasando. ¿Pueden ayudarme por favor?"
O365,"Hi there, I'm having trouble with our email list server — something doesn't seem to be working right. Could someone look into it when you get a chance?"
O365,"Hi, could you please make a settings change for the email address [EMAIL]? Let me know if you need any additional details from me."
O365,"Hey, Skype for Business just won't connect for me — it keeps trying and then fails. It's been like this for a bit now and I really need to get it working. Can someone help?"
O365,"Hi! The [LOCATION] already has a PDS1000 helium gun listed in the equipment subfolder in Outlook called 'Genie Gun,' and we need a second PDS1000 added to that same folder listed as 'Genie Gun #2.' Could you get that added for us? Thanks so much!"
O365,"Hi, I'm having a frustrating issue with Outlook — I installed the plugin in Spanish and now every time I open it, it crashes after just a couple of seconds. I keep seeing this error info: LCID:3082 skulcid:1033. I really need this fixed as I can't use Outlook at all right now. Looking forward to hearing from you. Thanks, [NAME]"
O365,"Hi, could you please remove my access to a shared mailbox? I no longer need it and would like it taken off my account. Thanks!"
O365,"Hi, could you please update my email address to [EMAIL]? Thanks so much!"
O365,"Hey, it looks like a shared drive was set up on the wrong drive by mistake — could someone help get that moved to the correct location?"
O365,"Hi there, I need to get access to MS Teams but I'm not able to get in. Could someone help set that up for me? Thanks!"
O365,"Hi, I need access to a shared mailbox please. Could someone help get that set up for me when you get a chance? Thanks!"
O365,"Hi, I've been running into some problems with Outlook and need some help getting it sorted out. It doesn't seem to be working properly — can someone take a look?"
O365,"Hey, Skype for Business has been really hit or miss for me lately — sometimes it works fine and other times it's super slow or drops out entirely. It's been pretty disruptive. Can someone look into what might be causing it?"
O365,"Hi, I'm having trouble sending emails to [URL] — every time I try, it just fails. Can you look into what's blocking it?"
O365,"Hey, could you help me get a new email list set up? Please let me know what information you need from me."
Software,"Hi there, I need to get RStudio updated to the latest version — could someone help me with that?"
Software,I've suddenly lost access to the [COMPANY] intranet. I think it might be because the Okta app isn't assigned to my account? I need to get back in as soon as possible.
Software,"Hey, I need Parallels installed on my machine. Could someone help get that set up for me?"
Software,"Hi, I need my Okta Verify reset — I'm not able to authenticate right now and I'm locked out of everything. Please help!"
Software,"Hi, I'm having a certificate issue related to [NAME] and need some help getting it sorted out."
Software,"Hey, could someone help me get a piece of software installed? I'll share the details when someone reaches out."
Software,"I keep running into an error — [NAME] — whenever I try to access Neoagro. Not sure what's causing it, but I can't get in. Can you help?"
Software,"I can't get Banco do Brasil to open at all, and my manager has suggested the machine just needs to be formatted. Can you help arrange that?"
Software,I'm getting a BitLocker lockout notice on [NAME]'s machine and can't get past it — we need access urgently. Can someone help unlock it right away?
Software,I'm having trouble logging into [NAME] — it just won't let me in. Can someone take a look at what's going on?
Software,"Hi, I need Base Discovery enabled on my account or system. Could someone help get that turned on for me?"
Software,"Hey, I went to log into Citrix and it's saying my credentials are missing — I can't get in at all. Can you help me get this fixed?"
Software,"Hi, could someone help me get the R Suite installed? I need it for some upcoming work and want to make sure it's set up properly."
Software,"Hi, could you help me get verified for everything? I need [NAME] to go through the verification process."
Software,"Hey, could someone please install the Extech RHT10 software on my computer? I need it for work and don't have it yet."
Software,"Good morning! We're having a weird issue with PDF files — on my end they show up fine with the .pdf extension, but when I send them to other people they're showing up as .dll files and no one can open them. Not sure what's going on but it's affecting multiple people I've shared files with."
Software,"Hi, I need a program installed on my computer so I can access the Itau account. Could someone help get that set up for me?"
Software,Could you please install the Datalogger Extech program on my machine? I need it to get started with some work tasks.
Software,"Hi, I keep getting a supplier error and I'm not sure what's causing it. Can someone take a look and help me figure out what's going wrong?"
Software,"Hey, I just realized I don't have Outlook on my computer — can someone get that installed for me? I need it to handle my emails."
Software,"Hi there, I need a few applications installed on my machine. Could someone reach out to get that sorted?"
Software,"I'm having trouble opening PDF files — every time I try, nothing happens or I get an error. Can someone help me fix this?"
Software,"Hi, could you please install Adobe Acrobat DC Pro on my computer? I need the full version to work with some documents."
Software,"Hi, I need Nautilus 9.3 and the Nautilus 9.3 Citrix app installed on my PC. I believe this might need approval through [COMPANY] first — if you need more details or have questions, please reach out to [NAME]."
Software,"Hi, I'm Ricard and I need login credentials to access [NAME]. Could someone set that up for me so I can get in?"
Software,"Hey, I need a program installed on my computer. Can someone help get that taken care of?"
Software,"Hi, my account at [LOCATION] has been locked and I can't get in. Can someone unlock it for me as soon as possible?"
Software,"Hi, I need SICALC updated on my machine — I think I'm running an older version. Could someone push through the latest update?"
Software,"Hi, could someone help me update the Receira BX program on my computer? It looks like it needs an update but I'm not sure how to do it myself."
Software,"Hey, I need some software installed on my computer. Could someone from IT help me get it set up?"
Software,"Hi there, I need help with the BarTender app — could someone assist me with getting it installed or set up on my machine?"
Software,"Hi, I'm trying to set up the [LOCATION] Verify app on my phone but I can't get the QR code I need to activate it. When I go into my settings on the [COMPANY] Okta page, the Extra Verification section just says [LOCATION] Enabled — but my phone is still asking for a QR code to finish the setup. Can someone help me get that QR code? Thanks, [NAME]"
Software,Good morning! I need to install a Sicalc update but it's asking for a password to proceed and I don't have it. Could someone please enter the password so I can get this installed? Thanks so much! — [NAME]
Software,"Hey, I need to install the software for my Wi-Fi receiver but I don't have the permissions to do it myself. Could someone help me get that installed?"
Software,"Hi, I need Google Earth and Basecamp installed on my computer. Can someone help with that?"
Software,"Hi, [NAME] here — I need some help with a software issue on my computer. Could someone please reach out to assist me?"
Software,"Hi, I need help getting Contaction installed on my machine. Could someone from IT take care of that for me?"
Software,"Hello, I need the [LOCATION] (Federal Revenue) program installed on my computer. Could someone please help with that?"
Software,"Hi, I need the BarTender program installed on my computer. Once it's done, could you let me know when it's ready? I need to confirm it's working before I can get back to work. Thanks!"
Software,"Hi, [NAME]'s account is locked and he's been out traveling for yield trial harvest. He'll be back on the 5th at 7 AM local time and needs his account reset so he can get back to work. Could someone please call him to sort it out? His numbers are [PHONE] or you can reach him at [NAME] extension [PHONE]. Thanks!"
Software,"Hi, I'm having trouble with my Pushmail authentication — the [LOCATION] Verify push notification isn't working and I can't get logged in. Can someone help me fix this?"
Software,"Hey, I need some help with my system configuration. Could someone reach out to assist me with getting things set up properly?"
Software,"Hi, whenever I try to open a PDF file it keeps opening in WordPad instead of a PDF reader, and I can't read it properly at all. Can someone help me fix this so my PDFs open correctly?"
Software,"Hi, I've noticed I'm not receiving any emails from outside the company. I'm expecting some important messages from external contacts but nothing is coming through — can someone look into this?"
Software,"Hey, [EMAIL] keeps getting a page error when trying to log into US Bank. It's not letting them get past the login screen at all."
Software,I'm getting a message on my computer saying McAfee security is turned off. I'm not sure when that happened or how to fix it — can someone help get it back on?
Software,"Hi, I need some help with the Okta mobile app. Can someone reach out to walk me through it?"
Software,"Hi there, could someone please install Microsoft Teams on my computer? I need it to connect with my team and I don't have it yet."
Software,"Hey, the Snipping Tool isn't working on my computer anymore and I use it pretty regularly. Could you reinstall it for me?"
Software,I'm having an issue with the Okta mobile app and could use some help getting it sorted out.
Software,I'm trying to register through Okta but it's just not working — I keep getting stuck and can't complete the process. Can someone help me get this set up?
Software,The data recording software still isn't working and this is an ongoing issue. I still need an admin to log in to get this resolved — can someone please follow up on this?
Software,"Hi, I need a software installation done on my computer. Could someone help get that set up for me?"
Software,"Hi, I need help getting the T18 update applied to my computer. Can someone take care of that when they get a chance?"
Software,"Hey, I need to get registered with Okta and I'm not sure how to do it on my own. Could someone walk me through the new Okta registration process?"
Software,"I'm having trouble with XFlow — when I go to code invoices, they're not showing up in the system. I can't get any work done without being able to see them, so hoping someone can fix this soon."
Software,"Hi, I need a program installed on my computer. Can someone help get that taken care of?"
Software,"Hi, I'm following up on ticket [TICKET ID] regarding a Citrix issue for [NAME] at [COMPANY] Inc. in [LOCATION]. Could someone please assist or provide an update?"
Support general,"Hi, I need help getting BlackBerry set up on my mobile phone — could someone walk me through it or get it configured for me?"
Support general,"Hey, just flagging that there's been an alert about a vulnerable Intel component picked up at [COMPANY] [LOCATION] on [SERVER] — someone from [LOCATION] flagged this and it probably needs looking into."
Support general,"Hi, I'd like to request a Light User account for an external user — this is related to [TICKET ID] and is for Everding, Florian. Could you get that set up when you get a chance?"
Support general,"Hey there, I have a cell phone that I need set up, but without email configured on it — can someone help me get that sorted?"
Support general,"Hi, could you please set up a Light User account for an external user? The username should be [USERNAME] and the account is for [NAME]. Thanks!"
Support general,"Hi there, I need a Light user account created for an external person — they'll need email access and basic system access but nothing beyond that. Could you get that set up for them?"
Support general,"Hello, I need a Basic User account created for [NAME] (username: [USERNAME]) — they're based at [COMPANY], [LOCATION]. Could you get this set up for them please?"
Support general,"Hi team, just a heads up that there are pending updates for [SERVER] in LightHouse that need to be applied — can someone take a look and get those pushed through?"
Support general,"Hi, I'm reaching out about a phone repair issue for the [LOCATION] Ferrari account — could someone please look into getting this fixed?"
Support general,"Hi, I need a new Windows user account set up — they'll need Exchange email, Skype, and access to the standard file shares. Could you get that created for them?"
Support general,"Hello, could you please create a new Windows user account? The person will need Exchange email, Skype, and the usual file share access set up as well."
Support general,"Hi, could I get a DHCP reservation made? The device at [LOCATION] with MAC address [MAC_ADDRESS] is a printer and it needs a fixed IP."
Support general,"Hi, I need to get the BlackBerry Work apps installed fresh on a device — could someone help with a new installation of those apps?"
Support general,"Hey, I need a new Windows account created for someone — they'll need Exchange email, Skype, and access to the standard shared drives. Let me know if you need any more details!"
Support general,"Hi, we received an NTT alert — it looks like there's a ping monitoring alert for [SERVER] related to cpe0013940 ([LOCATION]_ManuelOcampo) at [COMPANY] SE. Can someone investigate what's going on with [LOCATION] Monitor [LOCATION]_ManuelOcampo?"
Support general,"Hey, I'm having issues with my desk phone — calls to and from the [ADDRESS] office aren't working properly. Can someone take a look?"
Support general,"Hi, just flagging that there's a vulnerability alert that was initiated by [COMPANY] [LOCATION] on [SERVER] at [LOCATION]. Could someone look into this as soon as possible?"
Support general,"Hi there, could you please set up a new Windows user account for a new team member? They'll need email access through Exchange, Skype, and the standard file share permissions. Thanks!"
Support general,"Hi, I'd like to request a Light external user account to be created — they just need basic system access and an email. Please let me know if you need any additional details."
Support general,"Hey, we're having trouble with the internet connection at [COMPANY]. It doesn't seem to be working — can someone check on this?"
Support general,"Hi, I need to get international roaming set up on my mobile. Could you help with enabling that? I'll be traveling soon and need it sorted before I leave."
Support general,"Hi, requesting a Basic User account setup for [NAME] with username [USERNAME], based at [COMPANY] in [LOCATION]. Please let me know if you need anything else to get this created."
Support general,"Hello, could you please create a new Windows user account for someone joining the team? They'll need Exchange email, Skype, and the standard file share access. Thanks in advance!"
Support general,"Hi, this is to let you know that [NAME] from [COMPANY] at [LOCATION] has left the organization — this is linked to ticket [TICKET ID] at [ADDRESS]. Could you please process the account offboarding? Thanks."
Support general,"Hi there, I'd like to request a new user account to be set up. Could someone get that process started? Happy to provide any details you need."
Support general,"Heads up — emergency maintenance has been scheduled on [SERVER] at [LOCATION] for 2018-08-31 at 02:00 [LOCATION], affecting cpe0004630 ([LOCATION]_Balcarce), cpe0007405 ([LOCATION]_SaoPaulo), and cpe0008460 ([LOCATION]_PatosDeMinas) for [COMPANY] SE. Feedback on this is required — please respond when you can."
Support general,"Hi, the Phone Work app at [LOCATION] keeps crashing and I think it might be a certificate issue. Could you issue a new certificate to get it working again?"
Support general,"Hey, my phone has gone completely silent — I'm not hearing any ringtones or notification sounds at all. I haven't changed any settings, so not sure what happened. Can you help?"
Support general,"Hi, just sending a reminder about a support ticket that was paused — it was originally raised by [COMPANY] [LOCATION] regarding a vulnerability at [LOCATION] on [SERVER]. Could someone pick this back up and provide an update?"
Support general,"Hello, could you please create a Light external user account for someone who needs basic system access and email? Let me know if you need any further details to get this set up."
Support general,"Hi, I need a basic user account set up for [NAME] with the username [USERNAME] at [COMPANY] in [LOCATION]. Could someone please get that created when you have a chance?"
Support general,"Hey, could you set up a basic user account for Birgit with the username [USERNAME] at [COMPANY] in [LOCATION]? Thanks in advance!"
Support general,"Hi there, we have a new employee starting and I need a full Windows account created for them — this should include email access through Exchange, Skype, and the standard shared drive access that everyone gets. Please let me know if you need any additional details."
Support general,"Hi, could you set up a light external user account for someone outside our organization? They just need basic email access and enough system access to get started. Thanks!"
Support general,"Hello, we have another new starter coming on board and they'll need a full Windows account set up with Exchange email, Skype, and the usual file share access. Let me know if you need anything else from me."
Support general,"Hi, I'd like to request a basic user account be created for [USERNAME]. Could someone take care of that when possible? Thanks."
Support general,"Hey, we need the security tools updated on [SERVER] and the hard drive encryption removed from those systems as well. Could someone from IT take a look at that?"
Support general,"Hi there, could you create a light external account for someone we're bringing on temporarily? They'll just need email and basic system access. Thanks so much!"
Support general,"Hello, I need a light external user account set up for someone outside the company — just email and basic access is all they need. Please let me know once it's ready!"
Support general,"Hi, I need some help getting equipment activated at [LOCATION] — the device is [SERVER]. Could someone assist with the activation process?"
Support general,"Heads up — it looks like the site-to-site VPN link is down and we've lost connectivity. This is pretty urgent, can someone investigate and get it back up as soon as possible?"
Support general,"Hey, could you set up a light external account for someone we work with outside the company? They just need email and basic access to get going. Thanks!"
Support general,"Hi, I'm having some issues with my cellular internet connection and could use some help getting it sorted out. Could someone take a look?"
Support general,"Hi there, this is a follow-up on ticket [TICKET ID] — the order has been provisioned and I wanted to make sure the install for [NAME] is being scheduled and moving forward. Please let me know the status!"
Support general,"Hello, could you please create a light external user account for someone outside our organization? They just need basic email access and standard system access. Thank you!"
Support general,"Hi, I need some help reconfiguring my corporate phone — can someone walk me through the setup or do it remotely?"
Support general,"Hey, I'm trying to update the inventory in Access but I can't delete a file that's in the way — it just won't let me remove it. Can someone help me get that sorted so I can make my changes?"
Support general,"Hi, could someone create a [LOCATION] entry for [COMPANY].ads.dir? Thanks in advance."
Support general,"Hi there, I'm getting an alert saying the site-to-site VPN link is down — can someone investigate the network connectivity as soon as possible? This could be affecting a lot of people."
Support general,This was flagged by [COMPANY] [LOCATION] — there's a vulnerable [LOCATION] on [SERVER] that needs to be looked into.
Support general,"Hi, I need a Basis user account set up for [USERNAME]. Could someone take care of that when they get a chance?"
Support general,I've completely forgotten my iPhone passcode and now I'm locked out — can someone help me get back in as soon as possible?
Support general,"Hi, I need help with the activation of [LOCATION] equipment on [SERVER]. Can someone assist with getting that set up?"
Support general,"Hi, could you please grant VPN access with a software token for [NAME]? Let me know if you need any additional details."
Support general,"Hey, I'm having an issue with the BlackBerry Work app on my phone — can someone take a look and help me get it working again?"
Support general,"Hi, the protective film on my work phone is damaged and needs to be replaced — can someone arrange that for me?"
Support general,This was initiated by [COMPANY] [LOCATION] — there's a vulnerable [LOCATION] identified at [LOCATION]-[ADDRESS] that needs to be investigated.
Support general,"Hi, just flagging that OS updates need to be applied to [SERVER] — can someone get those scheduled and taken care of?"
Support general,"Hi, this is a request for an additional application [LOCATION] service related to ticket [TICKET ID] for [NAME] at [COMPANY], [LOCATION]. Please let me know if you need more details."
Support general,"Hi, could someone create a [LOCATION] entry for [COMPANY].ads.dir with the A record pointing to [IP_ADDRESS]? Thanks!"
Support general,"Hi, I'm having trouble accessing the Itau bank website — it just won't load for me. Can you help me figure out what's going on?"
Support general,"Hey, we just got some new devices set up but I can't install any apps on them. Not sure if something's blocked or if a setting needs to be changed?"
Support general,"Hi, I'd like to request a Light User account for an external contact. This is for [NAME] — ticket ref [TICKET ID]. Could you get that set up when you have a chance?"
Support general,I'm working from home today and can't get an internet connection through my ethernet cable. Wifi seems fine but the wired connection just isn't working at all.
Support general,"Hi, submitting a request on behalf of [NAME] from [COMPANY] based at [LOCATION]. Reference ticket [TICKET ID]. Please let me know if you need any additional details."
Support general,Could you please set up a Light user account for an external person? They'll just need email access and basic system access to get started. Thanks!
Support general,"Hi there, we have a new user who needs an account set up. They'll need a Windows login, an Exchange email, Skype, and access to the standard shared drives. Could you get that created for them?"
Support general,Heads up — it looks like the site-to-site VPN link has gone down. We're losing connectivity between sites and it needs to be looked into as soon as possible.
Support general,"Hey, can you create a new user account for someone joining us? They'll need the full setup — Windows login, Exchange email, Skype, and the standard file share access. Thanks!"
Support general,"Hi, I need a new Windows account set up for a new team member. Please include Exchange email, Skype, and access to the standard file shares when you get a chance."
Support general,Just flagging that the site-to-site VPN link appears to be down again — can someone investigate the connectivity issue urgently? We're having trouble reaching the other site.
Support general,"Hi, we have some high-level visitors and consultants coming in and they'll need wifi access. Could you provide the guest wifi password for them?"
Support general,"Hi, could you please make a reservation at [LOCATION] for the time clock device? The MAC address is [MAC_ADDRESS]. I'm not 100% sure of the IP — it's either [IP_ADDRESS] or [IP_ADDRESS], sorry about that!"
Support general,"Hi, I'm following up on a ticket that was reopened — this is regarding the Light User external account request for [NAME], original ticket [TICKET ID]. Could you take another look when you get a chance?"
Support general,The site-to-site VPN link is down and we can't get connectivity between locations. This is pretty urgent — can someone take a look right away?
Support general,"Hi, could you please set up a Light external user account for someone outside the company? They just need email access and the basic system access that comes with that type of account. Thanks!"
Support general,"Hey, I need a user added to the server at [LOCATION] so they can access the Marketing resources there. Could you get that set up when you have a chance?"
Support general,"Hi there, I need a new Windows account created for a team member — they'll need email set up through Exchange, Skype, and access to the standard file shares. Please let me know if you need any additional details."
Support general,"Hello, could you set up a Light external user account with email and basic system access? It's for someone who works outside our organization. Thanks in advance!"
Support general,"Hi, I need a standard (Basis) user account created for [NAME] with the username [USERNAME]. They're based at [LOCATION] and are part of [COMPANY]. Could you get that provisioned when you get a chance?"
Support general,Could you please create a Basis user account for [NAME] [NAME]? Their username should be [USERNAME] and they're with [COMPANY] at [LOCATION]. Let me know if you need anything else from me.
Support general,"Hi team, just a heads-up that planned maintenance has been scheduled for [SERVER] at [LOCATION] on 2018-10-27 starting at 07:00. This will affect cpe0009469 ([COMPANY]) and cpe0013003 ([COMPANY]) as well as [COMPANY] SE. We need feedback on whether this timing works before we proceed."
Support general,"Hey, could you set up a new Windows user account? They need Exchange email, Skype, and the standard file share access. Let me know if you need any more info to get started."
Support general,"Hi, I'm having a problem with my computer — it's not turning on at all. I press the power button and nothing happens. Can someone come take a look as soon as possible?"
Support general,"Hello, I need a new Windows account set up for someone on my team. They'll need email through Exchange, Skype, and access to the standard shared drives. Thanks!"
Support general,"Hi, this is being flagged by [COMPANY] at [LOCATION] — it looks like there's a vulnerable version of Office running on [SERVER] that needs to be addressed. Could someone look into getting this patched?"
Support general,"Hi there, can you please provision a Basis user account for [NAME]? The username should be [USERNAME] and they're with [COMPANY] located at [LOCATION]. Thanks!"
Support general,"Hey, could you create a new Windows user account for a new starter? They'll need Exchange email, Skype, and standard file share access set up. Appreciate it!"
Support general,"Hi, I need a virtual machine set up to run our bank program. Could you arrange that for me? Let me know if you need any specs or other details."
Support general,"Hello, could you please create a Light external user account with email and basic system access for someone outside our organization? Thanks so much!"
Support general,"Hi, I'm having an issue with my iPad Pro and need some help sorting it out — could someone from IT take a look?"
Support general,"Hey, I'm trying to duplicate my screen but I can't get it to work — could someone help me set it up?"
Support general,"Hi there, could you please set up a new Windows account for a new team member? They'll need email access through Exchange, Skype, and the standard file share access everyone else has."
Support general,I've got no internet connection at all right now — nothing is loading and I can't get any work done. Can someone help ASAP?
Support general,"Hi, we need a Light User account set up for an external user — [USERNAME] / [NAME]. Could you get that created when you get a chance?"
Support general,"Hey, could someone check the DNS and DHCP entries for the 10.10.89.0 network on the server side? Something doesn't seem right and it needs to be looked into."
Support general,I keep getting an error when I try to connect to [URL] — it just won't load no matter what I try. Can someone take a look at what's going on?
Support general,"Hi, could you please create a Basic User account for [USERNAME]? Thanks in advance."
Support general,I'm getting a Proxy Error when trying to browse — pages just won't load and I keep hitting the same error. Can someone help me fix this?
Support general,"Could you please create a new Windows user account for a new starter? They'll need Exchange email, Skype, and the standard file share access set up."
Support general,"Hi, can you set up a Basic User account for [USERNAME] when you get a moment? Thanks!"
Support general,Just flagging that OS updates need to be applied to [SERVER] at the LH location — can someone schedule or action that?
Support general,"Hi, I need help activating BlackBerry Work on my device — I can't get it to activate and I'm not sure what to do next."
Support general,"Hi there, could you set up a new Windows account for a new team member? They'll need Exchange email, Skype, and the standard file share access, same as everyone else."
Support general,Could you please create a Light (external) user account for a new external contact? They'll just need basic email and system access to get started.
Support general,"Hi, my VPN keeps disconnecting and I can't stay connected for more than a few minutes — can someone take a look at what's going on?"
Support general,"Hey, I'm getting an error when I try to use the RFB website. Not sure what's causing it but I can't get it to load properly — could someone help?"
Support general,"Hi there, could you please set up a new Windows account for a new team member? They'll need email access through Exchange, Skype, and the standard file share access that everyone else has. Thanks!"
Support general,"Hi, I need a Light user account created for an external contact — they'll just need email and basic system access. Please let me know if you need any additional details!"
Support general,"Hello, we have a new person starting and they'll need a full Windows account set up with Exchange email, Skype, and the standard file share access. Could you get that sorted when you get a chance? Thanks!"
Support general,"Hi, could you please create a new user account for someone who's joining us? Let me know if you need any details from me to get it set up."
Support general,"Hi team, just a heads up that [NAME] (external, based at [LOCATION]) is leaving and their access will need to be removed. This is in reference to ticket [TICKET ID]. Please let me know if you need anything else from me."
Support general,All my contacts have disappeared from my iPhone 5 — I have no idea where they went! Can someone help me get them back as soon as possible?
Support general,"Hi, could you please set up a Basis user account for [USERNAME]? Let me know if you need any additional information to get this done. Thanks!"
Support general,"Hello, I need a Light user account created for an external user — the username is [USERNAME] and the person's name is [NAME]. Could you get that set up when you have a chance? Thanks!"
Support general,"Hi, please could you create a Basis user account for [NAME] ([USERNAME])? They're with [COMPANY] and are based at [LOCATION]. Let me know if you need anything else!"
Support general,"Hi, this is being raised on behalf of [COMPANY] at [LOCATION] — there's a vulnerability flagged at [LOCATION] on [LOCATION]-[ADDRESS] that needs to be looked into. Could someone follow up on this please?"
Support general,"Hey, [NAME] is having an issue with the BlackBerry app on their iPhone — it opens and then immediately closes every time. They can't get it to stay open at all. Can someone help figure out what's going on?"
Support general,"Hi, this is a mobile device request for [NAME] from [COMPANY] at [LOCATION], reference ticket [TICKET ID]. Could someone follow up and get this sorted? Thanks!"
Support general,"Hey, could you please create a new Windows user account for someone starting soon? They'll need Exchange email, Skype, and standard file share access set up. Appreciate it!"
Support general,"Hi, could you please set up a Light (external) user account for someone who needs email access and basic system access? Thanks in advance!"
Support general,"Hey, I need to request an additional application service for [LOCATION] — this is related to ticket [TICKET ID] for [NAME] at [COMPANY], [LOCATION]. Could you take a look and get that added?"
Support general,"Hi there, we have a new team member starting and I need to get them set up with a Windows account, Exchange email, Skype, and access to the standard file shares. Could you help get that created?"
Support general,"Hello everyone, I'm running into a network access issue between two servers. From [IP_ADDRESS] there's no access to port 443 (HTTPS) on [IP_ADDRESS], though it works fine in the other direction. We have a geoprocessing web application that requires two-way communication over HTTPS between the app server and the geoprocessing server, so we really need traffic to flow both ways. Could you please enable access from [IP_ADDRESS] to port 443 on [IP_ADDRESS]? Thanks so much, [NAME]"
Support general,"Hi, could you set up a Basis User account for [USERNAME]? This is for [NAME] from [COMPANY] based in [LOCATION]. Please let me know if you need anything else!"
Support general,"Hi team, it looks like the Light House system is missing some updates — it doesn't seem to be current. Could someone take a look and make sure everything is patched up properly?"
Support general,"Hi, I've just been alerted that the site-to-site VPN link has gone down. This is pretty urgent — could someone investigate the network connectivity and get it back up as soon as possible?"
Support general,"Hey, I need a DNS entry created for [LOCATION] — specifically for [SERVER]m.[COMPANY]up.ads.dir. Could you get that added when you have a chance?"
Support general,"Hi, we need a new Windows user account set up including Exchange email, Skype, and the standard file share access. Could you help get this created?"
Support general,"Hello, could you please create a new Windows user account with Exchange email, Skype, and standard file share access? We need to get someone onboarded. Thanks!"
Support general,"Hi there, I need another new Windows user account created with the usual setup — Exchange email, Skype, and standard file share access. Let me know if you need any additional details."
Support general,"Hey, I'm having trouble getting my work email on my cell phone — it's not working properly and I'm not sure what's going on. Could someone help me figure out what's wrong and get it sorted?"
Support general,"Hi, could you please create a Basis User account for [USERNAME]? Let me know if you need any additional information to get this set up."
Support general,"Hello, we need a new Windows user account created with Exchange email, Skype, and access to the standard file shares. Could you get this set up for us?"
Support general,"Hi, could you please create a Light (external) user account with email and basic system access for an external user? Thanks so much!"
Support general,"Hi, could you please set up a new Windows account for a new team member? They'll need email access through Exchange, Skype, and the standard file share access that everyone else has."
Support general,"Hey, we've been flagged by [COMPANY][LOCATION] that there's a vulnerable version of TeamViewer running on [SERVER] — can someone take a look and get that sorted out?"
Support general,"Hi, I need a basic user account set up for [USERNAME]. Just the standard access should be fine, nothing special."
Support general,"Hi team, just a heads-up that planned maintenance is scheduled for [SERVER][LOCATION] on 2018-10-04 at 10:00[LOCATION]. This affects cpe0009469 ([COMPANY]) and cpe0013003 ([LOCATION]_Kimberly) [COMPANY] SE. Please confirm once you've reviewed this and let us know if there are any issues."
Support general,I'm having a problem with [LOCATION] on a new device — it's [SERVER] and something doesn't seem to be working right. Can someone help me get it sorted?
Support general,"Hi there, I just got a new work phone and need help getting everything set up on it. Could someone assist me?"
Support general,"Hey, I'm having an issue with my headphones — can someone from IT help me out?"
Support general,"Hi, could you please create a light external user account for someone outside our organisation? They'll just need email access and basic system access to get started."
Support general,"Hello, we have a new starter who needs a Windows account set up with Exchange email, Skype, and the standard file share access. Could you get that created when you get a chance?"
Support general,"Hi, I need some help getting a few work applications installed on my mobile phone. Is there someone who can walk me through it or do it for me?"
Support general,"Hi, I need a light external user account created for [NAME]. This is related to ticket [TICKET ID]. Just basic access for an external user should be all that's needed."
Support general,"Hi, I'm still having trouble with [LOCATION] on a new device ([SERVER]). It doesn't seem to be working properly — could someone take a look?"
Support general,"Hi there, could you please set up a new Windows user account? They'll need Exchange email, Skype, and the standard file share permissions. Thanks!"
Support general,"Hi, we've just received an alert that the site-to-site VPN link is down. People are having trouble connecting — can someone investigate the network connectivity as soon as possible?"
Support general,Urgent — we're getting an alert that the site-to-site VPN link has gone down. Can someone look into the network connectivity right away? This is affecting access on our end.
Computer-Services,"Hi, The printer is offline on every workstation but the office internet works. Please investigate the printer connection. Our team needs an update before the next shift."
EOL,"Hi, Please arrange approved disk sanitization for the retired server hardware. The data retention review has been completed. The requester is working from [LOCATION] today."
Computer-Services,"Hello team. The PDF opens correctly, but the printer produces blank pages from every application. Please investigate the printing device. Please acknowledge receipt so we can track the request."
Active Directory,Could someone help with this? The account unlock portal says my corporate username does not exist. Please check my directory record.
Computer-Services,Could someone help with this? The scanner produces a solid black page for every document. Please inspect the scanning hardware. The requester is working from [LOCATION] today.
EOL,Could someone help with this? Please review outstanding scheduled tasks before the legacy server is permanently shut down. This is part of its approved retirement. A colleague can assist with the follow-up if I am unavailable.
Active Directory,Our approved delegated administrator cannot manage users in the assigned organizational unit. Please check the directory delegation. The issue was first reported this morning.
Computer-Services,Hi support team. Several keys on my keyboard have stopped responding. I need a replacement keyboard or repair. Please confirm which additional information you need.
EOL,hello team. the migration is complete and the old monitoring appliance is no longer required. please initiate the retirement workflow. please keep the requester informed of progress.
EOL,The firewall rules for a permanently retired server are still active. Please coordinate their removal with the network team. The requester is working from [LOCATION] today.
Fileservice,Hi support team. I can sign into Windows but receive Access Denied when opening the department network share. Please check the folder permissions. Please advise if this requires a scheduled support session.
Support general,"Hi, Please merge my duplicate support requests into the existing incident. They describe the same problem. Please coordinate any appointment with the requester."
Support general,hello team. the office internet connection is down for several people. please investigate and route this to the appropriate network team. the local contact is available during office hours.
Support general,Could someone help with this? Our branch connection becomes unstable during the afternoon. Please arrange a network investigation. Please let us know the next steps.
Active Directory,"hi, the domain password policy rejects every new password i try. please help confirm the required policy and restore access. we have included the relevant details in the service request."
Fileservice,I can sign into Windows but receive Access Denied when opening the department network share. Please check the folder permissions. Please contact [NAME] if more details are needed.
Computer-Services,Hi support team. The desktop is stuck at the manufacturer logo and never reaches Windows. Please diagnose the boot failure. Please confirm which additional information you need.
O365,Hello team. The SharePoint document library says I do not have permission to upload. I can still read its existing documents. We have included the relevant details in the service request.
Support general,Hello team. The company website is unavailable from several external connections. Please route this to the web operations team. Our team needs an update before the next shift.
Active Directory,Hi support team. Please investigate an unexpected change to a privileged directory group. We need the membership history and current access reviewed. Please confirm which additional information you need.
Active Directory,Could someone help with this? Remove [USERNAME] from the old department's directory groups following their transfer. Keep their domain account active. I can provide additional details through the support portal.
EOL,Hi support team. Please archive the required configuration records for [SERVER] before its approved disposal. The server will not return to service. Please contact [NAME] if more details are needed.
Software,"Hi support team. The application license is valid, but the program closes immediately after launch. Please investigate the application crash. Please coordinate any appointment with the requester."
O365,hi support team. please configure an approved email alias for my existing mailbox. my primary address should stay unchanged. please advise if this requires a scheduled support session.
O365,Hello team. Outlook keeps asking me to sign in even though my Windows login works. Please investigate the mailbox connection. I can provide additional details through the support portal.
Software,Hi support team. Please install the approved Python development environment for my project. The request includes the required package list. The local contact is available during office hours.
Software,Hi support team. Please configure the approved ODBC connection for the reporting application. The database access request has already been granted. Please contact [NAME] if more details are needed.
Support general,"Hi, The guest wireless network will not connect visitors at reception. Please have the network team investigate. We have included the relevant details in the service request."
O365,Could someone help with this? Outlook keeps asking me to sign in even though my Windows login works. Please investigate the mailbox connection. Please keep the requester informed of progress.
Fileservice,Hi support team. My mapped network drive has disappeared after signing in. Please help reconnect it to the existing file share. Please contact [NAME] if more details are needed.
Active Directory,Could someone help with this? Please update the employee's department and office attributes in the directory. Their login name should stay the same. Please acknowledge receipt so we can track the request.
Software,"Hi, PDF files fail to open in the installed reader but work in another viewer. Please repair the reader application."
Computer-Services,Hi support team. The printer is offline on every workstation but the office internet works. Please investigate the printer connection. Please coordinate any appointment with the requester.
EOL,Hello team. Please unregister the retired server from the patch management platform. It has been permanently removed from service. Our team needs an update before the next shift.
Fileservice,Hi support team. A confidential folder is visible to people outside the approved team. Please review the file share permissions. The local contact is available during office hours.
Computer-Services,Could someone help with this? The laptop screen has vertical lines before Windows loads. Please check the display hardware. I can provide additional details through the support portal.
Fileservice,Could someone help with this? The department file share is full and refuses new uploads. Please review the share quota and available capacity. Please keep the requester informed of progress.
Fileservice,We need the previous version of a spreadsheet saved on the departmental file server. The current version was overwritten. Please advise if this requires a scheduled support session.
Support general,hello team. please provide the current status of the announced service interruption. we need to know which teams are investigating. please confirm which additional information you need.
Support general,Hi support team. Please help schedule an IT orientation session for new staff. This request is for guidance on the available services. We have included the relevant details in the service request.
Computer-Services,Hello team. My laptop hinge is broken and the screen will not stay upright. Please arrange a hardware repair. This needs to be coordinated with our team lead.
Computer-Services,Could someone help with this? The trackpad clicks by itself and makes the laptop difficult to use. Please inspect the pointing device. This is affecting work at [LOCATION].
Computer-Services,Hello team. The webcam is not detected by any application. Please check the camera hardware and driver. I can provide additional details through the support portal.
Fileservice,Hello team. Please remove an obsolete network share after its contents have been migrated. The file server itself must remain in service.
Active Directory,Could someone help with this? Please disable the domain account for [USERNAME]. Their employment has ended and the access removal is approved. This needs to be coordinated with our team lead.
Support general,the phone menu sends callers to the wrong office. please route the issue to the communications team. the local contact is available during office hours.
Active Directory,Hi support team. Please create a directory security group with [NAME] as the designated owner. Membership will be requested separately. Please confirm which additional information you need.
Fileservice,Could someone help with this? Please restore a file from the network share backup to a separate recovery folder. Do not overwrite the current copy. This is affecting work at [LOCATION].
O365,"Hi, External attendees cannot join our Teams meeting. Please check the meeting's guest access settings. Please contact [NAME] if more details are needed."
EOL,Could someone help with this? Please begin the approved retirement of [SERVER]. The replacement service is live and the old machine is no longer needed. Our team needs an update before the next shift.
Computer-Services,Could someone help with this? My USB keyboard works on another computer but not this workstation. Please inspect the USB ports and drivers. Please coordinate any appointment with the requester.
O365,"hi, an email i sent from outlook returned a nondelivery report. please help investigate the mailbox delivery issue. the requester is working from [LOCATION] today."
Software,Could someone help with this? Please grant approved access to the project management application. My corporate login already works. I can provide additional details through the support portal.
Fileservice,Please increase the approved storage quota for our department's network share. We are unable to save the project deliverables. Please acknowledge receipt so we can track the request.
Computer-Services,Could someone help with this? The laptop battery is swollen and the case is separating. Please arrange safe collection and a replacement device. The request has been logged under [TICKET ID].
Support general,Hi support team. Please change the urgency on ticket [TICKET ID] after reviewing the updated business impact. The incident now affects the whole location. Please advise if this requires a scheduled support session.
Support general,Hi support team. Several staff cannot reach any internal websites while public internet access works. Please triage the network connectivity issue. Please keep the requester informed of progress.
EOL,"Hi, We need the hardware serial numbers recorded before collection of the retired servers. Please coordinate the disposal handover. The issue was first reported this morning."
Active Directory,My workstation reports that the trust relationship with the domain has failed. Other staff can still sign into their computers. Please keep the requester informed of progress.
O365,Our Microsoft 365 account asks for multifactor authentication on a phone I no longer have. Please help reset the registered method. Our team needs an update before the next shift.
Computer-Services,the operating system update left my laptop in a repeated recovery loop. please help repair the workstation. please keep the requester informed of progress.
Active Directory,Hi support team. Domain login works on one office workstation but fails on another for the same user. Please investigate the directory authentication failure. Please contact [NAME] if more details are needed.
Fileservice,"hi, copying large files to the network share fails halfway through. local copies on my laptop complete successfully. the requester is working from [LOCATION] today."
Active Directory,Hello team. Please create a domain account for our new starter [NAME]. Their manager has approved the onboarding request. A colleague can assist with the follow-up if I am unavailable.
Active Directory,Hello team. Please audit the nested directory groups that give [USERNAME] administrative access. We need to verify the approved membership path. This needs to be coordinated with our team lead.
Support general,Hello team. Please provide the current status of the announced service interruption. We need to know which teams are investigating. Please coordinate any appointment with the requester.
Support general,Hello team. The office internet connection is down for several people. Please investigate and route this to the appropriate network team. Please include the resolution in the ticket notes.
O365,Could someone help with this? OneDrive says an item cannot sync because its path is too long. Please help resolve the Microsoft 365 sync error. Please contact [NAME] if more details are needed.
Computer-Services,The desktop is stuck at the manufacturer logo and never reaches Windows. Please diagnose the boot failure. We have included the relevant details in the service request.
EOL,Please schedule permanent shutdown of the unused test environment. Its owner has approved retirement of the servers. The local contact is available during office hours.
Computer-Services,Hi support team. Please reinstall the operating system on the approved replacement workstation. The required files have been backed up. The requester is working from [LOCATION] today.
O365,i can open outlook on the web but the desktop client will not connect. please troubleshoot the outlook profile. the request has been logged under [TICKET ID].
Active Directory,Could someone help with this? Please add [USERNAME] to the approved directory security group [GROUP]. This request is for group membership only. Please include the resolution in the ticket notes.
Software,Hi support team. The customer support application cannot load its add-in. Please investigate the plugin compatibility error. I can provide additional details through the support portal.
O365,"Hi, Please add an approved delegate to my Outlook calendar. They need to schedule meetings on my behalf. Please let us know the next steps."
O365,Hi support team. My OneDrive folder shows a sync conflict for a document edited on two devices. Please help reconcile the copies. Our team needs an update before the next shift.
EOL,Please close the configuration item for a decommissioned server in the service inventory. Keep the historical change records. The requester is working from [LOCATION] today.
EOL,Hi support team. The legacy mail server is being permanently retired after migration. Please complete the server decommissioning work. The requester is working from [LOCATION] today.
Software,Could someone help with this? The browser extension required by our internal application will not install. Please check the approved extension deployment. A colleague can assist with the follow-up if I am unavailable.
Software,Hello team. The application update repeatedly asks for local administrator privileges. Please arrange the approved managed installation. The requester is working from [LOCATION] today.
Active Directory,Could someone help with this? Windows says my account is restricted to different logon hours. Please check the schedule configured in the directory. The issue was first reported this morning.
Software,hello team. our reporting tool crashes when exporting a pdf. please investigate the report application's error. our team needs an update before the next shift.
Computer-Services,Hello team. The desktop is stuck at the manufacturer logo and never reaches Windows. Please diagnose the boot failure. Our team needs an update before the next shift.
EOL,"Hi, The retired server still appears in Nexthink. Please remove its inventory entry as part of decommissioning. Please acknowledge receipt so we can track the request."
Fileservice,Hello team. Files created by one colleague are unreadable by everyone else in the shared directory. Please investigate permission inheritance. I can provide additional details through the support portal.
EOL,Hello team. Please update the asset register to show that [SERVER] has been decommissioned. The retirement work is complete. Please advise if this requires a scheduled support session.
Active Directory,Hello team. Please remove an obsolete computer object from the directory after a workstation replacement. The replacement is already joined. Please confirm which additional information you need.
Software,"Hi, PDF files fail to open in the installed reader but work in another viewer. Please repair the reader application. Please keep the requester informed of progress."
Fileservice,Could someone help with this? Please transfer ownership of the project folder on the file server. The current owner has moved to another team. This needs to be coordinated with our team lead.
Fileservice,Could someone help with this? Files created by one colleague are unreadable by everyone else in the shared directory. Please investigate permission inheritance. Please coordinate any appointment with the requester.
Computer-Services,Hello team. Please install the approved driver for the new office printer. The printer is already connected to the network. This needs to be coordinated with our team lead.
Software,"Hi, The application installer rolls back before completion without explaining why. Please help inspect the installation log. I can provide additional details through the support portal."
O365,Could someone help with this? Messages sent to the team shared mailbox are not appearing in Outlook. Please check mail flow and mailbox permissions. Please coordinate any appointment with the requester.
Computer-Services,Could someone help with this? The desktop reports a failing hard drive during startup. Please arrange a device assessment and data protection steps. The request has been logged under [TICKET ID].
Active Directory,Hello team. My workstation reports that the trust relationship with the domain has failed. Other staff can still sign into their computers. The issue was first reported this morning.
Active Directory,Hello team. The domain password policy rejects every new password I try. Please help confirm the required policy and restore access. Please acknowledge receipt so we can track the request.
Support general,I have a general IT question about requesting support during travel. Please explain the approved contact and escalation process. The issue was first reported this morning.
Software,Hi support team. Please grant approved access to the project management application. My corporate login already works. The request has been logged under [TICKET ID].
EOL,please remove the obsolete dns records for a decommissioned server. the replacement uses a different hostname. this is affecting work at [LOCATION].
Support general,Hello team. Please explain the approval process for buying additional IT equipment. I am requesting procurement guidance at this stage. Please coordinate any appointment with the requester.
O365,Could someone help with this? Please add an approved delegate to my Outlook calendar. They need to schedule meetings on my behalf. Please contact [NAME] if more details are needed.
Fileservice,Could someone help with this? I can read the shared folder but cannot delete files I created there. Please check the delete permission on the network share.
Active Directory,Could someone help with this? The account unlock portal says my corporate username does not exist. Please check my directory record. Please acknowledge receipt so we can track the request.
Software,The approved text editor loses its settings after every restart. Please check the application profile. Please confirm which additional information you need.
Active Directory,Could someone help with this? Please add [USERNAME] to the approved directory security group [GROUP]. This request is for group membership only. We have included the relevant details in the service request.
O365,Could someone help with this? The out-of-office reply does not activate in Exchange Online. Please check the mailbox automatic reply settings. Please coordinate any appointment with the requester.
Active Directory,"hi, please disable the domain account for [USERNAME]. their employment has ended and the access removal is approved. please acknowledge receipt so we can track the request."
Computer-Services,Hi support team. My external monitor says no signal while the laptop is docked. The monitor works when connected directly. The requester is working from [LOCATION] today.
Computer-Services,Hi support team. The laptop fan runs at full speed and the machine shuts down from heat. Please inspect the cooling system. Please confirm which additional information you need.
Computer-Services,Hello team. My desktop has become very slow and reports memory errors at startup. Please run hardware diagnostics. I can provide additional details through the support portal.
Active Directory,Could someone help with this? The surname on my directory profile is wrong after a name change. Please update the display name and account details. Please contact [NAME] if more details are needed.
Support general,could someone help with this? several staff cannot reach any internal websites while public internet access works. please triage the network connectivity issue. please acknowledge receipt so we can track the request.
Computer-Services,The scanner feeder pulls several sheets at once. Please service the document feeder. This needs to be coordinated with our team lead.
Fileservice,Hello team. Please check why the replicated shared folder has different contents at the two offices. The missing files were saved yesterday. We can confirm the affected details when you contact us.
O365,The out-of-office reply does not activate in Exchange Online. Please check the mailbox automatic reply settings. The local contact is available during office hours.
Support general,hello team. i accidentally entered my credentials on a suspicious website. please escalate this to the security response team. the local contact is available during office hours.
Fileservice,Hello team. Please set up a new SMB share for the approved project directory. The underlying server is already available. Please let us know the next steps.
Software,Hi support team. The customer support application cannot load its add-in. Please investigate the plugin compatibility error. The request has been logged under [TICKET ID].
Active Directory,I changed my domain password and now Windows keeps rejecting it on the office network. Please check the account authentication state. The local contact is available during office hours.
Software,The procurement application denies access to the purchasing module. My login succeeds and the application owner has approved the role.
Active Directory,"Hi, Please set the approved expiry date on a temporary directory account. It should not remain active indefinitely. The local contact is available during office hours."
O365,Mail sent on behalf of the shared mailbox is rejected for insufficient permission. Please check the delegation settings.
Support general,Hi support team. I received a suspicious message asking for my password. Please route it to the security team for review. Please keep the requester informed of progress.
O365,Could someone help with this? Excel says my Microsoft 365 subscription cannot be verified. The application is installed and my other services work. Please advise if this requires a scheduled support session.
EOL,Hello team. The retired server is still listed in the vulnerability scanner. Please remove the obsolete target from the scanning inventory. The requester is working from [LOCATION] today.
Active Directory,Hi support team. The domain controller cannot find the new computer account during the join process. Please check the directory object. The requester is working from [LOCATION] today.
Active Directory,"Hi, I need a domain password reset, not an Outlook mailbox change. Windows login is the part that is failing. Please confirm which additional information you need."
Support general,Hi support team. Please provide the current status of the announced service interruption. We need to know which teams are investigating.
Active Directory,hello team. the surname on my directory profile is wrong after a name change. please update the display name and account details. please coordinate any appointment with the requester.
Fileservice,"Hi, A confidential folder is visible to people outside the approved team. Please review the file share permissions. The requester is working from [LOCATION] today."
Fileservice,The file server backup restore completed but the recovered folder has incorrect permissions. Please restore the approved access settings. The local contact is available during office hours.
EOL,Could someone help with this? We are closing an unused server rack and need the retired assets reconciled against the inventory. Please coordinate the retirement checklist. We have included the relevant details in the service request.
Active Directory,could someone help with this? please set the approved expiry date on a temporary directory account. it should not remain active indefinitely.
EOL,Hello team. The old development server has been replaced. Please remove its obsolete network reservations during the retirement work. The request has been logged under [TICKET ID].
Computer-Services,"Hi, The trackpad clicks by itself and makes the laptop difficult to use. Please inspect the pointing device. A colleague can assist with the follow-up if I am unavailable."
Active Directory,Could someone help with this? Please re-enable the expired domain account for the returning contractor. The renewed assignment has been approved. The issue was first reported this morning.
Support general,"Hi, I accidentally entered my credentials on a suspicious website. Please escalate this to the security response team. We can confirm the affected details when you contact us."
EOL,hi support team. the old development server has been replaced. please remove its obsolete network reservations during the retirement work. please advise if this requires a scheduled support session.
Active Directory,Could someone help with this? Please audit the nested directory groups that give [USERNAME] administrative access. We need to verify the approved membership path. Please coordinate any appointment with the requester.
Fileservice,Could someone help with this? Please remove an obsolete network share after its contents have been migrated. The file server itself must remain in service. I can provide additional details through the support portal.
Active Directory,Our new hire's domain account was created in the wrong organizational unit. Please move it before their first login. Please advise if this requires a scheduled support session.
Fileservice,Hi support team. The department file share is full and refuses new uploads. Please review the share quota and available capacity. The requester is working from [LOCATION] today.
Computer-Services,Hello team. My USB keyboard works on another computer but not this workstation. Please inspect the USB ports and drivers. Please let us know the next steps.
Active Directory,Could someone help with this? Please move the computer object for [DEVICE] to the approved organizational unit. It currently receives the wrong domain policies. Please acknowledge receipt so we can track the request.
Software,Could someone help with this? Please update the installed database client to the approved version. The current release cannot connect to our development environment. Please acknowledge receipt so we can track the request.
Active Directory,Hi support team. Create a dedicated directory service account for the scheduled job. The approved access scope is attached to the request. Please confirm which additional information you need.
Active Directory,Hello team. My domain account locks again immediately after it is unlocked. Please check which device is submitting old credentials. Please let us know the next steps.
EOL,Hi support team. The retired server still appears in Nexthink. Please remove its inventory entry as part of decommissioning. Please keep the requester informed of progress.
Support general,Hi support team. Our office move needs coordination across several IT teams. Please assign someone to help plan the support requests. The requester is working from [LOCATION] today.
EOL,Please cancel the scheduled backup jobs for a decommissioned server after checking the retention requirements. The service has moved elsewhere. The local contact is available during office hours.
EOL,Hi support team. Please release the reserved IP address for [SERVER] after its approved retirement. Confirm the address is no longer in use first. A colleague can assist with the follow-up if I am unavailable.
Fileservice,Hello team. Please move the project directory to the new file server while preserving its access permissions. We need a coordinated migration window. A colleague can assist with the follow-up if I am unavailable.
EOL,Hello team. The storage volumes belong to a retired virtual server. Please review retention and remove the volumes approved for disposal. We can confirm the affected details when you contact us.
Software,"Hi, The software deployment portal reports that the requested application installation failed. Please check the deployment package. The requester is working from [LOCATION] today."
EOL,"hi, the legacy mail server is being permanently retired after migration. please complete the server decommissioning work. please acknowledge receipt so we can track the request."
Software,"Hi, Adobe Acrobat fails to install with error 1603. Please investigate the application installer."
Support general,Hello team. A visitor needs guidance on how to request temporary internet access. Please direct them to the correct process. The issue was first reported this morning.
O365,Hello team. Excel says my Microsoft 365 subscription cannot be verified. The application is installed and my other services work. The request has been logged under [TICKET ID].
O365,Please enable the online archive for my Exchange Online mailbox. The approved retention settings should remain in place. We can confirm the affected details when you contact us.
Support general,Please reopen ticket [TICKET ID] because the reported issue is still unresolved. The earlier closure was premature. The request has been logged under [TICKET ID].
EOL,Please review outstanding scheduled tasks before the legacy server is permanently shut down. This is part of its approved retirement. This needs to be coordinated with our team lead.
Software,Could someone help with this? Please reset my password in the standalone vendor application. This account is separate from my corporate directory login. Please coordinate any appointment with the requester.
O365,Could someone help with this? Messages sent to the team shared mailbox are not appearing in Outlook. Please check mail flow and mailbox permissions. Please contact [NAME] if more details are needed.
Computer-Services,hi support team. the operating system update left my laptop in a repeated recovery loop. please help repair the workstation. please confirm which additional information you need.
O365,Hi support team. The out-of-office reply does not activate in Exchange Online. Please check the mailbox automatic reply settings. We have included the relevant details in the service request.
Active Directory,Please update the employee's department and office attributes in the directory. Their login name should stay the same. Please contact [NAME] if more details are needed.
Software,The scheduling application stopped launching after its update. Please review the update or restore the approved working version. A colleague can assist with the follow-up if I am unavailable.
Software,The procurement application denies access to the purchasing module. My login succeeds and the application owner has approved the role. I can provide additional details through the support portal.
Software,"Hi, Our time tracking app keeps logging me out while other services stay connected. Please investigate its session handling. The issue was first reported this morning."
Software,"Hi, Please reset my password in the standalone vendor application. This account is separate from my corporate directory login. The request has been logged under [TICKET ID]."
Software,Hello team. The software deployment portal reports that the requested application installation failed. Please check the deployment package. This needs to be coordinated with our team lead.
Active Directory,"hi, domain login works on one office workstation but fails on another for the same user. please investigate the directory authentication failure. i can provide additional details through the support portal."
Active Directory,Please remove an obsolete computer object from the directory after a workstation replacement. The replacement is already joined. This needs to be coordinated with our team lead.
Support general,Could someone help with this? We suspect a network outage because phones and computers lost connectivity together. Please coordinate initial triage. Please let us know the next steps.
Active Directory,Hi support team. Please update the employee's department and office attributes in the directory. Their login name should stay the same. Please confirm which additional information you need.
Software,Could someone help with this? The CRM application gives an internal error when I save a customer record. Please investigate the application workflow. Please let us know the next steps.
Fileservice,"Hi, The file server rejects a folder rename even though I own the contents. Please check the share permissions and open handles. This needs to be coordinated with our team lead."
Fileservice,Please restore a folder that was removed from the archive share. We can provide its original path and deletion time. A colleague can assist with the follow-up if I am unavailable.
Software,The engineering application fails to activate even with the approved license details. Please check the activation service connection. The local contact is available during office hours.
O365,Please grant approved access to the shared mailbox for our team. My existing corporate account is active. Please let us know the next steps.
Fileservice,"Hi, I accidentally deleted a document from the shared drive. Please check whether it can be restored from the file server backup. I can provide additional details through the support portal."
Computer-Services,"hi, the workstation restarts with a blue screen during boot. please investigate the operating system or device drivers. we can confirm the affected details when you contact us."
Computer-Services,The office printer has paper stuck inside and will not feed a new page. Please help clear the jam. The local contact is available during office hours.
O365,Messages sent to the team shared mailbox are not appearing in Outlook. Please check mail flow and mailbox permissions. We can confirm the affected details when you contact us.
Support general,Hello team. A visitor needs guidance on how to request temporary internet access. Please direct them to the correct process. The local contact is available during office hours.
Computer-Services,Please configure duplex printing on the new multifunction printer. Single-sided printing already works. This needs to be coordinated with our team lead.
O365,Could someone help with this? OneDrive says an item cannot sync because its path is too long. Please help resolve the Microsoft 365 sync error. I can provide additional details through the support portal.
Active Directory,My directory profile has a duplicate account with a similar username. Please investigate which record should remain active. The request has been logged under [TICKET ID].
Active Directory,Please re-enable the expired domain account for the returning contractor. The renewed assignment has been approved. Our team needs an update before the next shift.
Active Directory,"Hi, Please create a directory security group with [NAME] as the designated owner. Membership will be requested separately. I can provide additional details through the support portal."
Fileservice,Hello team. The department share is accessible by server name but not through its usual network path. Please investigate the file service namespace. Please coordinate any appointment with the requester.
O365,"Hi, The Teams channel files tab is blank even though the SharePoint library contains files. Please investigate the integration. I can provide additional details through the support portal."
Active Directory,Hello team. The domain controller cannot find the new computer account during the join process. Please check the directory object. Please advise if this requires a scheduled support session.
Computer-Services,hi support team. the label printer cuts off the right side of each label. please calibrate the printer and paper settings. the requester is working from [LOCATION] today.
Computer-Services,Hello team. The laptop fan runs at full speed and the machine shuts down from heat. Please inspect the cooling system. I can provide additional details through the support portal.
O365,Hello team. Please increase or archive my mailbox storage as appropriate. Outlook says the mailbox has reached its limit. The requester is working from [LOCATION] today.
Active Directory,Hi support team. The new starter can sign into email but has no Windows domain account. Please finish the directory provisioning. I can provide additional details through the support portal.
EOL,Hi support team. Please review outstanding scheduled tasks before the legacy server is permanently shut down. This is part of its approved retirement. Please confirm which additional information you need.
Computer-Services,Hello team. The label printer cuts off the right side of each label. Please calibrate the printer and paper settings. The issue was first reported this morning.
EOL,Hi support team. Please cancel the scheduled backup jobs for a decommissioned server after checking the retention requirements. The service has moved elsewhere. Please include the resolution in the ticket notes.
Software,please uninstall an obsolete third-party application from my workstation. it is no longer required for my work. please coordinate any appointment with the requester.
Computer-Services,could someone help with this? my laptop hinge is broken and the screen will not stay upright. please arrange a hardware repair. we have included the relevant details in the service request.
Active Directory,Please add [USERNAME] to the approved directory security group [GROUP]. This request is for group membership only. The local contact is available during office hours.
Computer-Services,Hello team. The workstation restarts with a blue screen during boot. Please investigate the operating system or device drivers. This needs to be coordinated with our team lead.
Active Directory,Hello team. Please investigate an unexpected change to a privileged directory group. We need the membership history and current access reviewed. Our team needs an update before the next shift.
EOL,Please verify that the decommissioned host has no remaining public DNS entry. The replacement endpoint is already in service. Our team needs an update before the next shift.
O365,Hi support team. Our Microsoft 365 account asks for multifactor authentication on a phone I no longer have. Please help reset the registered method. Please keep the requester informed of progress.
Software,The engineering application fails to activate even with the approved license details. Please check the activation service connection. We have included the relevant details in the service request.
Active Directory,I forgot my corporate network password and cannot sign into Windows. Please help me reset it. A colleague can assist with the follow-up if I am unavailable.
Fileservice,"hi, the home drive is not being mapped for my existing account. please check the home folder configuration on the file service. our team needs an update before the next shift."
Active Directory,Could someone help with this? Please disable the domain account for [USERNAME]. Their employment has ended and the access removal is approved. Please let us know the next steps.
Computer-Services,Hello team. My Bluetooth mouse disconnects from this laptop every few minutes. Please check the peripheral connection. This is affecting work at [LOCATION].
Active Directory,Could someone help with this? My domain account locks again immediately after it is unlocked. Please check which device is submitting old credentials. Please contact [NAME] if more details are needed.
EOL,Could someone help with this? Please arrange approved disk sanitization for the retired server hardware. The data retention review has been completed. We can confirm the affected details when you contact us.
EOL,Hi support team. Please close the configuration item for a decommissioned server in the service inventory. Keep the historical change records. Please advise if this requires a scheduled support session.
Fileservice,hello team. the dfs path opens an outdated copy of our shared folder. please check the file service referral and replication. our team needs an update before the next shift.
Fileservice,"hi support team. the shared folder opens, but i cannot save changes to any files inside it. please check my write permissions. please keep the requester informed of progress."
EOL,the old development server has been replaced. please remove its obsolete network reservations during the retirement work. please contact [NAME] if more details are needed.
Software,Hi support team. Please configure the approved ODBC connection for the reporting application. The database access request has already been granted. Please keep the requester informed of progress.
Fileservice,Hi support team. The file server refuses a filename that worked on my local computer. Please help identify the supported path and naming limits. Please confirm which additional information you need.
EOL,Please verify that the decommissioned host has no remaining public DNS entry. The replacement endpoint is already in service. We can confirm the affected details when you contact us.
Support general,please help schedule an it orientation session for new staff. this request is for guidance on the available services. the issue was first reported this morning.
Software,Please update the approved web browser on this workstation. The business application no longer supports the installed version. Please confirm which additional information you need.
O365,Hi support team. Outlook keeps asking me to sign in even though my Windows login works. Please investigate the mailbox connection. Please contact [NAME] if more details are needed.
Support general,Hello team. I cannot identify which service is failing from the error on the screen. Please help diagnose it before assigning a specialist. Please let us know the next steps.
EOL,Hello team. The old development server has been replaced. Please remove its obsolete network reservations during the retirement work. Please let us know the next steps.
Active Directory,"I need a domain password reset, not an Outlook mailbox change. Windows login is the part that is failing. The local contact is available during office hours."
Fileservice,hi support team. please set up a new smb share for the approved project directory. the underlying server is already available. i can provide additional details through the support portal.
Active Directory,domain login works on one office workstation but fails on another for the same user. please investigate the directory authentication failure. please include the resolution in the ticket notes.
Support general,Could someone help with this? Please reopen ticket [TICKET ID] because the reported issue is still unresolved. The earlier closure was premature. Please coordinate any appointment with the requester.
Support general,Hi support team. The company website is unavailable from several external connections. Please route this to the web operations team. Please advise if this requires a scheduled support session.
Computer-Services,Hello team. Please replace a damaged power adapter for my company laptop. The connector no longer fits securely. We can confirm the affected details when you contact us.
Fileservice,Hi support team. Please create an archive folder on the file server with read-only access for the team. The active project folder should stay writable. Our team needs an update before the next shift.
O365,Hello team. Please add an approved delegate to my Outlook calendar. They need to schedule meetings on my behalf. We have included the relevant details in the service request.
Active Directory,Create a dedicated directory service account for the scheduled job. The approved access scope is attached to the request. The request has been logged under [TICKET ID].
EOL,"Hi, Please coordinate secure collection of the server hardware being retired from the branch office. The disposal request is approved. Please coordinate any appointment with the requester."
O365,Could someone help with this? OneDrive says an item cannot sync because its path is too long. Please help resolve the Microsoft 365 sync error. Please advise if this requires a scheduled support session.
Software,Hello team. The CRM application gives an internal error when I save a customer record. Please investigate the application workflow. The requester is working from [LOCATION] today.
Fileservice,Could someone help with this? Please remove a former team member's access to the project file share. Their domain account should remain active. Please include the resolution in the ticket notes.
Active Directory,Windows says my account is restricted to different logon hours. Please check the schedule configured in the directory. I can provide additional details through the support portal.
Fileservice,Could someone help with this? The department file share is full and refuses new uploads. Please review the share quota and available capacity. The request has been logged under [TICKET ID].
Support general,I am not sure which team handles this issue and need help opening the correct request. Please advise where to start. A colleague can assist with the follow-up if I am unavailable.
O365,Could someone help with this? Please grant approved access to the team SharePoint site. The request is for the Microsoft 365 document library. The request has been logged under [TICKET ID].
EOL,We need the hardware serial numbers recorded before collection of the retired servers. Please coordinate the disposal handover. The request has been logged under [TICKET ID].
Software,Please reset my password in the standalone vendor application. This account is separate from my corporate directory login. The local contact is available during office hours.
Software,Hello team. Please remove the trial edition of the application and install the licensed edition. The entitlement has been approved. The local contact is available during office hours.
O365,"Hi, Please create a distribution list in Exchange Online with the approved members. We need it for team announcements. The requester is working from [LOCATION] today."
Fileservice,Please set up a new SMB share for the approved project directory. The underlying server is already available. Our team needs an update before the next shift.
Software,Please grant approved access to the project management application. My corporate login already works.
Active Directory,Hello team. Please set the approved expiry date on a temporary directory account. It should not remain active indefinitely. A colleague can assist with the follow-up if I am unavailable.
Fileservice,Hello team. A confidential folder is visible to people outside the approved team. Please review the file share permissions. I can provide additional details through the support portal.
EOL,"Hi, The retired server still appears in Nexthink. Please remove its inventory entry as part of decommissioning. Please coordinate any appointment with the requester."
Active Directory,Hi support team. Please add [USERNAME] to the approved directory security group [GROUP]. This request is for group membership only.
Active Directory,Our approved service account needs its password rotated in the directory. Please coordinate the change with the application owner. The issue was first reported this morning.
Fileservice,Please restore a folder that was removed from the archive share. We can provide its original path and deletion time. We can confirm the affected details when you contact us.
Active Directory,Hello team. The directory group membership change is not taking effect for [USERNAME]. Please check replication between domain controllers. This is affecting work at [LOCATION].
EOL,the legacy application server is due to be shut down permanently. please review dependencies before the approved retirement window. this needs to be coordinated with our team lead.
O365,Could someone help with this? My OneDrive folder shows a sync conflict for a document edited on two devices. Please help reconcile the copies. Please confirm which additional information you need.
Active Directory,Hello team. My domain account locks again immediately after it is unlocked. Please check which device is submitting old credentials. The issue was first reported this morning.
EOL,Hello team. Please unregister the retired server from the patch management platform. It has been permanently removed from service. I can provide additional details through the support portal.
Active Directory,"Hi, My Windows domain account says it is locked after several failed sign-ins. I need it unlocked so I can start work. The local contact is available during office hours."
Fileservice,"Hi, The shared folder opens, but I cannot save changes to any files inside it. Please check my write permissions. Please coordinate any appointment with the requester."
O365,Hi support team. Our Microsoft 365 account asks for multifactor authentication on a phone I no longer have. Please help reset the registered method. Please advise if this requires a scheduled support session.
Fileservice,hello team. please move the project directory to the new file server while preserving its access permissions. we need a coordinated migration window. please keep the requester informed of progress.
Support general,"Hi, Please explain the approval process for buying additional IT equipment. I am requesting procurement guidance at this stage. We have included the relevant details in the service request."
O365,"Hello team. Teams will not load my chats, but the rest of my internet connection works. Please check my Microsoft 365 service access. This needs to be coordinated with our team lead."
Support general,Could someone help with this? The guest wireless network will not connect visitors at reception. Please have the network team investigate. A colleague can assist with the follow-up if I am unavailable.
EOL,Please update the asset register to show that [SERVER] has been decommissioned. The retirement work is complete. We can confirm the affected details when you contact us.
O365,Hello team. My Outlook rules are moving important messages to the wrong folder. Please help review the mailbox rules. The local contact is available during office hours.
O365,The Teams desktop app is stuck on the loading screen while the web version works. Please help repair the Teams client. Please advise if this requires a scheduled support session.
Software,Could someone help with this? The scheduling application stopped launching after its update. Please review the update or restore the approved working version. Our team needs an update before the next shift.
Software,please update the installed database client to the approved version. the current release cannot connect to our development environment. we have included the relevant details in the service request.
O365,"Hi, I cannot see the shared calendar in Outlook anymore. Please check the calendar sharing permissions. This needs to be coordinated with our team lead."
EOL,We need a disposal record for a server that has reached the end of its service life. Please coordinate the retirement paperwork. I can provide additional details through the support portal.
Software,Hello team. Please install the approved database driver required by the analytics application. The workstation itself is working normally. Please contact [NAME] if more details are needed.
Fileservice,"Hi, The DFS path opens an outdated copy of our shared folder. Please check the file service referral and replication. Please acknowledge receipt so we can track the request."
Active Directory,Hi support team. Please audit the nested directory groups that give [USERNAME] administrative access. We need to verify the approved membership path. I can provide additional details through the support portal.
O365,Could someone help with this? My Outlook rules are moving important messages to the wrong folder. Please help review the mailbox rules. The requester is working from [LOCATION] today.
Software,"Hi, Please enable my approved role in the expense management application. I can sign in but cannot submit reports. We have included the relevant details in the service request."
Fileservice,"Could someone help with this? The shared folder opens, but I cannot save changes to any files inside it. Please check my write permissions. This is affecting work at [LOCATION]."
Software,Hi support team. The business application freezes when importing a CSV file. The same file opens correctly in a text editor. Please include the resolution in the ticket notes.
Fileservice,"Hi, Please create a shared folder for the new project with the approved access list. It should be hosted on the network file server. Please let us know the next steps."
Computer-Services,"Hi, My USB keyboard works on another computer but not this workstation. Please inspect the USB ports and drivers. The local contact is available during office hours."
O365,hi support team. onedrive says an item cannot sync because its path is too long. please help resolve the microsoft 365 sync error. the requester is working from [LOCATION] today.
O365,Please restore an item deleted from my Exchange Online mailbox. It is no longer in the Deleted Items folder. Please include the resolution in the ticket notes.
Computer-Services,Could someone help with this? Several keys on my keyboard have stopped responding. I need a replacement keyboard or repair. The issue was first reported this morning.
Support general,Please explain the approval process for buying additional IT equipment. I am requesting procurement guidance at this stage. A colleague can assist with the follow-up if I am unavailable.
EOL,Please coordinate secure collection of the server hardware being retired from the branch office. The disposal request is approved. This needs to be coordinated with our team lead.
Support general,Hi support team. The building has lost power and several IT services have stopped. Please coordinate the incident with the appropriate teams. Please include the resolution in the ticket notes.
Fileservice,hello team. the file server reports that a document is locked by a user who is no longer connected. please investigate the stale lock. we have included the relevant details in the service request.
Support general,could someone help with this? the office internet connection is down for several people. please investigate and route this to the appropriate network team. we have included the relevant details in the service request.
O365,Please add an approved delegate to my Outlook calendar. They need to schedule meetings on my behalf. The requester is working from [LOCATION] today.
Fileservice,"Hi, This is a network file share problem, not OneDrive. The mapped drive opens but every save returns Access Denied. A colleague can assist with the follow-up if I am unavailable."
Active Directory,Hi support team. Create a dedicated directory service account for the scheduled job. The approved access scope is attached to the request. The issue was first reported this morning.
EOL,Hi support team. The old database server has been replaced and is no longer accepting connections. Please carry out the approved retirement checklist. Please acknowledge receipt so we can track the request.
Software,"Hi, The inventory application opens a blank window after its latest update. Please investigate the application startup failure."
Fileservice,Hello team. Please restore a folder that was removed from the archive share. We can provide its original path and deletion time. This needs to be coordinated with our team lead.
Active Directory,Hi support team. The directory group membership change is not taking effect for [USERNAME]. Please check replication between domain controllers. Please coordinate any appointment with the requester.
Active Directory,"Hi, Please set the approved expiry date on a temporary directory account. It should not remain active indefinitely. This is affecting work at [LOCATION]."
Support general,"hi, the corporate web page is blocked by the network filtering service. please route an approved access review to the appropriate team. please coordinate any appointment with the requester."
Computer-Services,Hello team. The laptop battery is swollen and the case is separating. Please arrange safe collection and a replacement device. Please advise if this requires a scheduled support session.
Fileservice,"Hi, Please increase the approved storage quota for our department's network share. We are unable to save the project deliverables. A colleague can assist with the follow-up if I am unavailable."
EOL,Please update the asset register to show that [SERVER] has been decommissioned. The retirement work is complete. Our team needs an update before the next shift.
Fileservice,"Hi, I can read the shared folder but cannot delete files I created there. Please check the delete permission on the network share. This is affecting work at [LOCATION]."
Computer-Services,"hi, the laptop fan runs at full speed and the machine shuts down from heat. please inspect the cooling system. we can confirm the affected details when you contact us."
Software,Hi support team. Our time tracking app keeps logging me out while other services stay connected. Please investigate its session handling. Please contact [NAME] if more details are needed.
Support general,Could someone help with this? I have a general IT question about requesting support during travel. Please explain the approved contact and escalation process. The local contact is available during office hours.
Support general,"Hi, Our office telephone cannot make external calls. Please route the issue to the telephony support team. Please advise if this requires a scheduled support session."
Active Directory,"Hi, The temporary domain password for our new starter is rejected at first login. Please check the account setup. We can confirm the affected details when you contact us."
Computer-Services,Hello team. The laptop cannot detect its built-in wireless adapter. Please check the device driver and hardware. We have included the relevant details in the service request.
Active Directory,Please add [USERNAME] to the approved directory security group [GROUP]. This request is for group membership only. Please coordinate any appointment with the requester.
Computer-Services,hi support team. the trackpad clicks by itself and makes the laptop difficult to use. please inspect the pointing device. please advise if this requires a scheduled support session.
O365,"hi, please check why mail from our approved sender is being quarantined in exchange online. we need the message reviewed. please keep the requester informed of progress."
Active Directory,"Hi, Please disable the domain account for [USERNAME]. Their employment has ended and the access removal is approved. We can confirm the affected details when you contact us."
Fileservice,hi support team. the file server refuses a filename that worked on my local computer. please help identify the supported path and naming limits. we can confirm the affected details when you contact us.
Fileservice,Hi support team. Copying large files to the network share fails halfway through. Local copies on my laptop complete successfully. The request has been logged under [TICKET ID].
O365,please enable the online archive for my exchange online mailbox. the approved retention settings should remain in place. the local contact is available during office hours.
Active Directory,Could someone help with this? My domain account is marked as requiring a smart card even though none was issued. Please review the account policy. Please coordinate any appointment with the requester.
Computer-Services,the printer queue is stuck on a job that cannot be cancelled. please help restore printing on this workstation. please contact [NAME] if more details are needed.
Computer-Services,hi support team. the printer is offline on every workstation but the office internet works. please investigate the printer connection. the local contact is available during office hours.
Fileservice,Hello team. Please move the project directory to the new file server while preserving its access permissions. We need a coordinated migration window.
Computer-Services,"Hi support team. The PDF opens correctly, but the printer produces blank pages from every application. Please investigate the printing device. We can confirm the affected details when you contact us."
Computer-Services,"Hi, My laptop hinge is broken and the screen will not stay upright. Please arrange a hardware repair. The request has been logged under [TICKET ID]."
Software,Could someone help with this? Please configure the approved plugin for the design application. The main program is already installed and licensed. Please advise if this requires a scheduled support session.
Fileservice,Could someone help with this? Copying large files to the network share fails halfway through. Local copies on my laptop complete successfully. Please acknowledge receipt so we can track the request.
Software,Could someone help with this? Please grant approved access to the project management application. My corporate login already works. Please coordinate any appointment with the requester.
EOL,Could someone help with this? Please remove the load balancer entry for a retired backend server. It should no longer receive health checks or traffic. Please confirm which additional information you need.
Software,Hello team. Please update the approved web browser on this workstation. The business application no longer supports the installed version.
Computer-Services,The laptop battery is swollen and the case is separating. Please arrange safe collection and a replacement device. A colleague can assist with the follow-up if I am unavailable.
Computer-Services,Hello team. The label printer cuts off the right side of each label. Please calibrate the printer and paper settings.
Fileservice,"Hi, The file server refuses a filename that worked on my local computer. Please help identify the supported path and naming limits. This needs to be coordinated with our team lead."
O365,Hi support team. Please create a room mailbox for the new meeting space. The booking permissions have been approved. A colleague can assist with the follow-up if I am unavailable.
Support general,hello team. please help arrange accessibility support for using our it services. i need an initial discussion to determine the right assistance. please let us know the next steps.
O365,Could someone help with this? Outlook keeps asking me to sign in even though my Windows login works. Please investigate the mailbox connection. We can confirm the affected details when you contact us.
Fileservice,We need the previous version of a spreadsheet saved on the departmental file server. The current version was overwritten. Please include the resolution in the ticket notes.
Active Directory,Could someone help with this? Please move the computer object for [DEVICE] to the approved organizational unit. It currently receives the wrong domain policies. We have included the relevant details in the service request.
Active Directory,Could someone help with this? The new starter can sign into email but has no Windows domain account. Please finish the directory provisioning. Please contact [NAME] if more details are needed.
Fileservice,Hello team. Please give the approved team edit access to the network folder. They currently have read-only permissions. Our team needs an update before the next shift.
EOL,please review outstanding scheduled tasks before the legacy server is permanently shut down. this is part of its approved retirement. the local contact is available during office hours.
Support general,Could someone help with this? Our branch connection becomes unstable during the afternoon. Please arrange a network investigation. Please acknowledge receipt so we can track the request.
O365,Hi support team. The Outlook meeting room calendar shows conflicting bookings. Please investigate the room mailbox configuration. Our team needs an update before the next shift.
O365,Could someone help with this? Please assign the approved Microsoft 365 license to our existing employee account. The directory account has already been created. I can provide additional details through the support portal.
Software,Hi support team. The procurement application denies access to the purchasing module. My login succeeds and the application owner has approved the role. Please advise if this requires a scheduled support session.
O365,"Hi, Please change the external sharing settings for the approved SharePoint project site. The site owner has supplied the access requirements. Please keep the requester informed of progress."
Fileservice,Hello team. I can sign into Windows but receive Access Denied when opening the department network share. Please check the folder permissions. We have included the relevant details in the service request.
Software,The application installer rolls back before completion without explaining why. Please help inspect the installation log. Please advise if this requires a scheduled support session.
Active Directory,Could someone help with this? My directory profile has a duplicate account with a similar username. Please investigate which record should remain active. This is affecting work at [LOCATION].
Active Directory,Hello team. Please create a domain account for our new starter [NAME]. Their manager has approved the onboarding request. Please keep the requester informed of progress.
Active Directory,Hi support team. The directory group membership change is not taking effect for [USERNAME]. Please check replication between domain controllers. Our team needs an update before the next shift.
EOL,Hello team. The old print server has no remaining queues or clients. Please complete its scheduled decommissioning. This is affecting work at [LOCATION].
O365,"Hi, Please create a room mailbox for the new meeting space. The booking permissions have been approved. This is affecting work at [LOCATION]."
Software,Could someone help with this? Adobe Acrobat fails to install with error 1603. Please investigate the application installer. Please let us know the next steps.
Fileservice,"Hi, This is a network file share problem, not OneDrive. The mapped drive opens but every save returns Access Denied. I can provide additional details through the support portal."
EOL,Hi support team. Please unregister the retired server from the patch management platform. It has been permanently removed from service. This needs to be coordinated with our team lead.
EOL,hi support team. please arrange approved disk sanitization for the retired server hardware. the data retention review has been completed. please acknowledge receipt so we can track the request.
EOL,Could someone help with this? Please arrange approved disk sanitization for the retired server hardware. The data retention review has been completed. This is affecting work at [LOCATION].
Software,"Hi, Adobe Acrobat fails to install with error 1603. Please investigate the application installer. Please include the resolution in the ticket notes."
Fileservice,please transfer ownership of the project folder on the file server. the current owner has moved to another team. we can confirm the affected details when you contact us.
EOL,Hi support team. Our old virtual machine has been shut down permanently. Please complete its approved removal from the virtualization platform. Our team needs an update before the next shift.
Fileservice,Hi support team. Please give the approved team edit access to the network folder. They currently have read-only permissions. I can provide additional details through the support portal.
Computer-Services,could someone help with this? my laptop does not power on even with the charger connected. please arrange a hardware check. please contact [NAME] if more details are needed.
Support general,hi support team. a company device has been reported missing. please coordinate the lost asset response with the appropriate teams. please let us know the next steps.
EOL,"Hi, Please clean up the server-specific service account after the host is retired. Confirm that no other service depends on it first. Please contact [NAME] if more details are needed."
Computer-Services,The printer produces faded pages even after a toner replacement. Please check the printer components. I can provide additional details through the support portal.
Fileservice,"Could someone help with this? This is a network file share problem, not OneDrive. The mapped drive opens but every save returns Access Denied. Our team needs an update before the next shift."
Computer-Services,Several keys on my keyboard have stopped responding. I need a replacement keyboard or repair. Please advise if this requires a scheduled support session.
Computer-Services,"Hi, Please reinstall the operating system on the approved replacement workstation. The required files have been backed up. Please confirm which additional information you need."
EOL,Hello team. The retired cluster node still appears in the management console. Please remove its stale registration after checking cluster membership. Please keep the requester informed of progress.
O365,"Hi, Please check why mail from our approved sender is being quarantined in Exchange Online. We need the message reviewed. I can provide additional details through the support portal."
Software,please install the approved database driver required by the analytics application. the workstation itself is working normally. please acknowledge receipt so we can track the request.
EOL,Hello team. The storage volumes belong to a retired virtual server. Please review retention and remove the volumes approved for disposal. Please contact [NAME] if more details are needed.
Support general,Hello team. A company device has been reported missing. Please coordinate the lost asset response with the appropriate teams. Please keep the requester informed of progress.
Software,"Hi, Please package the approved utility for installation through the software portal. The business owner has approved its use. This needs to be coordinated with our team lead."
Software,Hello team. The inventory application opens a blank window after its latest update. Please investigate the application startup failure. This needs to be coordinated with our team lead.
Software,"Hi, The approved CAD program crashes whenever I open a drawing. Other applications work normally. Please let us know the next steps."
Computer-Services,"Hi, The desktop is stuck at the manufacturer logo and never reaches Windows. Please diagnose the boot failure. The local contact is available during office hours."
EOL,Please remove the load balancer entry for a retired backend server. It should no longer receive health checks or traffic. The request has been logged under [TICKET ID].
O365,"Hi, External attendees cannot join our Teams meeting. Please check the meeting's guest access settings. We have included the relevant details in the service request."
Fileservice,"Hi, The file server refuses a filename that worked on my local computer. Please help identify the supported path and naming limits. Our team needs an update before the next shift."
EOL,Could someone help with this? Please schedule permanent shutdown of the unused test environment. Its owner has approved retirement of the servers. A colleague can assist with the follow-up if I am unavailable.
Software,the application update repeatedly asks for local administrator privileges. please arrange the approved managed installation. i can provide additional details through the support portal.
Computer-Services,the office printer is printing duplicate copies of every job. please check the device configuration and print queue. the request has been logged under [TICKET ID].
O365,Could someone help with this? Please create a distribution list in Exchange Online with the approved members. We need it for team announcements. Please keep the requester informed of progress.
Active Directory,Please create a directory security group with [NAME] as the designated owner. Membership will be requested separately. This needs to be coordinated with our team lead.
Active Directory,Hello team. The domain password policy rejects every new password I try. Please help confirm the required policy and restore access. The requester is working from [LOCATION] today.
O365,Hi support team. Please configure an approved email alias for my existing mailbox. My primary address should stay unchanged. The request has been logged under [TICKET ID].
EOL,Hi support team. Please close the configuration item for a decommissioned server in the service inventory. Keep the historical change records. Please contact [NAME] if more details are needed.
EOL,Hi support team. Please remove the old server from the disaster recovery plan after decommissioning. The replacement has already been added. We have included the relevant details in the service request.
Computer-Services,Could someone help with this? The laptop battery is swollen and the case is separating. Please arrange safe collection and a replacement device.
Active Directory,Could someone help with this? Please audit the nested directory groups that give [USERNAME] administrative access. We need to verify the approved membership path. Please let us know the next steps.
EOL,Hi support team. We need a disposal record for a server that has reached the end of its service life. Please coordinate the retirement paperwork. The local contact is available during office hours.
Active Directory,Hello team. Our approved service account needs its password rotated in the directory. Please coordinate the change with the application owner. Please keep the requester informed of progress.
Active Directory,Could someone help with this? I changed my domain password and now Windows keeps rejecting it on the office network. Please check the account authentication state. This is affecting work at [LOCATION].
Support general,"Hi, Please reopen ticket [TICKET ID] because the reported issue is still unresolved. The earlier closure was premature. We can confirm the affected details when you contact us."
Computer-Services,Could someone help with this? My monitor flickers even when a different cable is used. Please check whether the display needs replacing. Please coordinate any appointment with the requester.
EOL,Could someone help with this? Please review outstanding scheduled tasks before the legacy server is permanently shut down. This is part of its approved retirement. Please let us know the next steps.
Support general,Hello team. I am not sure which team handles this issue and need help opening the correct request. Please advise where to start. This needs to be coordinated with our team lead.
Software,Hello team. The document conversion tool creates damaged output files. Please check the application's configuration and version. Please keep the requester informed of progress.
Support general,Hi support team. Our site-to-site VPN link is down and the branch cannot reach internal services. Please arrange network triage. This needs to be coordinated with our team lead.
O365,Hello team. My Outlook rules are moving important messages to the wrong folder. Please help review the mailbox rules. Please let us know the next steps.
Active Directory,Hello team. Please investigate an unexpected change to a privileged directory group. We need the membership history and current access reviewed. Please coordinate any appointment with the requester.
Support general,could someone help with this? please explain the approval process for buying additional it equipment. i am requesting procurement guidance at this stage. our team needs an update before the next shift.
Computer-Services,Could someone help with this? The conference room camera is physically damaged. Please arrange replacement meeting room equipment. Please coordinate any appointment with the requester.
Software,Hi support team. Please install the approved PDF editor on my workstation. I need to edit and combine documents for my role. Please contact [NAME] if more details are needed.
Active Directory,Hello team. Domain login works on one office workstation but fails on another for the same user. Please investigate the directory authentication failure.
Computer-Services,Could someone help with this? The scanner is not listed among the devices on my computer. Please install its approved driver. Please let us know the next steps.
Software,Could someone help with this? Please install the approved PDF editor on my workstation. I need to edit and combine documents for my role. The issue was first reported this morning.
EOL,could someone help with this? we need the hardware serial numbers recorded before collection of the retired servers. please coordinate the disposal handover. please advise if this requires a scheduled support session.
Computer-Services,"Hi, The label printer cuts off the right side of each label. Please calibrate the printer and paper settings. This is affecting work at [LOCATION]."
Active Directory,Hello team. Our contractor's directory account expired before their extended assignment finished. Please update the account expiry date. Please include the resolution in the ticket notes.
Support general,Please direct me to the policy for using a personal device for work. I need the process before submitting a technical request. We have included the relevant details in the service request.
Active Directory,Please grant [USERNAME] membership in the approved remote access directory group. The VPN service itself is working. The issue was first reported this morning.
Computer-Services,The conference room camera is physically damaged. Please arrange replacement meeting room equipment. Please include the resolution in the ticket notes.
Active Directory,"Hi, Please create a directory security group with [NAME] as the designated owner. Membership will be requested separately. Please contact [NAME] if more details are needed."
Support general,I need assistance understanding the rejection of my service request. Please explain what information is missing. This needs to be coordinated with our team lead.
Support general,The company website is unavailable from several external connections. Please route this to the web operations team. This needs to be coordinated with our team lead.
EOL,The legacy application server is due to be shut down permanently. Please review dependencies before the approved retirement window. A colleague can assist with the follow-up if I am unavailable.
EOL,Hi support team. Please remove the obsolete DNS records for a decommissioned server. The replacement uses a different hostname. This needs to be coordinated with our team lead.
Software,"The application license is valid, but the program closes immediately after launch. Please investigate the application crash. We have included the relevant details in the service request."
O365,Could someone help with this? Please create a room mailbox for the new meeting space. The booking permissions have been approved. Please advise if this requires a scheduled support session.
Fileservice,the department share is accessible by server name but not through its usual network path. please investigate the file service namespace. please include the resolution in the ticket notes.
O365,hi support team. the out-of-office reply does not activate in exchange online. please check the mailbox automatic reply settings. i can provide additional details through the support portal.
Software,Could someone help with this? Please provide the approved version of the terminal client. I need it to connect to our development servers. Our team needs an update before the next shift.
EOL,Could someone help with this? We need confirmation that no clients still connect to the host marked for retirement. Please complete this decommissioning prerequisite. Please contact [NAME] if more details are needed.
Support general,Our office move needs coordination across several IT teams. Please assign someone to help plan the support requests. Please acknowledge receipt so we can track the request.
Fileservice,"Hello team. This is a network file share problem, not OneDrive. The mapped drive opens but every save returns Access Denied. Please coordinate any appointment with the requester."
Active Directory,"Hi, Please audit the nested directory groups that give [USERNAME] administrative access. We need to verify the approved membership path. The requester is working from [LOCATION] today."
Computer-Services,Hello team. The printer is offline on every workstation but the office internet works. Please investigate the printer connection. Please acknowledge receipt so we can track the request.
Active Directory,Hello team. The surname on my directory profile is wrong after a name change. Please update the display name and account details. The requester is working from [LOCATION] today.
Active Directory,Could someone help with this? My workstation reports that the trust relationship with the domain has failed. Other staff can still sign into their computers. Please contact [NAME] if more details are needed.
EOL,Hello team. Please reclaim the server licenses that are no longer needed following decommissioning. The replacement licenses are managed separately. Please keep the requester informed of progress.
Software,Adobe Acrobat fails to install with error 1603. Please investigate the application installer. We have included the relevant details in the service request.
Computer-Services,Hi support team. Please configure duplex printing on the new multifunction printer. Single-sided printing already works.
Fileservice,Could someone help with this? My mapped network drive has disappeared after signing in. Please help reconnect it to the existing file share. Please let us know the next steps.
Fileservice,Hi support team. The home drive is not being mapped for my existing account. Please check the home folder configuration on the file service.
Active Directory,Could someone help with this? I changed my domain password and now Windows keeps rejecting it on the office network. Please check the account authentication state. The request has been logged under [TICKET ID].
Support general,Hello team. Please provide an update on ticket [TICKET ID]. We have not received a response since the last handover. Please contact [NAME] if more details are needed.
Support general,Hello team. I accidentally entered my credentials on a suspicious website. Please escalate this to the security response team. Please confirm which additional information you need.
O365,Hi support team. Please recover a deleted file from our SharePoint document library. This file was never on the network drive. Please advise if this requires a scheduled support session.
Fileservice,Hi support team. Please increase the approved storage quota for our department's network share. We are unable to save the project deliverables. Please coordinate any appointment with the requester.
EOL,could someone help with this? please cancel the scheduled backup jobs for a decommissioned server after checking the retention requirements. the service has moved elsewhere. please confirm which additional information you need.
Active Directory,Hello team. My Windows domain account says it is locked after several failed sign-ins. I need it unlocked so I can start work. Please contact [NAME] if more details are needed.
Software,Hi support team. Please configure the approved plugin for the design application. The main program is already installed and licensed. Please keep the requester informed of progress.
Computer-Services,Hi support team. The touchscreen registers touches in the wrong position. Please calibrate or repair the display. Please contact [NAME] if more details are needed.
O365,Could someone help with this? Please create a room mailbox for the new meeting space. The booking permissions have been approved. The issue was first reported this morning.
Active Directory,Create a dedicated directory service account for the scheduled job. The approved access scope is attached to the request. We have included the relevant details in the service request.
Computer-Services,"hi, the webcam is not detected by any application. please check the camera hardware and driver. please include the resolution in the ticket notes."
Computer-Services,Could someone help with this? The laptop fan runs at full speed and the machine shuts down from heat. Please inspect the cooling system. A colleague can assist with the follow-up if I am unavailable.
Computer-Services,Hello team. The label printer cuts off the right side of each label. Please calibrate the printer and paper settings. Please coordinate any appointment with the requester.
Support general,"hi, i have a general it question about requesting support during travel. please explain the approved contact and escalation process. please coordinate any appointment with the requester."
Fileservice,Could someone help with this? I can read the shared folder but cannot delete files I created there. Please check the delete permission on the network share. A colleague can assist with the follow-up if I am unavailable.
Computer-Services,Hello team. The touchscreen registers touches in the wrong position. Please calibrate or repair the display. This needs to be coordinated with our team lead.
Computer-Services,The touchscreen registers touches in the wrong position. Please calibrate or repair the display. Please keep the requester informed of progress.
O365,"Hi, Please check why mail from our approved sender is being quarantined in Exchange Online. We need the message reviewed. This needs to be coordinated with our team lead."
Support general,Hello team. We suspect a network outage because phones and computers lost connectivity together. Please coordinate initial triage. Please advise if this requires a scheduled support session.
Software,Hi support team. Please uninstall an obsolete third-party application from my workstation. It is no longer required for my work. I can provide additional details through the support portal.
Computer-Services,The office printer has paper stuck inside and will not feed a new page. Please help clear the jam. This needs to be coordinated with our team lead.
Computer-Services,The conference room camera is physically damaged. Please arrange replacement meeting room equipment. The local contact is available during office hours.
Fileservice,Please restore a folder that was removed from the archive share. We can provide its original path and deletion time. The requester is working from [LOCATION] today.
Computer-Services,Hello team. My headset microphone is silent in every program. Please troubleshoot the audio device. The local contact is available during office hours.
O365,"Hi, Excel says my Microsoft 365 subscription cannot be verified. The application is installed and my other services work. The local contact is available during office hours."
Computer-Services,"Hi, The printer produces faded pages even after a toner replacement. Please check the printer components. We have included the relevant details in the service request."
Computer-Services,Hi support team. The printer is offline on every workstation but the office internet works. Please investigate the printer connection. Please include the resolution in the ticket notes.
Support general,Hello team. The corporate web page is blocked by the network filtering service. Please route an approved access review to the appropriate team. The local contact is available during office hours.
Active Directory,Please re-enable the expired domain account for the returning contractor. The renewed assignment has been approved. Please confirm which additional information you need.
Software,Hello team. The software deployment portal reports that the requested application installation failed. Please check the deployment package. Please contact [NAME] if more details are needed.
Computer-Services,"Hi, The laptop battery is swollen and the case is separating. Please arrange safe collection and a replacement device. The issue was first reported this morning."
Computer-Services,"hi, the desktop is stuck at the manufacturer logo and never reaches windows. please diagnose the boot failure. the issue was first reported this morning."
Software,Please repair the installation of the approved diagramming tool. Its shortcut reports a missing executable. The request has been logged under [TICKET ID].
EOL,"Hi, Please review outstanding scheduled tasks before the legacy server is permanently shut down. This is part of its approved retirement. Please acknowledge receipt so we can track the request."
Computer-Services,Hello team. The webcam is not detected by any application. Please check the camera hardware and driver. Please coordinate any appointment with the requester.
Support general,Please direct me to the policy for using a personal device for work. I need the process before submitting a technical request. A colleague can assist with the follow-up if I am unavailable.
Fileservice,Hi support team. The department file share is full and refuses new uploads. Please review the share quota and available capacity. Please contact [NAME] if more details are needed.
Support general,"Hi, The service portal will not let me submit an attachment with my support request. Please help me provide the diagnostic information. Please advise if this requires a scheduled support session."
Support general,Hi support team. I cannot identify which service is failing from the error on the screen. Please help diagnose it before assigning a specialist. Please advise if this requires a scheduled support session.
Active Directory,Hi support team. The account unlock portal says my corporate username does not exist. Please check my directory record. Please include the resolution in the ticket notes.
O365,Could someone help with this? Please restore an item deleted from my Exchange Online mailbox. It is no longer in the Deleted Items folder. The request has been logged under [TICKET ID].
Computer-Services,Hello team. Please install the approved driver for the new office printer. The printer is already connected to the network. A colleague can assist with the follow-up if I am unavailable.
Active Directory,"Hello team. I need a domain password reset, not an Outlook mailbox change. Windows login is the part that is failing. Please include the resolution in the ticket notes."
Support general,Please coordinate a planned office shutdown with the relevant IT teams. Several services need to be included in the schedule. Please include the resolution in the ticket notes.
Support general,Could someone help with this? I received a suspicious message asking for my password. Please route it to the security team for review. The issue was first reported this morning.
O365,Could someone help with this? The Outlook meeting room calendar shows conflicting bookings. Please investigate the room mailbox configuration. Please include the resolution in the ticket notes.
Support general,Hi support team. Our office move needs coordination across several IT teams. Please assign someone to help plan the support requests. Please include the resolution in the ticket notes.
Active Directory,Please change the logon name for [USERNAME] to match the approved naming standard. Preserve the existing account memberships. Please contact [NAME] if more details are needed.
Support general,Could someone help with this? We found an unknown device connected to an office network socket. Please route this to security for investigation. We have included the relevant details in the service request.
Active Directory,The directory group membership change is not taking effect for [USERNAME]. Please check replication between domain controllers. The requester is working from [LOCATION] today.
EOL,Hello team. Please remove the old server from the disaster recovery plan after decommissioning. The replacement has already been added. Please keep the requester informed of progress.
Support general,Hello team. Please direct me to the policy for using a personal device for work. I need the process before submitting a technical request. I can provide additional details through the support portal.
Fileservice,"Hi, Please create an archive folder on the file server with read-only access for the team. The active project folder should stay writable. The issue was first reported this morning."
EOL,"Hi, The old development server has been replaced. Please remove its obsolete network reservations during the retirement work. Please include the resolution in the ticket notes."
EOL,"Hi, We need a disposal record for a server that has reached the end of its service life. Please coordinate the retirement paperwork. We can confirm the affected details when you contact us."
Support general,Hello team. The network socket at my desk has no connection with multiple tested devices. Please arrange a network port check. A colleague can assist with the follow-up if I am unavailable.
EOL,Hi support team. Please verify that the decommissioned host has no remaining public DNS entry. The replacement endpoint is already in service. The local contact is available during office hours.
Computer-Services,"Hi, The printer produces faded pages even after a toner replacement. Please check the printer components. We can confirm the affected details when you contact us."
Computer-Services,Hi support team. Please reinstall the operating system on the approved replacement workstation. The required files have been backed up. Please coordinate any appointment with the requester.
Computer-Services,Please reinstall the operating system on the approved replacement workstation. The required files have been backed up. The issue was first reported this morning.
EOL,"Hi, Please terminate the unused cloud instance after its retirement approval is confirmed. Its workload has been migrated. The requester is working from [LOCATION] today."
Software,The licensed statistics package reports that no seats are available. Please check the application license server. The request has been logged under [TICKET ID].
Support general,The building has lost power and several IT services have stopped. Please coordinate the incident with the appropriate teams. Please contact [NAME] if more details are needed.
Software,Hello team. The procurement application denies access to the purchasing module. My login succeeds and the application owner has approved the role. The local contact is available during office hours.
Fileservice,Hello team. The home folder quota warning remains after old files were removed. Please check the file service quota calculation. Please confirm which additional information you need.
Active Directory,The surname on my directory profile is wrong after a name change. Please update the display name and account details. Please advise if this requires a scheduled support session.
Software,PDF files fail to open in the installed reader but work in another viewer. Please repair the reader application. Please let us know the next steps.
Fileservice,Please enable the approved team to create subfolders on the shared drive. They can currently read files but cannot create directories. Please keep the requester informed of progress.
EOL,Hello team. Please remove the load balancer entry for a retired backend server. It should no longer receive health checks or traffic. Please let us know the next steps.
O365,Hello team. OneDrive has stopped synchronizing the documents in my work account. The files are still present locally. We have included the relevant details in the service request.
Computer-Services,Hi support team. The scanner produces a solid black page for every document. Please inspect the scanning hardware. The local contact is available during office hours.
Software,Please configure the approved ODBC connection for the reporting application. The database access request has already been granted. Our team needs an update before the next shift.
O365,Hello team. Teams does not show my updated display name even though the directory is correct. Please check the Microsoft 365 profile synchronization. This is affecting work at [LOCATION].
Software,Hi support team. The application installer rolls back before completion without explaining why. Please help inspect the installation log. Please acknowledge receipt so we can track the request.
Active Directory,could someone help with this? please add [USERNAME] to the approved directory security group [GROUP]. this request is for group membership only. this needs to be coordinated with our team lead.
Fileservice,Hi support team. Please create a shared folder for the new project with the approved access list. It should be hosted on the network file server. Please acknowledge receipt so we can track the request.
EOL,We need a disposal record for a server that has reached the end of its service life. Please coordinate the retirement paperwork. Please advise if this requires a scheduled support session.
O365,Hi support team. OneDrive has stopped synchronizing the documents in my work account. The files are still present locally. The requester is working from [LOCATION] today.
Fileservice,Hi support team. The home drive is not being mapped for my existing account. Please check the home folder configuration on the file service. A colleague can assist with the follow-up if I am unavailable.
EOL,Could someone help with this? Please release the reserved IP address for [SERVER] after its approved retirement. Confirm the address is no longer in use first. The local contact is available during office hours.
EOL,"Hi, We need a disposal record for a server that has reached the end of its service life. Please coordinate the retirement paperwork. Please coordinate any appointment with the requester."
EOL,"Hi, Please cancel the scheduled backup jobs for a decommissioned server after checking the retention requirements. The service has moved elsewhere. We can confirm the affected details when you contact us."
EOL,Hi support team. The old backup appliance is at the end of its service life. Please plan its decommissioning after retention obligations are satisfied.
Software,Hello team. The approved text editor loses its settings after every restart. Please check the application profile. I can provide additional details through the support portal.
Software,hi support team. the engineering application fails to activate even with the approved license details. please check the activation service connection. please contact [NAME] if more details are needed.
Fileservice,Hello team. Please check why offline copies of our network share do not synchronize after reconnecting. The file server is reachable. Please contact [NAME] if more details are needed.
Active Directory,Hi support team. Please create a domain account for our new starter [NAME]. Their manager has approved the onboarding request. Please acknowledge receipt so we can track the request.
Computer-Services,Please replace a damaged power adapter for my company laptop. The connector no longer fits securely. I can provide additional details through the support portal.
Computer-Services,Hello team. The printer queue is stuck on a job that cannot be cancelled. Please help restore printing on this workstation. I can provide additional details through the support portal.
Support general,hello team. we found an unknown device connected to an office network socket. please route this to security for investigation. our team needs an update before the next shift.
Support general,Hello team. Several staff cannot reach any internal websites while public internet access works. Please triage the network connectivity issue.
O365,Hello team. My Outlook rules are moving important messages to the wrong folder. Please help review the mailbox rules. Please keep the requester informed of progress.
O365,Could someone help with this? The Teams channel files tab is blank even though the SharePoint library contains files. Please investigate the integration. The request has been logged under [TICKET ID].
Software,Could someone help with this? The approved CAD program crashes whenever I open a drawing. Other applications work normally. The requester is working from [LOCATION] today.
Computer-Services,My monitor flickers even when a different cable is used. Please check whether the display needs replacing. The issue was first reported this morning.
Support general,"Hi, The network socket at my desk has no connection with multiple tested devices. Please arrange a network port check. Please include the resolution in the ticket notes."
O365,"Hi support team. Teams will not load my chats, but the rest of my internet connection works. Please check my Microsoft 365 service access. The local contact is available during office hours."
Software,Hello team. Please provide the approved version of the terminal client. I need it to connect to our development servers. Please include the resolution in the ticket notes.
Support general,"Hi, Please merge my duplicate support requests into the existing incident. They describe the same problem. Please confirm which additional information you need."
Active Directory,Hello team. Please join the replacement workstation [DEVICE] to our corporate domain. The device setup is otherwise complete. We can confirm the affected details when you contact us.
Fileservice,please check why offline copies of our network share do not synchronize after reconnecting. the file server is reachable. please let us know the next steps.
Software,"Hi, The document conversion tool creates damaged output files. Please check the application's configuration and version. We can confirm the affected details when you contact us."
EOL,"Hi, We need a disposal record for a server that has reached the end of its service life. Please coordinate the retirement paperwork. This is affecting work at [LOCATION]."
Software,"Hi, Please configure the approved ODBC connection for the reporting application. The database access request has already been granted. This needs to be coordinated with our team lead."
EOL,Hi support team. Please cancel the scheduled backup jobs for a decommissioned server after checking the retention requirements. The service has moved elsewhere.
Support general,could someone help with this? the building has lost power and several it services have stopped. please coordinate the incident with the appropriate teams. the issue was first reported this morning.
EOL,Please clean up the server-specific service account after the host is retired. Confirm that no other service depends on it first. Please advise if this requires a scheduled support session.
Computer-Services,Hi support team. The operating system update left my laptop in a repeated recovery loop. Please help repair the workstation.
Computer-Services,"Hi, The printer produces faded pages even after a toner replacement. Please check the printer components."
O365,Hi support team. An email I sent from Outlook returned a nondelivery report. Please help investigate the mailbox delivery issue. Please contact [NAME] if more details are needed.
Computer-Services,Hello team. The workstation restarts with a blue screen during boot. Please investigate the operating system or device drivers. The requester is working from [LOCATION] today.
Fileservice,Hello team. Please remove a former team member's access to the project file share. Their domain account should remain active. Please advise if this requires a scheduled support session.
Active Directory,Hi support team. The new starter can sign into email but has no Windows domain account. Please finish the directory provisioning. We have included the relevant details in the service request.
Fileservice,Could someone help with this? Files created by one colleague are unreadable by everyone else in the shared directory. Please investigate permission inheritance. The issue was first reported this morning.
Fileservice,hi support team. please correct the access list on a network folder after our team reorganization. the directory group memberships are already approved. please include the resolution in the ticket notes.
Active Directory,"Hi, Please remove an obsolete computer object from the directory after a workstation replacement. The replacement is already joined. Please keep the requester informed of progress."
Computer-Services,Please replace a damaged power adapter for my company laptop. The connector no longer fits securely. This is affecting work at [LOCATION].
Support general,Could someone help with this? I need assistance understanding the rejection of my service request. Please explain what information is missing. Please include the resolution in the ticket notes.
O365,Could someone help with this? My Teams meeting invitations contain the wrong meeting information. Please investigate the calendar integration. Please acknowledge receipt so we can track the request.
Active Directory,Could someone help with this? My domain account locks again immediately after it is unlocked. Please check which device is submitting old credentials. Please acknowledge receipt so we can track the request.
EOL,Hi support team. Please reclaim the server licenses that are no longer needed following decommissioning. The replacement licenses are managed separately. Our team needs an update before the next shift.
O365,Hello team. Please configure an approved email alias for my existing mailbox. My primary address should stay unchanged. Please keep the requester informed of progress.
EOL,We need the hardware serial numbers recorded before collection of the retired servers. Please coordinate the disposal handover. Please contact [NAME] if more details are needed.
Computer-Services,Hi support team. The printer queue is stuck on a job that cannot be cancelled. Please help restore printing on this workstation. A colleague can assist with the follow-up if I am unavailable.
Support general,"Hi, I have a general IT question about requesting support during travel. Please explain the approved contact and escalation process."
Computer-Services,Hello team. The trackpad clicks by itself and makes the laptop difficult to use. Please inspect the pointing device. Please include the resolution in the ticket notes.
Software,The document conversion tool creates damaged output files. Please check the application's configuration and version. This needs to be coordinated with our team lead.
Active Directory,please re-enable the expired domain account for the returning contractor. the renewed assignment has been approved. please acknowledge receipt so we can track the request.
Computer-Services,Hi support team. The webcam is not detected by any application. Please check the camera hardware and driver. The issue was first reported this morning.
O365,hello team. please update the email forwarding configuration on the approved shared mailbox. the mailbox owner has authorized the change. this is affecting work at [LOCATION].
EOL,Hi support team. Please close the configuration item for a decommissioned server in the service inventory. Keep the historical change records. We can confirm the affected details when you contact us.
O365,Please enable the online archive for my Exchange Online mailbox. The approved retention settings should remain in place. The issue was first reported this morning.
Fileservice,"Hi, The home folder quota warning remains after old files were removed. Please check the file service quota calculation. The requester is working from [LOCATION] today."
EOL,Hi support team. Please arrange approved disk sanitization for the retired server hardware. The data retention review has been completed. Please advise if this requires a scheduled support session.
Support general,Please direct me to the policy for using a personal device for work. I need the process before submitting a technical request. The local contact is available during office hours.
Computer-Services,Hi support team. The scanner produces a solid black page for every document. Please inspect the scanning hardware. Please confirm which additional information you need.
Software,"Hi, Please package the approved utility for installation through the software portal. The business owner has approved its use. Please coordinate any appointment with the requester."
Fileservice,Please move the project directory to the new file server while preserving its access permissions. We need a coordinated migration window. This needs to be coordinated with our team lead.
O365,"Hi, External attendees cannot join our Teams meeting. Please check the meeting's guest access settings. Please let us know the next steps."
Computer-Services,Could someone help with this? The desktop is stuck at the manufacturer logo and never reaches Windows. Please diagnose the boot failure. The request has been logged under [TICKET ID].
Support general,Could someone help with this? The support portal shows my request as assigned to the wrong location. Please correct the routing information. The local contact is available during office hours.
Support general,Hello team. We found an unknown device connected to an office network socket. Please route this to security for investigation. Please let us know the next steps.
Computer-Services,My USB keyboard works on another computer but not this workstation. Please inspect the USB ports and drivers. The issue was first reported this morning.
Computer-Services,Could someone help with this? Please configure duplex printing on the new multifunction printer. Single-sided printing already works. Please acknowledge receipt so we can track the request.
Active Directory,"Hi, Create a dedicated directory service account for the scheduled job. The approved access scope is attached to the request. I can provide additional details through the support portal."
O365,Hello team. Please enable the online archive for my Exchange Online mailbox. The approved retention settings should remain in place. I can provide additional details through the support portal.
EOL,"hi, the old database server has been replaced and is no longer accepting connections. please carry out the approved retirement checklist. our team needs an update before the next shift."
EOL,Hello team. Please clean up the server-specific service account after the host is retired. Confirm that no other service depends on it first. Please coordinate any appointment with the requester.
Software,Please install the approved database driver required by the analytics application. The workstation itself is working normally. Please coordinate any appointment with the requester.
EOL,"Hi, Please clean up the server-specific service account after the host is retired. Confirm that no other service depends on it first. This needs to be coordinated with our team lead."
Computer-Services,Could someone help with this? My USB keyboard works on another computer but not this workstation. Please inspect the USB ports and drivers. We have included the relevant details in the service request.
Active Directory,Could someone help with this? Please remove an obsolete computer object from the directory after a workstation replacement. The replacement is already joined. The issue was first reported this morning.
EOL,"Hi, We have moved the file shares to the replacement server. Please retire the old file server once the migration checks pass. The request has been logged under [TICKET ID]."
EOL,Hello team. Please unregister the retired server from the patch management platform. It has been permanently removed from service. Please confirm which additional information you need.
Computer-Services,Hello team. My monitor flickers even when a different cable is used. Please check whether the display needs replacing. This needs to be coordinated with our team lead.
Software,hi support team. the customer support application cannot load its add-in. please investigate the plugin compatibility error. please confirm which additional information you need.
Support general,"Hi, Several unrelated systems are unavailable at our location. Please coordinate an initial outage investigation."
Fileservice,could someone help with this? the network drive shows a red cross and will not reconnect. other office services are working. our team needs an update before the next shift.
Fileservice,"hi, this is a network file share problem, not onedrive. the mapped drive opens but every save returns access denied. the local contact is available during office hours."
Computer-Services,"Could someone help with this? The PDF opens correctly, but the printer produces blank pages from every application. Please investigate the printing device. Our team needs an update before the next shift."
Software,"Hi, Please install the approved PDF editor on my workstation. I need to edit and combine documents for my role."
Fileservice,hello team. please restore a file from the network share backup to a separate recovery folder. do not overwrite the current copy. the local contact is available during office hours.
EOL,Hello team. Please begin the approved retirement of [SERVER]. The replacement service is live and the old machine is no longer needed. Please include the resolution in the ticket notes.
Support general,Could someone help with this? Please change the urgency on ticket [TICKET ID] after reviewing the updated business impact. The incident now affects the whole location. The local contact is available during office hours.
Software,Hello team. Please configure the approved ODBC connection for the reporting application. The database access request has already been granted. Please acknowledge receipt so we can track the request.
O365,"Hi, Mail sent on behalf of the shared mailbox is rejected for insufficient permission. Please check the delegation settings. A colleague can assist with the follow-up if I am unavailable."
Computer-Services,hi support team. the internal speakers crackle even when playing a local audio file. please inspect the audio driver and hardware. please keep the requester informed of progress.
Software,Hello team. The application update repeatedly asks for local administrator privileges. Please arrange the approved managed installation. The request has been logged under [TICKET ID].
O365,Please check why mail from our approved sender is being quarantined in Exchange Online. We need the message reviewed.
Software,Could someone help with this? Please grant approved access to the project management application. My corporate login already works. We can confirm the affected details when you contact us.
EOL,the firewall rules for a permanently retired server are still active. please coordinate their removal with the network team. please confirm which additional information you need.
Software,The licensed statistics package reports that no seats are available. Please check the application license server. The requester is working from [LOCATION] today.
O365,External attendees cannot join our Teams meeting. Please check the meeting's guest access settings. Please keep the requester informed of progress.
Support general,Hi support team. Several staff cannot reach any internal websites while public internet access works. Please triage the network connectivity issue. The requester is working from [LOCATION] today.
Software,"Hi, My accounting application says its license has expired. Please check the application entitlement and renewal status. The issue was first reported this morning."
Software,The document conversion tool creates damaged output files. Please check the application's configuration and version. The requester is working from [LOCATION] today.
Fileservice,Hello team. Please create an archive folder on the file server with read-only access for the team. The active project folder should stay writable. The requester is working from [LOCATION] today.
O365,Please recover a deleted file from our SharePoint document library. This file was never on the network drive. This needs to be coordinated with our team lead.
Active Directory,Please grant [USERNAME] membership in the approved remote access directory group. The VPN service itself is working. We can confirm the affected details when you contact us.
Support general,Hello team. The service portal will not let me submit an attachment with my support request. Please help me provide the diagnostic information. This is affecting work at [LOCATION].
Computer-Services,Hi support team. The printer is offline on every workstation but the office internet works. Please investigate the printer connection. The issue was first reported this morning.
O365,"Hi, Please create a room mailbox for the new meeting space. The booking permissions have been approved. Please acknowledge receipt so we can track the request."
Software,hello team. please provide the approved version of the terminal client. i need it to connect to our development servers. please let us know the next steps.
Active Directory,Could someone help with this? Please remove a former administrator's directory privileges while keeping their ordinary staff account. The role change is approved. Please include the resolution in the ticket notes.
Fileservice,I can read the shared folder but cannot delete files I created there. Please check the delete permission on the network share. Please keep the requester informed of progress.
Fileservice,Could someone help with this? Please grant [USERNAME] read-only access to the approved folder on our file server. Their manager has approved the request. The requester is working from [LOCATION] today.
O365,Hi support team. Please check why mail from our approved sender is being quarantined in Exchange Online. We need the message reviewed. Please contact [NAME] if more details are needed.
Active Directory,"Hi support team. I can log into Windows, but my directory account still lists the wrong manager. Please correct the manager attribute. The local contact is available during office hours."
Computer-Services,The touchscreen registers touches in the wrong position. Please calibrate or repair the display. The local contact is available during office hours.
Fileservice,Hello team. Please give the approved team edit access to the network folder. They currently have read-only permissions. Please contact [NAME] if more details are needed.
EOL,Could someone help with this? The old database server has been replaced and is no longer accepting connections. Please carry out the approved retirement checklist. Please keep the requester informed of progress.
Fileservice,Hello team. The file server refuses a filename that worked on my local computer. Please help identify the supported path and naming limits. Please keep the requester informed of progress.
EOL,Could someone help with this? Please cancel the scheduled backup jobs for a decommissioned server after checking the retention requirements. The service has moved elsewhere. The request has been logged under [TICKET ID].
EOL,Hi support team. The old development server has been replaced. Please remove its obsolete network reservations during the retirement work. We have included the relevant details in the service request.
EOL,"Hi, The storage volumes belong to a retired virtual server. Please review retention and remove the volumes approved for disposal. A colleague can assist with the follow-up if I am unavailable."
Computer-Services,Hi support team. The workstation restarts with a blue screen during boot. Please investigate the operating system or device drivers. Please let us know the next steps.
O365,"Hi, Teams will not load my chats, but the rest of my internet connection works. Please check my Microsoft 365 service access."
EOL,Hi support team. The old backup appliance is at the end of its service life. Please plan its decommissioning after retention obligations are satisfied. Please let us know the next steps.
Computer-Services,Hello team. The desktop reports a failing hard drive during startup. Please arrange a device assessment and data protection steps. Please contact [NAME] if more details are needed.
Active Directory,Hello team. Our contractor's directory account expired before their extended assignment finished. Please update the account expiry date. Please advise if this requires a scheduled support session.
Software,Could someone help with this? The business application freezes when importing a CSV file. The same file opens correctly in a text editor. The request has been logged under [TICKET ID].
EOL,"Hi, Please remove the old server from the disaster recovery plan after decommissioning. The replacement has already been added. Please coordinate any appointment with the requester."
Computer-Services,Hello team. My Bluetooth mouse disconnects from this laptop every few minutes. Please check the peripheral connection. A colleague can assist with the follow-up if I am unavailable.
O365,"Hi, Please update the email forwarding configuration on the approved shared mailbox. The mailbox owner has authorized the change. This needs to be coordinated with our team lead."
Computer-Services,Could someone help with this? Please replace a damaged power adapter for my company laptop. The connector no longer fits securely. Our team needs an update before the next shift.
Support general,Hi support team. Please update the contact person on my existing support ticket. The technical issue has not changed. Please advise if this requires a scheduled support session.
EOL,Hi support team. Please confirm completion of the retirement change for [SERVER]. We still need evidence that monitoring and network cleanup are finished. Please contact [NAME] if more details are needed.
Software,Hi support team. The application installer rolls back before completion without explaining why. Please help inspect the installation log. Please let us know the next steps.
Active Directory,"Hi, Please investigate an unexpected change to a privileged directory group. We need the membership history and current access reviewed. The issue was first reported this morning."
Software,"Hi, The business application freezes when importing a CSV file. The same file opens correctly in a text editor. Please coordinate any appointment with the requester."
Fileservice,Could someone help with this? The DFS path opens an outdated copy of our shared folder. Please check the file service referral and replication. I can provide additional details through the support portal.
Support general,Hello team. Our site-to-site VPN link is down and the branch cannot reach internal services. Please arrange network triage. I can provide additional details through the support portal.
Software,Hi support team. My accounting application says its license has expired. Please check the application entitlement and renewal status. The request has been logged under [TICKET ID].
Software,Could someone help with this? Our time tracking app keeps logging me out while other services stay connected. Please investigate its session handling. Please coordinate any appointment with the requester.
EOL,Could someone help with this? The old print server has no remaining queues or clients. Please complete its scheduled decommissioning. Please contact [NAME] if more details are needed.
Support general,we found an unknown device connected to an office network socket. please route this to security for investigation. the requester is working from [LOCATION] today.
EOL,could someone help with this? the old backup appliance is at the end of its service life. please plan its decommissioning after retention obligations are satisfied. we can confirm the affected details when you contact us.
O365,"Hi, Skype for Business will not sign in with my work account. Please investigate the collaboration service connection. Please advise if this requires a scheduled support session."
O365,Please increase or archive my mailbox storage as appropriate. Outlook says the mailbox has reached its limit. Please acknowledge receipt so we can track the request.
Support general,Hello team. I need to know the helpdesk opening hours and the process for urgent support. Please provide the correct contact details.
Computer-Services,Hi support team. The webcam is not detected by any application. Please check the camera hardware and driver. The requester is working from [LOCATION] today.
EOL,Could someone help with this? Please release the reserved IP address for [SERVER] after its approved retirement. Confirm the address is no longer in use first. Please confirm which additional information you need.
Support general,Hi support team. Please merge my duplicate support requests into the existing incident. They describe the same problem. I can provide additional details through the support portal.
Fileservice,Could someone help with this? Please map the existing team file share on my replacement workstation. My account already has approved access.
Fileservice,Hello team. The network drive shows a red cross and will not reconnect. Other office services are working. Please coordinate any appointment with the requester.
O365,Please grant approved access to the team SharePoint site. The request is for the Microsoft 365 document library. Please confirm which additional information you need.
Active Directory,"Hi, Please create a directory security group with [NAME] as the designated owner. Membership will be requested separately. The requester is working from [LOCATION] today."
EOL,"Hi, The old print server has no remaining queues or clients. Please complete its scheduled decommissioning. A colleague can assist with the follow-up if I am unavailable."
Support general,Could someone help with this? I am not sure which team handles this issue and need help opening the correct request. Please advise where to start. We have included the relevant details in the service request.
Fileservice,Please set up a new SMB share for the approved project directory. The underlying server is already available. We can confirm the affected details when you contact us.
Computer-Services,The workstation restarts with a blue screen during boot. Please investigate the operating system or device drivers. Please acknowledge receipt so we can track the request.
Active Directory,Hi support team. The temporary domain password for our new starter is rejected at first login. Please check the account setup. The issue was first reported this morning.
Support general,the building has lost power and several it services have stopped. please coordinate the incident with the appropriate teams. please coordinate any appointment with the requester.
Active Directory,Could someone help with this? My workstation reports that the trust relationship with the domain has failed. Other staff can still sign into their computers. We can confirm the affected details when you contact us.
EOL,"Hi, Please begin the approved retirement of [SERVER]. The replacement service is live and the old machine is no longer needed. The requester is working from [LOCATION] today."
O365,hello team. please restore an item deleted from my exchange online mailbox. it is no longer in the deleted items folder. we have included the relevant details in the service request.
EOL,"Hi, Please remove the obsolete DNS records for a decommissioned server. The replacement uses a different hostname. Please advise if this requires a scheduled support session."
O365,Hello team. The Teams channel files tab is blank even though the SharePoint library contains files. Please investigate the integration. The requester is working from [LOCATION] today.
Computer-Services,Could someone help with this? My laptop does not power on even with the charger connected. Please arrange a hardware check. This is affecting work at [LOCATION].
Active Directory,"Hi, Please disable the domain account for [USERNAME]. Their employment has ended and the access removal is approved. Please keep the requester informed of progress."
Software,Please reset my password in the standalone vendor application. This account is separate from my corporate directory login. We can confirm the affected details when you contact us.
Computer-Services,Hi support team. The scanner feeder pulls several sheets at once. Please service the document feeder. Please coordinate any appointment with the requester.
EOL,"Hi, We are closing an unused server rack and need the retired assets reconciled against the inventory. Please coordinate the retirement checklist. Please confirm which additional information you need."
O365,Please add an approved delegate to my Outlook calendar. They need to schedule meetings on my behalf. Please include the resolution in the ticket notes.
Computer-Services,"Hi, The laptop screen has vertical lines before Windows loads. Please check the display hardware. This needs to be coordinated with our team lead."
Computer-Services,"Hi, My headset microphone is silent in every program. Please troubleshoot the audio device. This is affecting work at [LOCATION]."
O365,"hi, please add an approved delegate to my outlook calendar. they need to schedule meetings on my behalf. our team needs an update before the next shift."
Support general,Hello team. Please explain the approval process for buying additional IT equipment. I am requesting procurement guidance at this stage. The local contact is available during office hours.
Software,Please install the approved Python development environment for my project. The request includes the required package list. The issue was first reported this morning.
Software,"Hi, The approved CAD program crashes whenever I open a drawing. Other applications work normally."
EOL,Could someone help with this? The retired server still appears in Nexthink. Please remove its inventory entry as part of decommissioning. This is affecting work at [LOCATION].
Computer-Services,"Hi, My headset microphone is silent in every program. Please troubleshoot the audio device. The requester is working from [LOCATION] today."
O365,"Hi, Please change the owner of our Microsoft Teams team. The current owner has transferred to another department. Please acknowledge receipt so we can track the request."
EOL,Could someone help with this? Please clean up the server-specific service account after the host is retired. Confirm that no other service depends on it first. We have included the relevant details in the service request.
Software,hi support team. the licensed statistics package reports that no seats are available. please check the application license server. please contact [NAME] if more details are needed.
O365,"Hi, The Teams channel files tab is blank even though the SharePoint library contains files. Please investigate the integration. This is affecting work at [LOCATION]."
Active Directory,Could someone help with this? The new starter can sign into email but has no Windows domain account. Please finish the directory provisioning. Please advise if this requires a scheduled support session.
O365,"Hi, Please assign the approved Microsoft 365 license to our existing employee account. The directory account has already been created. The issue was first reported this morning."
Software,The customer support application cannot load its add-in. Please investigate the plugin compatibility error.
Active Directory,Please change the logon name for [USERNAME] to match the approved naming standard. Preserve the existing account memberships. We can confirm the affected details when you contact us.
Fileservice,Hello team. Please give the approved team edit access to the network folder. They currently have read-only permissions. Please let us know the next steps.
O365,"Please update the members of our email distribution group. This is an email list change, not a directory login issue. I can provide additional details through the support portal."
Software,Please reset my password in the standalone vendor application. This account is separate from my corporate directory login. We have included the relevant details in the service request.
Active Directory,Could someone help with this? Please create a directory security group with [NAME] as the designated owner. Membership will be requested separately. We can confirm the affected details when you contact us.
EOL,Hi support team. Please remove the service discovery entries for a decommissioned host. Clients should use the replacement service. A colleague can assist with the follow-up if I am unavailable.
Active Directory,Hi support team. My workstation reports that the trust relationship with the domain has failed. Other staff can still sign into their computers. This is affecting work at [LOCATION].
Computer-Services,"Hi, The printer produces faded pages even after a toner replacement. Please check the printer components. The request has been logged under [TICKET ID]."
Fileservice,"Hi, The home drive is not being mapped for my existing account. Please check the home folder configuration on the file service. Please acknowledge receipt so we can track the request."
EOL,please schedule permanent shutdown of the unused test environment. its owner has approved retirement of the servers. we can confirm the affected details when you contact us.
O365,please increase or archive my mailbox storage as appropriate. outlook says the mailbox has reached its limit. we have included the relevant details in the service request.
Software,could someone help with this? please install the approved python development environment for my project. the request includes the required package list. please acknowledge receipt so we can track the request.
Computer-Services,The office printer has paper stuck inside and will not feed a new page. Please help clear the jam. Please include the resolution in the ticket notes.
Support general,"Hi, Please update the contact person on my existing support ticket. The technical issue has not changed. A colleague can assist with the follow-up if I am unavailable."
Software,could someone help with this? please install the approved database driver required by the analytics application. the workstation itself is working normally. this needs to be coordinated with our team lead.
Active Directory,Could someone help with this? Please update the employee's department and office attributes in the directory. Their login name should stay the same. This is affecting work at [LOCATION].
Active Directory,"Hi, My Windows domain account says it is locked after several failed sign-ins. I need it unlocked so I can start work. Please confirm which additional information you need."
EOL,The retired server still appears in Nexthink. Please remove its inventory entry as part of decommissioning. We can confirm the affected details when you contact us.
Computer-Services,Hello team. The laptop battery is swollen and the case is separating. Please arrange safe collection and a replacement device. Our team needs an update before the next shift.
O365,hello team. i cannot see the shared calendar in outlook anymore. please check the calendar sharing permissions. please include the resolution in the ticket notes.
Active Directory,"Hi, Please re-enable the expired domain account for the returning contractor. The renewed assignment has been approved. The request has been logged under [TICKET ID]."
O365,Hi support team. OneDrive says an item cannot sync because its path is too long. Please help resolve the Microsoft 365 sync error. Please confirm which additional information you need.
EOL,could someone help with this? please confirm completion of the retirement change for [SERVER]. we still need evidence that monitoring and network cleanup are finished.
Fileservice,Hi support team. The department share is accessible by server name but not through its usual network path. Please investigate the file service namespace. The request has been logged under [TICKET ID].
EOL,Hello team. Please verify that the decommissioned host has no remaining public DNS entry. The replacement endpoint is already in service. Please include the resolution in the ticket notes.
Fileservice,"hi, please provide a list of who can access the restricted folder on the file server. we need to review its effective permissions. the requester is working from [LOCATION] today."
EOL,Hello team. Please review outstanding scheduled tasks before the legacy server is permanently shut down. This is part of its approved retirement. The request has been logged under [TICKET ID].
EOL,Could someone help with this? The retired server is still listed in the vulnerability scanner. Please remove the obsolete target from the scanning inventory. Please acknowledge receipt so we can track the request.
Software,The browser extension required by our internal application will not install. Please check the approved extension deployment. The local contact is available during office hours.
Support general,Could someone help with this? The remote access gateway is unreachable for several users. Please investigate the network service before checking individual accounts. Please keep the requester informed of progress.
Software,Could someone help with this? My accounting application says its license has expired. Please check the application entitlement and renewal status. Please coordinate any appointment with the requester.
EOL,Please verify that the decommissioned host has no remaining public DNS entry. The replacement endpoint is already in service. Please keep the requester informed of progress.
Fileservice,Please provide a list of who can access the restricted folder on the file server. We need to review its effective permissions. The local contact is available during office hours.
Active Directory,Hello team. Please add [USERNAME] to the approved directory security group [GROUP]. This request is for group membership only. Please contact [NAME] if more details are needed.
Support general,Our site-to-site VPN link is down and the branch cannot reach internal services. Please arrange network triage. The requester is working from [LOCATION] today.
Computer-Services,Hi support team. My laptop does not power on even with the charger connected. Please arrange a hardware check.
Computer-Services,Hello team. The laptop fan runs at full speed and the machine shuts down from heat. Please inspect the cooling system. The local contact is available during office hours.
O365,"Could someone help with this? Teams will not load my chats, but the rest of my internet connection works. Please check my Microsoft 365 service access. Please confirm which additional information you need."
EOL,Hello team. Please archive the required configuration records for [SERVER] before its approved disposal. The server will not return to service. Please advise if this requires a scheduled support session.
Software,the engineering application fails to activate even with the approved license details. please check the activation service connection. please include the resolution in the ticket notes.
Active Directory,Could someone help with this? My domain account is marked as requiring a smart card even though none was issued. Please review the account policy. The request has been logged under [TICKET ID].
Software,please grant approved access to the project management application. my corporate login already works. the local contact is available during office hours.
EOL,Hi support team. The retired cluster node still appears in the management console. Please remove its stale registration after checking cluster membership. I can provide additional details through the support portal.
EOL,The retired server still triggers availability alerts. Please remove its monitoring checks as part of the closure process. The local contact is available during office hours.
Active Directory,Could someone help with this? The domain password policy rejects every new password I try. Please help confirm the required policy and restore access. Please keep the requester informed of progress.
Software,"Hi, Please transfer the approved application license to my replacement workstation. The old installation is no longer used."
Computer-Services,Hi support team. My docking station no longer detects either external monitor. The laptop screen still works normally. Please acknowledge receipt so we can track the request.
Computer-Services,Hello team. Please replace a damaged power adapter for my company laptop. The connector no longer fits securely. This needs to be coordinated with our team lead.
Active Directory,Hello team. The temporary domain password for our new starter is rejected at first login. Please check the account setup. We have included the relevant details in the service request.
Active Directory,The temporary domain password for our new starter is rejected at first login. Please check the account setup. Please keep the requester informed of progress.
Computer-Services,"Hi, The desktop reports a failing hard drive during startup. Please arrange a device assessment and data protection steps. A colleague can assist with the follow-up if I am unavailable."
Fileservice,The department share is accessible by server name but not through its usual network path. Please investigate the file service namespace. The issue was first reported this morning.
Computer-Services,hello team. the printer is offline on every workstation but the office internet works. please investigate the printer connection. we have included the relevant details in the service request.
Computer-Services,"Hi, Please install the approved driver for the new office printer. The printer is already connected to the network. Please confirm which additional information you need."
Software,Hello team. Please configure the approved ODBC connection for the reporting application. The database access request has already been granted. This is affecting work at [LOCATION].
Active Directory,Hi support team. Please join the replacement workstation [DEVICE] to our corporate domain. The device setup is otherwise complete. Please include the resolution in the ticket notes.
O365,Hello team. Please update the email forwarding configuration on the approved shared mailbox. The mailbox owner has authorized the change. The issue was first reported this morning.
Fileservice,Could someone help with this? Please correct the access list on a network folder after our team reorganization. The directory group memberships are already approved. The request has been logged under [TICKET ID].
EOL,"Hi, The retired host still has an active certificate renewal job. Please close the renewal task as part of the retirement cleanup. This is affecting work at [LOCATION]."
Active Directory,Could someone help with this? I changed my domain password and now Windows keeps rejecting it on the office network. Please check the account authentication state. Our team needs an update before the next shift.
Active Directory,My domain account locks again immediately after it is unlocked. Please check which device is submitting old credentials. Our team needs an update before the next shift.
Fileservice,"Hi, Please grant [USERNAME] read-only access to the approved folder on our file server. Their manager has approved the request. I can provide additional details through the support portal."
Support general,Hello team. Please reopen ticket [TICKET ID] because the reported issue is still unresolved. The earlier closure was premature. Please confirm which additional information you need.
Active Directory,Hi support team. Domain login works on one office workstation but fails on another for the same user. Please investigate the directory authentication failure. The requester is working from [LOCATION] today.
Active Directory,Our new hire's domain account was created in the wrong organizational unit. Please move it before their first login. Please coordinate any appointment with the requester.
Computer-Services,My monitor flickers even when a different cable is used. Please check whether the display needs replacing. Our team needs an update before the next shift.
Fileservice,Hello team. Please restore a file from the network share backup to a separate recovery folder. Do not overwrite the current copy. Please let us know the next steps.
O365,"Hi, Please add an approved delegate to my Outlook calendar. They need to schedule meetings on my behalf. Please acknowledge receipt so we can track the request."
EOL,Hello team. The retired server is still listed in the vulnerability scanner. Please remove the obsolete target from the scanning inventory. Please let us know the next steps.
Fileservice,Hi support team. The file server refuses a filename that worked on my local computer. Please help identify the supported path and naming limits. Please let us know the next steps.
Active Directory,Hi support team. I forgot my corporate network password and cannot sign into Windows. Please help me reset it. Please keep the requester informed of progress.
Computer-Services,Could someone help with this? The printer is offline on every workstation but the office internet works. Please investigate the printer connection. Please confirm which additional information you need.
Fileservice,Could someone help with this? I can sign into Windows but receive Access Denied when opening the department network share. Please check the folder permissions. We can confirm the affected details when you contact us.
EOL,Hi support team. The legacy mail server is being permanently retired after migration. Please complete the server decommissioning work. We have included the relevant details in the service request.
Computer-Services,Could someone help with this? Several keys on my keyboard have stopped responding. I need a replacement keyboard or repair. The requester is working from [LOCATION] today.
Computer-Services,Hello team. The workstation restarts with a blue screen during boot. Please investigate the operating system or device drivers. The request has been logged under [TICKET ID].
Computer-Services,"Hi, The printer is offline on every workstation but the office internet works. Please investigate the printer connection."
EOL,"Hi, The old database server has been replaced and is no longer accepting connections. Please carry out the approved retirement checklist. Please contact [NAME] if more details are needed."
Support general,Hello team. The office internet connection is down for several people. Please investigate and route this to the appropriate network team. We can confirm the affected details when you contact us.
Active Directory,hello team. our contractor's directory account expired before their extended assignment finished. please update the account expiry date. please keep the requester informed of progress.
Active Directory,Could someone help with this? Windows says my account is restricted to different logon hours. Please check the schedule configured in the directory. Please advise if this requires a scheduled support session.
Active Directory,"Hi, Our new hire's domain account was created in the wrong organizational unit. Please move it before their first login. Please contact [NAME] if more details are needed."
Computer-Services,"Hi, The trackpad clicks by itself and makes the laptop difficult to use. Please inspect the pointing device."
Support general,Please reopen ticket [TICKET ID] because the reported issue is still unresolved. The earlier closure was premature. Please keep the requester informed of progress.
Support general,Could someone help with this? Please coordinate a planned office shutdown with the relevant IT teams. Several services need to be included in the schedule. Please let us know the next steps.
O365,Hello team. Please change the owner of our Microsoft Teams team. The current owner has transferred to another department. Please confirm which additional information you need.
Active Directory,Hello team. Our new hire's domain account was created in the wrong organizational unit. Please move it before their first login. The issue was first reported this morning.
Support general,Hi support team. I have a general IT question about requesting support during travel. Please explain the approved contact and escalation process. Please confirm which additional information you need.
Computer-Services,"hi, please configure duplex printing on the new multifunction printer. single-sided printing already works. the requester is working from [LOCATION] today."
Computer-Services,Hello team. The scanner feeder pulls several sheets at once. Please service the document feeder. I can provide additional details through the support portal.
Active Directory,Hello team. Our new hire's domain account was created in the wrong organizational unit. Please move it before their first login. Please keep the requester informed of progress.
Active Directory,"hi, please change the logon name for [USERNAME] to match the approved naming standard. preserve the existing account memberships. the issue was first reported this morning."
Active Directory,Hi support team. The new starter can sign into email but has no Windows domain account. Please finish the directory provisioning. A colleague can assist with the follow-up if I am unavailable.
Active Directory,The domain password policy rejects every new password I try. Please help confirm the required policy and restore access.
O365,hello team. please assign the approved microsoft 365 license to our existing employee account. the directory account has already been created. we can confirm the affected details when you contact us.
Support general,Hi support team. The company website is unavailable from several external connections. Please route this to the web operations team. Please keep the requester informed of progress.
Computer-Services,Hi support team. My laptop does not power on even with the charger connected. Please arrange a hardware check. We have included the relevant details in the service request.
EOL,Hello team. Please arrange approved disk sanitization for the retired server hardware. The data retention review has been completed.
Software,"hi, please transfer the approved application license to my replacement workstation. the old installation is no longer used. this needs to be coordinated with our team lead."
EOL,Could someone help with this? Please remove the service discovery entries for a decommissioned host. Clients should use the replacement service. Please include the resolution in the ticket notes.
Software,hello team. please update the approved web browser on this workstation. the business application no longer supports the installed version. i can provide additional details through the support portal.
EOL,Hi support team. Please remove the obsolete DNS records for a decommissioned server. The replacement uses a different hostname. The local contact is available during office hours.
Support general,Hello team. Our office move needs coordination across several IT teams. Please assign someone to help plan the support requests. We can confirm the affected details when you contact us.
EOL,Hi support team. Please release the reserved IP address for [SERVER] after its approved retirement. Confirm the address is no longer in use first. Please coordinate any appointment with the requester.
Computer-Services,hello team. the laptop battery is swollen and the case is separating. please arrange safe collection and a replacement device. this is affecting work at [LOCATION].
O365,"Hi, An email I sent from Outlook returned a nondelivery report. Please help investigate the mailbox delivery issue. This needs to be coordinated with our team lead."
Support general,"Hi, We suspect a network outage because phones and computers lost connectivity together. Please coordinate initial triage. Please keep the requester informed of progress."
O365,"Hi support team. Windows login and network shares work normally, but Outlook cannot open my mailbox. Please investigate the email service. The local contact is available during office hours."
EOL,Could someone help with this? The old database server has been replaced and is no longer accepting connections. Please carry out the approved retirement checklist. Please advise if this requires a scheduled support session.
Fileservice,"Hi, The file server rejects a folder rename even though I own the contents. Please check the share permissions and open handles. I can provide additional details through the support portal."
O365,Please add an approved delegate to my Outlook calendar. They need to schedule meetings on my behalf. A colleague can assist with the follow-up if I am unavailable.
Fileservice,Please enable the approved team to create subfolders on the shared drive. They can currently read files but cannot create directories. Please acknowledge receipt so we can track the request.
O365,hello team. skype for business will not sign in with my work account. please investigate the collaboration service connection. this needs to be coordinated with our team lead.
Fileservice,Could someone help with this? The file server backup restore completed but the recovered folder has incorrect permissions. Please restore the approved access settings. Please include the resolution in the ticket notes.
Active Directory,Could someone help with this? The new starter can sign into email but has no Windows domain account. Please finish the directory provisioning. This needs to be coordinated with our team lead.
Software,Could someone help with this? Please remove the trial edition of the application and install the licensed edition. The entitlement has been approved. We have included the relevant details in the service request.
EOL,"Hi, Please verify that the decommissioned host has no remaining public DNS entry. The replacement endpoint is already in service. The request has been logged under [TICKET ID]."
Computer-Services,Hello team. The desktop is stuck at the manufacturer logo and never reaches Windows. Please diagnose the boot failure. This is affecting work at [LOCATION].
Software,Could someone help with this? The business application freezes when importing a CSV file. The same file opens correctly in a text editor. The requester is working from [LOCATION] today.
Software,Please configure the approved plugin for the design application. The main program is already installed and licensed. Please acknowledge receipt so we can track the request.
Computer-Services,Hi support team. The operating system update left my laptop in a repeated recovery loop. Please help repair the workstation. Please let us know the next steps.
Computer-Services,Hi support team. The desktop is stuck at the manufacturer logo and never reaches Windows. Please diagnose the boot failure. Please let us know the next steps.
Active Directory,Please update the employee's department and office attributes in the directory. Their login name should stay the same. Please include the resolution in the ticket notes.
O365,could someone help with this? please grant approved access to the team sharepoint site. the request is for the microsoft 365 document library. our team needs an update before the next shift.
Fileservice,could someone help with this? please enable the approved team to create subfolders on the shared drive. they can currently read files but cannot create directories. our team needs an update before the next shift.
EOL,Could someone help with this? The retired server is still listed in the vulnerability scanner. Please remove the obsolete target from the scanning inventory.
Fileservice,Could someone help with this? The shared drive has become very slow to list folders. Applications and local files open normally. Please acknowledge receipt so we can track the request.
Software,Hi support team. The software deployment portal reports that the requested application installation failed. Please check the deployment package. Please let us know the next steps.
Software,our time tracking app keeps logging me out while other services stay connected. please investigate its session handling. the request has been logged under [TICKET ID].
Software,"Hi, Please uninstall an obsolete third-party application from my workstation. It is no longer required for my work. Please keep the requester informed of progress."
EOL,Hi support team. Please remove the old server from the disaster recovery plan after decommissioning. The replacement has already been added. This is affecting work at [LOCATION].
Active Directory,Hi support team. Create a dedicated directory service account for the scheduled job. The approved access scope is attached to the request. The local contact is available during office hours.
EOL,Hello team. The migration is complete and the old monitoring appliance is no longer required. Please initiate the retirement workflow. The request has been logged under [TICKET ID].
EOL,Hello team. The firewall rules for a permanently retired server are still active. Please coordinate their removal with the network team. The issue was first reported this morning.
Support general,"Hi, The building has lost power and several IT services have stopped. Please coordinate the incident with the appropriate teams. We can confirm the affected details when you contact us."
EOL,"Hi, Please coordinate secure collection of the server hardware being retired from the branch office. The disposal request is approved. Please let us know the next steps."
Support general,Hello team. Several unrelated systems are unavailable at our location. Please coordinate an initial outage investigation. I can provide additional details through the support portal.
O365,I can open Outlook on the web but the desktop client will not connect. Please troubleshoot the Outlook profile. A colleague can assist with the follow-up if I am unavailable.
Active Directory,"Hi support team. I need a domain password reset, not an Outlook mailbox change. Windows login is the part that is failing. Please advise if this requires a scheduled support session."
O365,Could someone help with this? Please remove a Microsoft 365 license that is no longer required. Keep the user's domain account active. Please let us know the next steps.
Computer-Services,Hi support team. Please arrange a loaner laptop while my damaged workstation is repaired. My existing user account can be reused. This is affecting work at [LOCATION].
Software,could someone help with this? the scheduling application stopped launching after its update. please review the update or restore the approved working version. please contact [NAME] if more details are needed.
Software,Hi support team. Please uninstall an obsolete third-party application from my workstation. It is no longer required for my work. This needs to be coordinated with our team lead.
Fileservice,Hello team. Please give the approved team edit access to the network folder. They currently have read-only permissions. Please include the resolution in the ticket notes.
Active Directory,"Hi, Please set the approved expiry date on a temporary directory account. It should not remain active indefinitely. Please acknowledge receipt so we can track the request."
O365,Hello team. Please recover a deleted file from our SharePoint document library. This file was never on the network drive. A colleague can assist with the follow-up if I am unavailable.
Support general,Hello team. The remote access gateway is unreachable for several users. Please investigate the network service before checking individual accounts. A colleague can assist with the follow-up if I am unavailable.
Fileservice,could someone help with this? please map the existing team file share on my replacement workstation. my account already has approved access. a colleague can assist with the follow-up if i am unavailable.
EOL,Please remove the service discovery entries for a decommissioned host. Clients should use the replacement service.
EOL,hi support team. the old print server has no remaining queues or clients. please complete its scheduled decommissioning. this needs to be coordinated with our team lead.
Computer-Services,Could someone help with this? Several keys on my keyboard have stopped responding. I need a replacement keyboard or repair. Our team needs an update before the next shift.
Software,Could someone help with this? Please package the approved utility for installation through the software portal. The business owner has approved its use. Please include the resolution in the ticket notes.
O365,Please increase or archive my mailbox storage as appropriate. Outlook says the mailbox has reached its limit. I can provide additional details through the support portal.
Software,Hello team. Please update the installed database client to the approved version. The current release cannot connect to our development environment. I can provide additional details through the support portal.
O365,Hi support team. The out-of-office reply does not activate in Exchange Online. Please check the mailbox automatic reply settings. Please keep the requester informed of progress.
Fileservice,"hi, please grant [USERNAME] read-only access to the approved folder on our file server. their manager has approved the request. please acknowledge receipt so we can track the request."
Software,Hi support team. Please install the required language pack for the approved business application. The core application already works. We can confirm the affected details when you contact us.
Fileservice,I can read the shared folder but cannot delete files I created there. Please check the delete permission on the network share. Please coordinate any appointment with the requester.
Computer-Services,"Hi, My desktop has become very slow and reports memory errors at startup. Please run hardware diagnostics. The issue was first reported this morning."
Support general,hi support team. our site-to-site vpn link is down and the branch cannot reach internal services. please arrange network triage. please let us know the next steps.
Active Directory,Our approved delegated administrator cannot manage users in the assigned organizational unit. Please check the directory delegation. Please coordinate any appointment with the requester.
Active Directory,"hi, the temporary domain password for our new starter is rejected at first login. please check the account setup. i can provide additional details through the support portal."
O365,Could someone help with this? Teams does not show my updated display name even though the directory is correct. Please check the Microsoft 365 profile synchronization. I can provide additional details through the support portal.
Fileservice,Hi support team. The network drive shows a red cross and will not reconnect. Other office services are working. The request has been logged under [TICKET ID].
EOL,"Hi, Please arrange approved disk sanitization for the retired server hardware. The data retention review has been completed. Please confirm which additional information you need."
Software,Please update the approved web browser on this workstation. The business application no longer supports the installed version. This is affecting work at [LOCATION].
Support general,could someone help with this? our office telephone cannot make external calls. please route the issue to the telephony support team. please acknowledge receipt so we can track the request.
Active Directory,Hi support team. Please add [USERNAME] to the approved directory security group [GROUP]. This request is for group membership only. The request has been logged under [TICKET ID].
Computer-Services,Hi support team. The printer produces faded pages even after a toner replacement. Please check the printer components. A colleague can assist with the follow-up if I am unavailable.
Software,"hi, the development ide cannot find its installed compiler. please help configure the application toolchain. please contact [NAME] if more details are needed."
Computer-Services,"Hi, The scanner produces a solid black page for every document. Please inspect the scanning hardware. This needs to be coordinated with our team lead."
EOL,Please close the configuration item for a decommissioned server in the service inventory. Keep the historical change records. Please coordinate any appointment with the requester.
EOL,Could someone help with this? Please archive the required configuration records for [SERVER] before its approved disposal. The server will not return to service. Please confirm which additional information you need.
Fileservice,Could someone help with this? I accidentally deleted a document from the shared drive. Please check whether it can be restored from the file server backup. Please keep the requester informed of progress.
O365,Skype for Business will not sign in with my work account. Please investigate the collaboration service connection. The request has been logged under [TICKET ID].
O365,"Windows login and network shares work normally, but Outlook cannot open my mailbox. Please investigate the email service. Please advise if this requires a scheduled support session."
O365,"Hi, An email I sent from Outlook returned a nondelivery report. Please help investigate the mailbox delivery issue. I can provide additional details through the support portal."
Computer-Services,"Hi, The internal speakers crackle even when playing a local audio file. Please inspect the audio driver and hardware. We have included the relevant details in the service request."
Software,Hello team. Adobe Acrobat fails to install with error 1603. Please investigate the application installer. This needs to be coordinated with our team lead.
O365,Hello team. Please check why mail from our approved sender is being quarantined in Exchange Online. We need the message reviewed. The local contact is available during office hours.
Active Directory,Hello team. Our approved service account needs its password rotated in the directory. Please coordinate the change with the application owner. I can provide additional details through the support portal.
Support general,hi support team. a visitor needs guidance on how to request temporary internet access. please direct them to the correct process. we have included the relevant details in the service request.
Support general,Hi support team. Several unrelated systems are unavailable at our location. Please coordinate an initial outage investigation. The requester is working from [LOCATION] today.
Software,Hi support team. Please grant approved access to the project management application. My corporate login already works. Please include the resolution in the ticket notes.
O365,excel says my microsoft 365 subscription cannot be verified. the application is installed and my other services work. please acknowledge receipt so we can track the request.
EOL,Hi support team. We have moved the file shares to the replacement server. Please retire the old file server once the migration checks pass. The requester is working from [LOCATION] today.
Software,Hi support team. Adobe Acrobat fails to install with error 1603. Please investigate the application installer. Please keep the requester informed of progress.
Computer-Services,"hi, the office printer has paper stuck inside and will not feed a new page. please help clear the jam. please acknowledge receipt so we can track the request."
Active Directory,Could someone help with this? The account unlock portal says my corporate username does not exist. Please check my directory record. I can provide additional details through the support portal.
O365,Please add an approved delegate to my Outlook calendar. They need to schedule meetings on my behalf. This is affecting work at [LOCATION].
Software,Could someone help with this? My accounting application says its license has expired. Please check the application entitlement and renewal status. Please advise if this requires a scheduled support session.
Support general,Hi support team. The network socket at my desk has no connection with multiple tested devices. Please arrange a network port check. The issue was first reported this morning.
O365,"Hi, Please add an approved delegate to my Outlook calendar. They need to schedule meetings on my behalf. Please advise if this requires a scheduled support session."
Computer-Services,"Hi, Please arrange a loaner laptop while my damaged workstation is repaired. My existing user account can be reused. Please coordinate any appointment with the requester."
Active Directory,"hi, our new hire's domain account was created in the wrong organizational unit. please move it before their first login. this is affecting work at [LOCATION]."
EOL,Hello team. Please begin the approved retirement of [SERVER]. The replacement service is live and the old machine is no longer needed. The request has been logged under [TICKET ID].
Active Directory,Could someone help with this? Please update the employee's department and office attributes in the directory. Their login name should stay the same. The requester is working from [LOCATION] today.
Computer-Services,The touchscreen registers touches in the wrong position. Please calibrate or repair the display. A colleague can assist with the follow-up if I am unavailable.
EOL,Hello team. The legacy mail server is being permanently retired after migration. Please complete the server decommissioning work. We can confirm the affected details when you contact us.
Fileservice,hi support team. a confidential folder is visible to people outside the approved team. please review the file share permissions. we can confirm the affected details when you contact us.
Active Directory,Hi support team. Windows says my account is restricted to different logon hours. Please check the schedule configured in the directory. Our team needs an update before the next shift.
Software,Please repair the installation of the approved diagramming tool. Its shortcut reports a missing executable. The requester is working from [LOCATION] today.
Active Directory,Could someone help with this? My domain account is marked as requiring a smart card even though none was issued. Please review the account policy. A colleague can assist with the follow-up if I am unavailable.
Fileservice,Could someone help with this? The network drive shows a red cross and will not reconnect. Other office services are working. Please include the resolution in the ticket notes.
Fileservice,could someone help with this? the home drive is not being mapped for my existing account. please check the home folder configuration on the file service. please include the resolution in the ticket notes.
Fileservice,"The shared folder opens, but I cannot save changes to any files inside it. Please check my write permissions. Please include the resolution in the ticket notes."
Active Directory,Hi support team. I forgot my corporate network password and cannot sign into Windows. Please help me reset it. Please include the resolution in the ticket notes.
Support general,Could someone help with this? Please direct me to the policy for using a personal device for work. I need the process before submitting a technical request. Please let us know the next steps.
Software,Hello team. Please transfer the approved application license to my replacement workstation. The old installation is no longer used. This is affecting work at [LOCATION].
Software,Please transfer the approved application license to my replacement workstation. The old installation is no longer used. The issue was first reported this morning.
EOL,Hello team. The retired server still triggers availability alerts. Please remove its monitoring checks as part of the closure process. We have included the relevant details in the service request.
Computer-Services,Hi support team. Please reinstall the operating system on the approved replacement workstation. The required files have been backed up. Please keep the requester informed of progress.
Active Directory,hello team. my domain account locks again immediately after it is unlocked. please check which device is submitting old credentials.
Fileservice,Could someone help with this? The network drive shows a red cross and will not reconnect. Other office services are working. The issue was first reported this morning.
Active Directory,"i need a domain password reset, not an outlook mailbox change. windows login is the part that is failing. the requester is working from [LOCATION] today."
Support general,Hi support team. Please update the contact person on my existing support ticket. The technical issue has not changed. The requester is working from [LOCATION] today.
Active Directory,Hello team. Domain login works on one office workstation but fails on another for the same user. Please investigate the directory authentication failure. Please acknowledge receipt so we can track the request.
Fileservice,Could someone help with this? Please create a shared folder for the new project with the approved access list. It should be hosted on the network file server. This is affecting work at [LOCATION].
Computer-Services,The touchscreen registers touches in the wrong position. Please calibrate or repair the display. The request has been logged under [TICKET ID].
Computer-Services,The operating system update left my laptop in a repeated recovery loop. Please help repair the workstation. The issue was first reported this morning.
Support general,Our branch connection becomes unstable during the afternoon. Please arrange a network investigation. Please include the resolution in the ticket notes.
Software,"Hi, Please update the approved web browser on this workstation. The business application no longer supports the installed version. The request has been logged under [TICKET ID]."
Fileservice,Could someone help with this? Please give the approved team edit access to the network folder. They currently have read-only permissions. The requester is working from [LOCATION] today.
Software,Hi support team. The browser extension required by our internal application will not install. Please check the approved extension deployment. This is affecting work at [LOCATION].
Active Directory,"hi, please restore the accidentally disabled directory account for [USERNAME]. the account owner is still an active employee. please let us know the next steps."
Active Directory,Hello team. My domain account locks again immediately after it is unlocked. Please check which device is submitting old credentials. This is affecting work at [LOCATION].
EOL,Could someone help with this? Please unregister the retired server from the patch management platform. It has been permanently removed from service. Please keep the requester informed of progress.
O365,Hello team. Please restore an item deleted from my Exchange Online mailbox. It is no longer in the Deleted Items folder. A colleague can assist with the follow-up if I am unavailable.
EOL,We are closing an unused server rack and need the retired assets reconciled against the inventory. Please coordinate the retirement checklist. Please acknowledge receipt so we can track the request.
Active Directory,Hi support team. Please move the computer object for [DEVICE] to the approved organizational unit. It currently receives the wrong domain policies. Please let us know the next steps.
O365,Hi support team. Skype for Business will not sign in with my work account. Please investigate the collaboration service connection. Please include the resolution in the ticket notes.
Software,Hello team. The browser extension required by our internal application will not install. Please check the approved extension deployment. Please keep the requester informed of progress.
Computer-Services,My Bluetooth mouse disconnects from this laptop every few minutes. Please check the peripheral connection. Please confirm which additional information you need.
Active Directory,The surname on my directory profile is wrong after a name change. Please update the display name and account details. Our team needs an update before the next shift.
EOL,Could someone help with this? Please terminate the unused cloud instance after its retirement approval is confirmed. Its workload has been migrated. We have included the relevant details in the service request.
Software,the scheduling application stopped launching after its update. please review the update or restore the approved working version. please advise if this requires a scheduled support session.
EOL,"Hi, We have moved the file shares to the replacement server. Please retire the old file server once the migration checks pass. We can confirm the affected details when you contact us."
Fileservice,"This is a network file share problem, not OneDrive. The mapped drive opens but every save returns Access Denied. Please keep the requester informed of progress."
EOL,The storage volumes belong to a retired virtual server. Please review retention and remove the volumes approved for disposal. Our team needs an update before the next shift.
Software,Hi support team. The approved CAD program crashes whenever I open a drawing. Other applications work normally. Please advise if this requires a scheduled support session.
O365,Hi support team. The Teams desktop app is stuck on the loading screen while the web version works. Please help repair the Teams client. Our team needs an update before the next shift.
Computer-Services,Hello team. The scanner is not listed among the devices on my computer. Please install its approved driver. The requester is working from [LOCATION] today.
Software,Please install the approved Python development environment for my project. The request includes the required package list. The requester is working from [LOCATION] today.
Support general,Hello team. I have a general IT question about requesting support during travel. Please explain the approved contact and escalation process. The request has been logged under [TICKET ID].
Active Directory,The domain controller cannot find the new computer account during the join process. Please check the directory object. The local contact is available during office hours.
Software,Could someone help with this? Please update the installed database client to the approved version. The current release cannot connect to our development environment. Please contact [NAME] if more details are needed.
Support general,Could someone help with this? Several staff cannot reach any internal websites while public internet access works. Please triage the network connectivity issue. The issue was first reported this morning.
Software,Please transfer the approved application license to my replacement workstation. The old installation is no longer used. We can confirm the affected details when you contact us.
O365,I can open Outlook on the web but the desktop client will not connect. Please troubleshoot the Outlook profile. Please advise if this requires a scheduled support session.
Fileservice,Hello team. Please remove an obsolete network share after its contents have been migrated. The file server itself must remain in service. Please include the resolution in the ticket notes.
Fileservice,Hello team. Please remove an obsolete network share after its contents have been migrated. The file server itself must remain in service. The requester is working from [LOCATION] today.
Computer-Services,Please configure duplex printing on the new multifunction printer. Single-sided printing already works. Please advise if this requires a scheduled support session.
EOL,Hello team. The firewall rules for a permanently retired server are still active. Please coordinate their removal with the network team. Please keep the requester informed of progress.
Software,"hi, pdf files fail to open in the installed reader but work in another viewer. please repair the reader application. please contact [NAME] if more details are needed."
Computer-Services,"Hi, My laptop hinge is broken and the screen will not stay upright. Please arrange a hardware repair. A colleague can assist with the follow-up if I am unavailable."
Support general,Hi support team. We found an unknown device connected to an office network socket. Please route this to security for investigation. Please confirm which additional information you need.
Software,Our reporting tool crashes when exporting a PDF. Please investigate the report application's error. We have included the relevant details in the service request.
Support general,Hello team. Please help schedule an IT orientation session for new staff. This request is for guidance on the available services. Please contact [NAME] if more details are needed.
Software,Could someone help with this? The application installer rolls back before completion without explaining why. Please help inspect the installation log. The issue was first reported this morning.
O365,"Hi, Teams will not load my chats, but the rest of my internet connection works. Please check my Microsoft 365 service access. We can confirm the affected details when you contact us."
Computer-Services,Hi support team. The scanner is not listed among the devices on my computer. Please install its approved driver.
Fileservice,"Hi, Please restore a folder that was removed from the archive share. We can provide its original path and deletion time. Please confirm which additional information you need."
Support general,Could someone help with this? The network socket at my desk has no connection with multiple tested devices. Please arrange a network port check. The request has been logged under [TICKET ID].
Software,Could someone help with this? The development IDE cannot find its installed compiler. Please help configure the application toolchain. Please confirm which additional information you need.
EOL,Hi support team. The firewall rules for a permanently retired server are still active. Please coordinate their removal with the network team. Please let us know the next steps.
Active Directory,Our approved delegated administrator cannot manage users in the assigned organizational unit. Please check the directory delegation. This is affecting work at [LOCATION].
EOL,Could someone help with this? We are closing an unused server rack and need the retired assets reconciled against the inventory. Please coordinate the retirement checklist. Our team needs an update before the next shift.
Software,Hi support team. Please update the installed database client to the approved version. The current release cannot connect to our development environment. Our team needs an update before the next shift.
Computer-Services,Hi support team. The desktop is stuck at the manufacturer logo and never reaches Windows. Please diagnose the boot failure. We can confirm the affected details when you contact us.
Software,Hello team. Please transfer the approved application license to my replacement workstation. The old installation is no longer used. The local contact is available during office hours.
Computer-Services,"Hi, The laptop battery is swollen and the case is separating. Please arrange safe collection and a replacement device. I can provide additional details through the support portal."
O365,Could someone help with this? Please enable the online archive for my Exchange Online mailbox. The approved retention settings should remain in place. Please include the resolution in the ticket notes.
Support general,"Hi, I am not sure which team handles this issue and need help opening the correct request. Please advise where to start. This is affecting work at [LOCATION]."
O365,"hi, please change the external sharing settings for the approved sharepoint project site. the site owner has supplied the access requirements. our team needs an update before the next shift."
O365,Please change the owner of our Microsoft Teams team. The current owner has transferred to another department. Our team needs an update before the next shift.
Fileservice,Hello team. I can sign into Windows but receive Access Denied when opening the department network share. Please check the folder permissions. Please confirm which additional information you need.
Fileservice,"Hi, Please increase the approved storage quota for our department's network share. We are unable to save the project deliverables."
Computer-Services,Hello team. The workstation clock resets whenever power is disconnected. Please check the internal battery. A colleague can assist with the follow-up if I am unavailable.
Active Directory,Please move the computer object for [DEVICE] to the approved organizational unit. It currently receives the wrong domain policies. The issue was first reported this morning.
EOL,Hi support team. The old print server has no remaining queues or clients. Please complete its scheduled decommissioning. Please coordinate any appointment with the requester.
Fileservice,Hi support team. Please provide a list of who can access the restricted folder on the file server. We need to review its effective permissions. We can confirm the affected details when you contact us.
Support general,"Hi, Please direct me to the policy for using a personal device for work. I need the process before submitting a technical request. Please include the resolution in the ticket notes."
Support general,Could someone help with this? Several unrelated systems are unavailable at our location. Please coordinate an initial outage investigation. This needs to be coordinated with our team lead.
Software,Could someone help with this? Please repair the installation of the approved diagramming tool. Its shortcut reports a missing executable. We can confirm the affected details when you contact us.
Fileservice,"Hi, Please create an archive folder on the file server with read-only access for the team. The active project folder should stay writable. The local contact is available during office hours."
Software,"Hi, Please transfer the approved application license to my replacement workstation. The old installation is no longer used. Please acknowledge receipt so we can track the request."
O365,Hello team. Please change the external sharing settings for the approved SharePoint project site. The site owner has supplied the access requirements. Please let us know the next steps.
Fileservice,Hello team. I can read the shared folder but cannot delete files I created there. Please check the delete permission on the network share. Please confirm which additional information you need.
Support general,the service portal will not let me submit an attachment with my support request. please help me provide the diagnostic information. this needs to be coordinated with our team lead.
Active Directory,"Hi, I changed my domain password and now Windows keeps rejecting it on the office network. Please check the account authentication state. Please confirm which additional information you need."
Active Directory,hello team. our approved service account needs its password rotated in the directory. please coordinate the change with the application owner. we have included the relevant details in the service request.
Support general,Hi support team. A visitor needs guidance on how to request temporary internet access. Please direct them to the correct process. We can confirm the affected details when you contact us.
O365,Please remove a Microsoft 365 license that is no longer required. Keep the user's domain account active. A colleague can assist with the follow-up if I am unavailable.
Software,"Hi, The licensed statistics package reports that no seats are available. Please check the application license server. Please acknowledge receipt so we can track the request."
EOL,"Hi, Please schedule permanent shutdown of the unused test environment. Its owner has approved retirement of the servers. Please keep the requester informed of progress."
O365,"Could someone help with this? Please update the members of our email distribution group. This is an email list change, not a directory login issue. Please contact [NAME] if more details are needed."
Computer-Services,"Hi, The webcam is not detected by any application. Please check the camera hardware and driver. Our team needs an update before the next shift."
Active Directory,Hello team. Please add [USERNAME] to the approved directory security group [GROUP]. This request is for group membership only. Please advise if this requires a scheduled support session.
Software,Hi support team. The scheduling application stopped launching after its update. Please review the update or restore the approved working version. Please let us know the next steps.
Computer-Services,Please configure duplex printing on the new multifunction printer. Single-sided printing already works. Please keep the requester informed of progress.
EOL,Hi support team. The storage volumes belong to a retired virtual server. Please review retention and remove the volumes approved for disposal. The issue was first reported this morning.
Support general,"Hi, Please explain the approval process for buying additional IT equipment. I am requesting procurement guidance at this stage. I can provide additional details through the support portal."
Fileservice,"Hi, My mapped network drive has disappeared after signing in. Please help reconnect it to the existing file share. We have included the relevant details in the service request."
EOL,hello team. the retired cluster node still appears in the management console. please remove its stale registration after checking cluster membership. please advise if this requires a scheduled support session.
O365,Could someone help with this? My Outlook rules are moving important messages to the wrong folder. Please help review the mailbox rules.
Computer-Services,Hello team. My USB keyboard works on another computer but not this workstation. Please inspect the USB ports and drivers. We can confirm the affected details when you contact us.
Active Directory,Could someone help with this? I changed my domain password and now Windows keeps rejecting it on the office network. Please check the account authentication state. Please include the resolution in the ticket notes.
O365,"Hi, The out-of-office reply does not activate in Exchange Online. Please check the mailbox automatic reply settings. The requester is working from [LOCATION] today."
Support general,"hi, i am not sure which team handles this issue and need help opening the correct request. please advise where to start. the request has been logged under [TICKET ID]."
Fileservice,Hello team. The shared drive is prompting for credentials repeatedly even though my domain login works. Please investigate authentication to the file server. Please confirm which additional information you need.
Active Directory,"Hi, Please change the logon name for [USERNAME] to match the approved naming standard. Preserve the existing account memberships. Please let us know the next steps."
Software,"Hi, The engineering application fails to activate even with the approved license details. Please check the activation service connection. The requester is working from [LOCATION] today."
EOL,Could someone help with this? We have moved the file shares to the replacement server. Please retire the old file server once the migration checks pass. A colleague can assist with the follow-up if I am unavailable.
Support general,Hi support team. Please provide the current status of the announced service interruption. We need to know which teams are investigating. Please acknowledge receipt so we can track the request.
O365,"Hi, Please assign the approved Microsoft 365 license to our existing employee account. The directory account has already been created. The request has been logged under [TICKET ID]."
Computer-Services,Hi support team. My laptop hinge is broken and the screen will not stay upright. Please arrange a hardware repair. Please let us know the next steps.
O365,Hello team. Please change the external sharing settings for the approved SharePoint project site. The site owner has supplied the access requirements. The local contact is available during office hours.
O365,Hi support team. OneDrive has stopped synchronizing the documents in my work account. The files are still present locally. The local contact is available during office hours.
O365,Could someone help with this? The SharePoint document library says I do not have permission to upload. I can still read its existing documents. I can provide additional details through the support portal.
Support general,Please help schedule an IT orientation session for new staff. This request is for guidance on the available services. I can provide additional details through the support portal.
Support general,Hello team. The office internet connection is down for several people. Please investigate and route this to the appropriate network team. The request has been logged under [TICKET ID].
Computer-Services,The desktop reports a failing hard drive during startup. Please arrange a device assessment and data protection steps. Please coordinate any appointment with the requester.
O365,I can open Outlook on the web but the desktop client will not connect. Please troubleshoot the Outlook profile. I can provide additional details through the support portal.
O365,Could someone help with this? Mail sent on behalf of the shared mailbox is rejected for insufficient permission. Please check the delegation settings. The issue was first reported this morning.
EOL,"Hi, The old backup appliance is at the end of its service life. Please plan its decommissioning after retention obligations are satisfied. Please contact [NAME] if more details are needed."
Fileservice,Could someone help with this? The file server reports that a document is locked by a user who is no longer connected. Please investigate the stale lock. Please confirm which additional information you need.
O365,Hi support team. I can open Outlook on the web but the desktop client will not connect. Please troubleshoot the Outlook profile. This needs to be coordinated with our team lead.
Computer-Services,Could someone help with this? The desktop reports a failing hard drive during startup. Please arrange a device assessment and data protection steps. This is affecting work at [LOCATION].
O365,Hello team. External attendees cannot join our Teams meeting. Please check the meeting's guest access settings. Please advise if this requires a scheduled support session.
Computer-Services,Could someone help with this? The printer is offline on every workstation but the office internet works. Please investigate the printer connection. I can provide additional details through the support portal.
Support general,could someone help with this? please provide the current status of the announced service interruption. we need to know which teams are investigating. we have included the relevant details in the service request.
Support general,Could someone help with this? Several staff cannot reach any internal websites while public internet access works. Please triage the network connectivity issue. Please coordinate any appointment with the requester.
Software,could someone help with this? the procurement application denies access to the purchasing module. my login succeeds and the application owner has approved the role. please keep the requester informed of progress.
Software,"hi, our time tracking app keeps logging me out while other services stay connected. please investigate its session handling. our team needs an update before the next shift."
Software,Hi support team. Please install the required language pack for the approved business application. The core application already works. The requester is working from [LOCATION] today.
Computer-Services,the printer queue is stuck on a job that cannot be cancelled. please help restore printing on this workstation. please confirm which additional information you need.
EOL,The retired server is still listed in the vulnerability scanner. Please remove the obsolete target from the scanning inventory. Please advise if this requires a scheduled support session.
Active Directory,Hello team. Windows says my account is restricted to different logon hours. Please check the schedule configured in the directory. This needs to be coordinated with our team lead.
Fileservice,Hi support team. Please map the existing team file share on my replacement workstation. My account already has approved access. The request has been logged under [TICKET ID].
Software,"Hi, The customer support application cannot load its add-in. Please investigate the plugin compatibility error. Please keep the requester informed of progress."
O365,Hello team. The Teams channel files tab is blank even though the SharePoint library contains files. Please investigate the integration. Please acknowledge receipt so we can track the request.
Active Directory,hi support team. my windows domain account says it is locked after several failed sign-ins. i need it unlocked so i can start work. the issue was first reported this morning.
EOL,Hello team. Please confirm completion of the retirement change for [SERVER]. We still need evidence that monitoring and network cleanup are finished. Our team needs an update before the next shift.
Software,"Hi, The business application freezes when importing a CSV file. The same file opens correctly in a text editor."
Fileservice,Could someone help with this? Please map the existing team file share on my replacement workstation. My account already has approved access. Please confirm which additional information you need.
Software,Hello team. Please uninstall an obsolete third-party application from my workstation. It is no longer required for my work. A colleague can assist with the follow-up if I am unavailable.
Fileservice,Could someone help with this? Please grant [USERNAME] read-only access to the approved folder on our file server. Their manager has approved the request. The local contact is available during office hours.
Active Directory,Hi support team. Domain login works on one office workstation but fails on another for the same user. Please investigate the directory authentication failure. Our team needs an update before the next shift.
Computer-Services,"Hi, The label printer cuts off the right side of each label. Please calibrate the printer and paper settings. A colleague can assist with the follow-up if I am unavailable."
Fileservice,Hi support team. Please check why the replicated shared folder has different contents at the two offices. The missing files were saved yesterday. Our team needs an update before the next shift.
Active Directory,I changed my domain password and now Windows keeps rejecting it on the office network. Please check the account authentication state. This needs to be coordinated with our team lead.
Fileservice,Hello team. The department file share is full and refuses new uploads. Please review the share quota and available capacity. Please acknowledge receipt so we can track the request.
Software,Our reporting tool crashes when exporting a PDF. Please investigate the report application's error. The requester is working from [LOCATION] today.
O365,Hi support team. My Outlook rules are moving important messages to the wrong folder. Please help review the mailbox rules. This is affecting work at [LOCATION].
Active Directory,Could someone help with this? The new starter can sign into email but has no Windows domain account. Please finish the directory provisioning. The request has been logged under [TICKET ID].
O365,Hello team. Please enable the online archive for my Exchange Online mailbox. The approved retention settings should remain in place. Please confirm which additional information you need.
O365,Hello team. Messages sent to the team shared mailbox are not appearing in Outlook. Please check mail flow and mailbox permissions. The local contact is available during office hours.
Active Directory,Hello team. Our approved service account needs its password rotated in the directory. Please coordinate the change with the application owner. We can confirm the affected details when you contact us.
Support general,Could someone help with this? The service portal will not let me submit an attachment with my support request. Please help me provide the diagnostic information. The issue was first reported this morning.
O365,The out-of-office reply does not activate in Exchange Online. Please check the mailbox automatic reply settings. Please contact [NAME] if more details are needed.
Computer-Services,Could someone help with this? My desktop has become very slow and reports memory errors at startup. Please run hardware diagnostics. Please confirm which additional information you need.
Active Directory,Please remove a former administrator's directory privileges while keeping their ordinary staff account. The role change is approved. We can confirm the affected details when you contact us.
Computer-Services,"Hi, The printer queue is stuck on a job that cannot be cancelled. Please help restore printing on this workstation. Please advise if this requires a scheduled support session."
Computer-Services,"Hi, The webcam is not detected by any application. Please check the camera hardware and driver. The request has been logged under [TICKET ID]."
Active Directory,Hi support team. Please create a directory security group with [NAME] as the designated owner. Membership will be requested separately. A colleague can assist with the follow-up if I am unavailable.
Active Directory,Hello team. Our approved service account needs its password rotated in the directory. Please coordinate the change with the application owner.
Fileservice,Could someone help with this? The file server backup restore completed but the recovered folder has incorrect permissions. Please restore the approved access settings. Please coordinate any appointment with the requester.
Fileservice,Could someone help with this? We need the previous version of a spreadsheet saved on the departmental file server. The current version was overwritten. A colleague can assist with the follow-up if I am unavailable.
O365,Hi support team. Please update the email forwarding configuration on the approved shared mailbox. The mailbox owner has authorized the change. Please let us know the next steps.
Software,Please uninstall an obsolete third-party application from my workstation. It is no longer required for my work. The request has been logged under [TICKET ID].
O365,could someone help with this? our microsoft 365 account asks for multifactor authentication on a phone i no longer have. please help reset the registered method. the local contact is available during office hours.
Computer-Services,hello team. the touchscreen registers touches in the wrong position. please calibrate or repair the display. please coordinate any appointment with the requester.
EOL,could someone help with this? please terminate the unused cloud instance after its retirement approval is confirmed. its workload has been migrated. this needs to be coordinated with our team lead.
Support general,Please provide an update on ticket [TICKET ID]. We have not received a response since the last handover. Please include the resolution in the ticket notes.
Computer-Services,"Hi, My external monitor says no signal while the laptop is docked. The monitor works when connected directly. Please confirm which additional information you need."
Active Directory,Our contractor's directory account expired before their extended assignment finished. Please update the account expiry date. Please coordinate any appointment with the requester.
Active Directory,Hello team. Domain login works on one office workstation but fails on another for the same user. Please investigate the directory authentication failure. We have included the relevant details in the service request.
Software,"Hi, The CRM application gives an internal error when I save a customer record. Please investigate the application workflow. Please confirm which additional information you need."
Software,Hi support team. The document conversion tool creates damaged output files. Please check the application's configuration and version. The issue was first reported this morning.
Active Directory,"hi, my directory profile has a duplicate account with a similar username. please investigate which record should remain active. we have included the relevant details in the service request."
Software,"Hi, The document conversion tool creates damaged output files. Please check the application's configuration and version. A colleague can assist with the follow-up if I am unavailable."
O365,"Windows login and network shares work normally, but Outlook cannot open my mailbox. Please investigate the email service. This needs to be coordinated with our team lead."
EOL,Hi support team. Please review outstanding scheduled tasks before the legacy server is permanently shut down. This is part of its approved retirement.
EOL,"Hi, Please update the asset register to show that [SERVER] has been decommissioned. The retirement work is complete."
Software,Could someone help with this? The inventory application opens a blank window after its latest update. Please investigate the application startup failure. A colleague can assist with the follow-up if I am unavailable.
Computer-Services,Could someone help with this? Several keys on my keyboard have stopped responding. I need a replacement keyboard or repair. Please include the resolution in the ticket notes.
EOL,Hello team. Please remove the old server from the disaster recovery plan after decommissioning. The replacement has already been added. Please acknowledge receipt so we can track the request.
Active Directory,Could someone help with this? The directory group membership change is not taking effect for [USERNAME]. Please check replication between domain controllers. Please keep the requester informed of progress.
Software,"Hi, My accounting application says its license has expired. Please check the application entitlement and renewal status. The local contact is available during office hours."
Computer-Services,Could someone help with this? The touchscreen registers touches in the wrong position. Please calibrate or repair the display. Please acknowledge receipt so we can track the request.
Software,Hello team. Please repair the installation of the approved diagramming tool. Its shortcut reports a missing executable. A colleague can assist with the follow-up if I am unavailable.
EOL,We need confirmation that no clients still connect to the host marked for retirement. Please complete this decommissioning prerequisite.
Support general,i received a suspicious message asking for my password. please route it to the security team for review. please confirm which additional information you need.
O365,Hi support team. Please change the owner of our Microsoft Teams team. The current owner has transferred to another department. This needs to be coordinated with our team lead.
Fileservice,The department file share is full and refuses new uploads. Please review the share quota and available capacity. Please include the resolution in the ticket notes.
O365,"hi, my outlook rules are moving important messages to the wrong folder. please help review the mailbox rules. we have included the relevant details in the service request."
EOL,Hello team. The legacy application server is due to be shut down permanently. Please review dependencies before the approved retirement window. Please let us know the next steps.
Computer-Services,The scanner produces a solid black page for every document. Please inspect the scanning hardware. Please let us know the next steps.
O365,The out-of-office reply does not activate in Exchange Online. Please check the mailbox automatic reply settings. A colleague can assist with the follow-up if I am unavailable.
Fileservice,hello team. please increase the approved storage quota for our department's network share. we are unable to save the project deliverables. please include the resolution in the ticket notes.
Support general,Hi support team. I cannot identify which service is failing from the error on the screen. Please help diagnose it before assigning a specialist. Please acknowledge receipt so we can track the request.
Fileservice,"Hi, The file server rejects a folder rename even though I own the contents. Please check the share permissions and open handles. A colleague can assist with the follow-up if I am unavailable."
Computer-Services,"Hi, My Bluetooth mouse disconnects from this laptop every few minutes. Please check the peripheral connection. Please coordinate any appointment with the requester."
Software,Could someone help with this? Our reporting tool crashes when exporting a PDF. Please investigate the report application's error. Please let us know the next steps.
Active Directory,please change the logon name for [USERNAME] to match the approved naming standard. preserve the existing account memberships. please coordinate any appointment with the requester.
Software,Hello team. The approved text editor loses its settings after every restart. Please check the application profile. We can confirm the affected details when you contact us.
EOL,Could someone help with this? We need a disposal record for a server that has reached the end of its service life. Please coordinate the retirement paperwork. Please confirm which additional information you need.
Software,The licensed statistics package reports that no seats are available. Please check the application license server. Please include the resolution in the ticket notes.
Computer-Services,"hi, the laptop screen has vertical lines before windows loads. please check the display hardware. please coordinate any appointment with the requester."
EOL,Hi support team. Please verify that the decommissioned host has no remaining public DNS entry. The replacement endpoint is already in service. I can provide additional details through the support portal.
Computer-Services,Could someone help with this? The office printer is printing duplicate copies of every job. Please check the device configuration and print queue. Please keep the requester informed of progress.
Computer-Services,hello team. please set up a replacement desktop at the employee's desk. their existing account and application access are ready. we have included the relevant details in the service request.
Support general,"Hi, I cannot identify which service is failing from the error on the screen. Please help diagnose it before assigning a specialist. Please contact [NAME] if more details are needed."
Support general,Could someone help with this? Please provide an update on ticket [TICKET ID]. We have not received a response since the last handover. A colleague can assist with the follow-up if I am unavailable.
Computer-Services,Could someone help with this? My desktop has become very slow and reports memory errors at startup. Please run hardware diagnostics. Our team needs an update before the next shift.
Active Directory,Please create a directory security group with [NAME] as the designated owner. Membership will be requested separately. Please include the resolution in the ticket notes.
Support general,"Hi, Our office telephone cannot make external calls. Please route the issue to the telephony support team. This needs to be coordinated with our team lead."
EOL,Could someone help with this? Please archive the required configuration records for [SERVER] before its approved disposal. The server will not return to service. We have included the relevant details in the service request.
O365,"Hi support team. Please update the members of our email distribution group. This is an email list change, not a directory login issue. The request has been logged under [TICKET ID]."
Computer-Services,Hi support team. Please replace a damaged power adapter for my company laptop. The connector no longer fits securely. We have included the relevant details in the service request.
EOL,"Hi, Please schedule permanent shutdown of the unused test environment. Its owner has approved retirement of the servers. Please contact [NAME] if more details are needed."
O365,could someone help with this? please remove a microsoft 365 license that is no longer required. keep the user's domain account active. please include the resolution in the ticket notes.
Active Directory,"Hi, Please set the approved expiry date on a temporary directory account. It should not remain active indefinitely. Our team needs an update before the next shift."
Software,The document conversion tool creates damaged output files. Please check the application's configuration and version. Please let us know the next steps.
Active Directory,Could someone help with this? Windows says my account is restricted to different logon hours. Please check the schedule configured in the directory. We have included the relevant details in the service request.
Computer-Services,The laptop cannot detect its built-in wireless adapter. Please check the device driver and hardware. Please advise if this requires a scheduled support session.
Fileservice,"Hi, The home drive is not being mapped for my existing account. Please check the home folder configuration on the file service. The requester is working from [LOCATION] today."
EOL,Hello team. The migration is complete and the old monitoring appliance is no longer required. Please initiate the retirement workflow. Please contact [NAME] if more details are needed.
O365,Our Microsoft 365 account asks for multifactor authentication on a phone I no longer have. Please help reset the registered method. A colleague can assist with the follow-up if I am unavailable.
Computer-Services,Hello team. The printer queue is stuck on a job that cannot be cancelled. Please help restore printing on this workstation. This is affecting work at [LOCATION].
Computer-Services,hello team. please replace a damaged power adapter for my company laptop. the connector no longer fits securely. the request has been logged under [TICKET ID].
Active Directory,Please change the logon name for [USERNAME] to match the approved naming standard. Preserve the existing account memberships. Please advise if this requires a scheduled support session.
Active Directory,"Hi, The new starter can sign into email but has no Windows domain account. Please finish the directory provisioning. We can confirm the affected details when you contact us."
O365,The Outlook meeting room calendar shows conflicting bookings. Please investigate the room mailbox configuration. The requester is working from [LOCATION] today.
Support general,Hi support team. A visitor needs guidance on how to request temporary internet access. Please direct them to the correct process.
Computer-Services,Could someone help with this? The scanner feeder pulls several sheets at once. Please service the document feeder. A colleague can assist with the follow-up if I am unavailable.
Active Directory,hello team. the account unlock portal says my corporate username does not exist. please check my directory record. this is affecting work at [LOCATION].
Active Directory,Could someone help with this? Our contractor's directory account expired before their extended assignment finished. Please update the account expiry date. Please acknowledge receipt so we can track the request.
Software,Please update the installed database client to the approved version. The current release cannot connect to our development environment. Please keep the requester informed of progress.
Software,Hi support team. Please provide the approved version of the terminal client. I need it to connect to our development servers. We have included the relevant details in the service request.
Computer-Services,Hello team. My external monitor says no signal while the laptop is docked. The monitor works when connected directly. I can provide additional details through the support portal.
Support general,Hello team. The support portal shows my request as assigned to the wrong location. Please correct the routing information. We have included the relevant details in the service request.
EOL,Hi support team. The legacy application server is due to be shut down permanently. Please review dependencies before the approved retirement window. I can provide additional details through the support portal.
Computer-Services,Hi support team. The laptop cannot detect its built-in wireless adapter. Please check the device driver and hardware. Please include the resolution in the ticket notes.
EOL,"Hi, Please release the reserved IP address for [SERVER] after its approved retirement. Confirm the address is no longer in use first. Please keep the requester informed of progress."
EOL,"Hi, We need the hardware serial numbers recorded before collection of the retired servers. Please coordinate the disposal handover. Please let us know the next steps."
Fileservice,Hello team. The home folder quota warning remains after old files were removed. Please check the file service quota calculation. This needs to be coordinated with our team lead.
Software,the software deployment portal reports that the requested application installation failed. please check the deployment package. please confirm which additional information you need.
Active Directory,Hi support team. Domain login works on one office workstation but fails on another for the same user. Please investigate the directory authentication failure. A colleague can assist with the follow-up if I am unavailable.
Software,Hello team. The application update repeatedly asks for local administrator privileges. Please arrange the approved managed installation. Please keep the requester informed of progress.
Fileservice,Hello team. The file server backup restore completed but the recovered folder has incorrect permissions. Please restore the approved access settings. This is affecting work at [LOCATION].
Support general,"Hi, Please help arrange accessibility support for using our IT services. I need an initial discussion to determine the right assistance. The request has been logged under [TICKET ID]."
Active Directory,"hi, my windows domain account says it is locked after several failed sign-ins. i need it unlocked so i can start work. please coordinate any appointment with the requester."
Software,"hi, the inventory application opens a blank window after its latest update. please investigate the application startup failure. please keep the requester informed of progress."
Fileservice,"hi, the department file share is full and refuses new uploads. please review the share quota and available capacity. our team needs an update before the next shift."
Fileservice,Could someone help with this? Please check why the replicated shared folder has different contents at the two offices. The missing files were saved yesterday. Please keep the requester informed of progress.
Computer-Services,"Hi, My Bluetooth mouse disconnects from this laptop every few minutes. Please check the peripheral connection. We have included the relevant details in the service request."
O365,Could someone help with this? External attendees cannot join our Teams meeting. Please check the meeting's guest access settings. Please include the resolution in the ticket notes.
Computer-Services,Could someone help with this? The printer is offline on every workstation but the office internet works. Please investigate the printer connection. This is affecting work at [LOCATION].
Support general,Hi support team. Please update the contact person on my existing support ticket. The technical issue has not changed. Please include the resolution in the ticket notes.
EOL,Please close the configuration item for a decommissioned server in the service inventory. Keep the historical change records. A colleague can assist with the follow-up if I am unavailable.
Support general,Could someone help with this? Our office telephone cannot make external calls. Please route the issue to the telephony support team. This is affecting work at [LOCATION].
Software,The customer support application cannot load its add-in. Please investigate the plugin compatibility error. Please contact [NAME] if more details are needed.
Software,"Hi, Please install the required language pack for the approved business application. The core application already works. Please coordinate any appointment with the requester."
Fileservice,could someone help with this? copying large files to the network share fails halfway through. local copies on my laptop complete successfully. please coordinate any appointment with the requester.
Support general,"hi, i need assistance understanding the rejection of my service request. please explain what information is missing. please coordinate any appointment with the requester."
O365,Hi support team. Mail sent on behalf of the shared mailbox is rejected for insufficient permission. Please check the delegation settings. The request has been logged under [TICKET ID].
Software,hi support team. adobe acrobat fails to install with error 1603. please investigate the application installer. please acknowledge receipt so we can track the request.
Active Directory,Hi support team. Create a dedicated directory service account for the scheduled job. The approved access scope is attached to the request. Please contact [NAME] if more details are needed.
EOL,Please close the configuration item for a decommissioned server in the service inventory. Keep the historical change records. The local contact is available during office hours.
Computer-Services,Hi support team. Please reinstall the operating system on the approved replacement workstation. The required files have been backed up. Please contact [NAME] if more details are needed.
Support general,Hello team. Our branch connection becomes unstable during the afternoon. Please arrange a network investigation. This is affecting work at [LOCATION].
EOL,Please schedule permanent shutdown of the unused test environment. Its owner has approved retirement of the servers. This is affecting work at [LOCATION].
Software,Could someone help with this? Please install the approved database driver required by the analytics application. The workstation itself is working normally.
EOL,"Hi, The retired server is still listed in the vulnerability scanner. Please remove the obsolete target from the scanning inventory. The issue was first reported this morning."
Support general,Hi support team. Please tell me which team owns the legacy internal service. We need to contact its support owner before making a change. This needs to be coordinated with our team lead.
Fileservice,Please increase the approved storage quota for our department's network share. We are unable to save the project deliverables. Please let us know the next steps.
Software,Hi support team. The application installer rolls back before completion without explaining why. Please help inspect the installation log.
O365,Please enable the online archive for my Exchange Online mailbox. The approved retention settings should remain in place. Please advise if this requires a scheduled support session.
O365,"Hi, Please recover a deleted file from our SharePoint document library. This file was never on the network drive."
Active Directory,Could someone help with this? Our approved delegated administrator cannot manage users in the assigned organizational unit. Please check the directory delegation. Our team needs an update before the next shift.
EOL,Hi support team. The retired host still has an active certificate renewal job. Please close the renewal task as part of the retirement cleanup. Please keep the requester informed of progress.
Active Directory,Could someone help with this? Please change the logon name for [USERNAME] to match the approved naming standard. Preserve the existing account memberships. Please keep the requester informed of progress.
Software,Hi support team. Please package the approved utility for installation through the software portal. The business owner has approved its use. We have included the relevant details in the service request.
EOL,Could someone help with this? The retired server still appears in Nexthink. Please remove its inventory entry as part of decommissioning. This needs to be coordinated with our team lead.
Fileservice,Please set up a new SMB share for the approved project directory. The underlying server is already available. A colleague can assist with the follow-up if I am unavailable.
Support general,our branch connection becomes unstable during the afternoon. please arrange a network investigation. the request has been logged under [TICKET ID].
Fileservice,hello team. please map the existing team file share on my replacement workstation. my account already has approved access. the local contact is available during office hours.
Software,Hi support team. Our time tracking app keeps logging me out while other services stay connected. Please investigate its session handling. This needs to be coordinated with our team lead.
Support general,Could someone help with this? Please provide the current status of the announced service interruption. We need to know which teams are investigating. The issue was first reported this morning.
O365,I can open Outlook on the web but the desktop client will not connect. Please troubleshoot the Outlook profile. Our team needs an update before the next shift.
Active Directory,Hello team. I forgot my corporate network password and cannot sign into Windows. Please help me reset it. Please advise if this requires a scheduled support session.
EOL,Hi support team. The retired host still has an active certificate renewal job. Please close the renewal task as part of the retirement cleanup. Please acknowledge receipt so we can track the request.
Computer-Services,The desktop is stuck at the manufacturer logo and never reaches Windows. Please diagnose the boot failure. I can provide additional details through the support portal.
Software,Hi support team. Please package the approved utility for installation through the software portal. The business owner has approved its use. Please let us know the next steps.
EOL,Hi support team. We are closing an unused server rack and need the retired assets reconciled against the inventory. Please coordinate the retirement checklist. Please include the resolution in the ticket notes.
Software,our reporting tool crashes when exporting a pdf. please investigate the report application's error. please contact [NAME] if more details are needed.
Computer-Services,several keys on my keyboard have stopped responding. i need a replacement keyboard or repair. please acknowledge receipt so we can track the request.
Computer-Services,Could someone help with this? My docking station no longer detects either external monitor. The laptop screen still works normally. Please advise if this requires a scheduled support session.
Computer-Services,Hello team. My monitor flickers even when a different cable is used. Please check whether the display needs replacing. Please keep the requester informed of progress.
Software,hello team. please configure the approved plugin for the design application. the main program is already installed and licensed. we have included the relevant details in the service request.
Support general,"Hi, We suspect a network outage because phones and computers lost connectivity together. Please coordinate initial triage. Please include the resolution in the ticket notes."
Fileservice,Could someone help with this? I can read the shared folder but cannot delete files I created there. Please check the delete permission on the network share. Our team needs an update before the next shift.
O365,Hi support team. Please increase or archive my mailbox storage as appropriate. Outlook says the mailbox has reached its limit. This needs to be coordinated with our team lead.
EOL,Could someone help with this? The legacy application server is due to be shut down permanently. Please review dependencies before the approved retirement window. The requester is working from [LOCATION] today.
O365,"Hello team. Teams will not load my chats, but the rest of my internet connection works. Please check my Microsoft 365 service access. I can provide additional details through the support portal."
Support general,"Hi, Please provide an update on ticket [TICKET ID]. We have not received a response since the last handover. This needs to be coordinated with our team lead."
Computer-Services,"Could someone help with this? The PDF opens correctly, but the printer produces blank pages from every application. Please investigate the printing device. Please include the resolution in the ticket notes."
Active Directory,"hi, please create a domain account for our new starter [NAME]. their manager has approved the onboarding request. the local contact is available during office hours."
Software,Please install the approved compression utility for our archive workflow. We do not need changes to file share permissions. We can confirm the affected details when you contact us.
O365,Please assign the approved Microsoft 365 license to our existing employee account. The directory account has already been created. This needs to be coordinated with our team lead.
O365,My OneDrive folder shows a sync conflict for a document edited on two devices. Please help reconcile the copies. The local contact is available during office hours.
EOL,Hello team. We need the hardware serial numbers recorded before collection of the retired servers. Please coordinate the disposal handover. Please keep the requester informed of progress.
Software,Please install the required language pack for the approved business application. The core application already works. We have included the relevant details in the service request.
Computer-Services,Hi support team. The workstation restarts with a blue screen during boot. Please investigate the operating system or device drivers. The issue was first reported this morning.
Support general,Could someone help with this? I need to know the helpdesk opening hours and the process for urgent support. Please provide the correct contact details. I can provide additional details through the support portal.
Computer-Services,"Hi, My docking station no longer detects either external monitor. The laptop screen still works normally. We have included the relevant details in the service request."
Software,Hi support team. The development IDE cannot find its installed compiler. Please help configure the application toolchain. I can provide additional details through the support portal.
Fileservice,Hello team. The department share is accessible by server name but not through its usual network path. Please investigate the file service namespace. I can provide additional details through the support portal.
EOL,Could someone help with this? Please review outstanding scheduled tasks before the legacy server is permanently shut down. This is part of its approved retirement. The requester is working from [LOCATION] today.
Support general,Could someone help with this? I cannot identify which service is failing from the error on the screen. Please help diagnose it before assigning a specialist. This needs to be coordinated with our team lead.
O365,Hi support team. Please grant approved access to the shared mailbox for our team. My existing corporate account is active. I can provide additional details through the support portal.
EOL,Could someone help with this? Please release the reserved IP address for [SERVER] after its approved retirement. Confirm the address is no longer in use first. Please acknowledge receipt so we can track the request.
Active Directory,Please audit the nested directory groups that give [USERNAME] administrative access. We need to verify the approved membership path. Please acknowledge receipt so we can track the request.
Support general,Could someone help with this? The remote access gateway is unreachable for several users. Please investigate the network service before checking individual accounts. This needs to be coordinated with our team lead.
Computer-Services,Hi support team. The laptop screen has vertical lines before Windows loads. Please check the display hardware. Please advise if this requires a scheduled support session.
Software,Could someone help with this? The customer support application cannot load its add-in. Please investigate the plugin compatibility error. We can confirm the affected details when you contact us.
Active Directory,The surname on my directory profile is wrong after a name change. Please update the display name and account details. Please confirm which additional information you need.
Active Directory,Hello team. Please audit the nested directory groups that give [USERNAME] administrative access. We need to verify the approved membership path. The issue was first reported this morning.
O365,messages sent to the team shared mailbox are not appearing in outlook. please check mail flow and mailbox permissions. the issue was first reported this morning.
Software,"Hi, Please install the approved PDF editor on my workstation. I need to edit and combine documents for my role. Please advise if this requires a scheduled support session."
EOL,Please remove the old server from the disaster recovery plan after decommissioning. The replacement has already been added. This needs to be coordinated with our team lead.
O365,Could someone help with this? Please grant approved access to the team SharePoint site. The request is for the Microsoft 365 document library. The local contact is available during office hours.
Active Directory,Hello team. Our approved service account needs its password rotated in the directory. Please coordinate the change with the application owner. The local contact is available during office hours.
Support general,Hi support team. Please provide an update on ticket [TICKET ID]. We have not received a response since the last handover. We can confirm the affected details when you contact us.
EOL,"Hi, Please schedule permanent shutdown of the unused test environment. Its owner has approved retirement of the servers."
Software,Please update the approved web browser on this workstation. The business application no longer supports the installed version. Please acknowledge receipt so we can track the request.
Support general,Could someone help with this? Several unrelated systems are unavailable at our location. Please coordinate an initial outage investigation. Please contact [NAME] if more details are needed.
Active Directory,Hello team. Windows says my account is restricted to different logon hours. Please check the schedule configured in the directory. Please let us know the next steps.
Fileservice,Could someone help with this? Copying large files to the network share fails halfway through. Local copies on my laptop complete successfully. The issue was first reported this morning.
Active Directory,The domain password policy rejects every new password I try. Please help confirm the required policy and restore access. Please coordinate any appointment with the requester.
Software,The approved text editor loses its settings after every restart. Please check the application profile. A colleague can assist with the follow-up if I am unavailable.
Software,"Hello team. The application license is valid, but the program closes immediately after launch. Please investigate the application crash. Please keep the requester informed of progress."
EOL,Hi support team. Please confirm completion of the retirement change for [SERVER]. We still need evidence that monitoring and network cleanup are finished. Please advise if this requires a scheduled support session.
Software,Hi support team. Please uninstall an obsolete third-party application from my workstation. It is no longer required for my work. Please contact [NAME] if more details are needed.
Support general,"hi, the company website is unavailable from several external connections. please route this to the web operations team."
Support general,Please help arrange accessibility support for using our IT services. I need an initial discussion to determine the right assistance. Please keep the requester informed of progress.
Support general,"Hi, The corporate web page is blocked by the network filtering service. Please route an approved access review to the appropriate team. The requester is working from [LOCATION] today."
Software,The document conversion tool creates damaged output files. Please check the application's configuration and version.
Computer-Services,Hello team. Please set up a replacement desktop at the employee's desk. Their existing account and application access are ready.
Software,"Hi, The scheduling application stopped launching after its update. Please review the update or restore the approved working version. We can confirm the affected details when you contact us."
EOL,"Hi, Please archive the required configuration records for [SERVER] before its approved disposal. The server will not return to service. The local contact is available during office hours."
O365,"Hello team. Windows login and network shares work normally, but Outlook cannot open my mailbox. Please investigate the email service. Please let us know the next steps."
Active Directory,Hello team. Please remove a former administrator's directory privileges while keeping their ordinary staff account. The role change is approved. We have included the relevant details in the service request.
Active Directory,Hello team. My Windows domain account says it is locked after several failed sign-ins. I need it unlocked so I can start work. Please advise if this requires a scheduled support session.
Software,Hi support team. My accounting application says its license has expired. Please check the application entitlement and renewal status. This needs to be coordinated with our team lead.
Active Directory,"Hi, The temporary domain password for our new starter is rejected at first login. Please check the account setup. A colleague can assist with the follow-up if I am unavailable."
Computer-Services,Could someone help with this? The desktop is stuck at the manufacturer logo and never reaches Windows. Please diagnose the boot failure. Please include the resolution in the ticket notes.
Computer-Services,Hello team. The desktop is stuck at the manufacturer logo and never reaches Windows. Please diagnose the boot failure. Please advise if this requires a scheduled support session.
Fileservice,could someone help with this? files created by one colleague are unreadable by everyone else in the shared directory. please investigate permission inheritance. please keep the requester informed of progress.
O365,Please grant approved access to the team SharePoint site. The request is for the Microsoft 365 document library.
Support general,Please merge my duplicate support requests into the existing incident. They describe the same problem. This needs to be coordinated with our team lead.
Active Directory,Please update the employee's department and office attributes in the directory. Their login name should stay the same. We have included the relevant details in the service request.
Active Directory,"Hi, My workstation reports that the trust relationship with the domain has failed. Other staff can still sign into their computers. Please include the resolution in the ticket notes."
Fileservice,The home folder quota warning remains after old files were removed. Please check the file service quota calculation. Please acknowledge receipt so we can track the request.
Computer-Services,"Hi, My laptop does not power on even with the charger connected. Please arrange a hardware check. The local contact is available during office hours."
Software,Hello team. The engineering application fails to activate even with the approved license details. Please check the activation service connection. The request has been logged under [TICKET ID].
EOL,"Hi, Please reclaim the server licenses that are no longer needed following decommissioning. The replacement licenses are managed separately. The request has been logged under [TICKET ID]."
Computer-Services,Hi support team. The laptop cannot detect its built-in wireless adapter. Please check the device driver and hardware. The request has been logged under [TICKET ID].
O365,Hi support team. Skype for Business will not sign in with my work account. Please investigate the collaboration service connection. Please contact [NAME] if more details are needed.
Support general,The office internet connection is down for several people. Please investigate and route this to the appropriate network team. Please acknowledge receipt so we can track the request.
O365,"Hi, Teams does not show my updated display name even though the directory is correct. Please check the Microsoft 365 profile synchronization. A colleague can assist with the follow-up if I am unavailable."
Computer-Services,The laptop fan runs at full speed and the machine shuts down from heat. Please inspect the cooling system. Our team needs an update before the next shift.
Support general,Hello team. Please provide an update on ticket [TICKET ID]. We have not received a response since the last handover. We have included the relevant details in the service request.
Active Directory,Please add [USERNAME] to the approved directory security group [GROUP]. This request is for group membership only. This is affecting work at [LOCATION].
EOL,Please confirm completion of the retirement change for [SERVER]. We still need evidence that monitoring and network cleanup are finished. The requester is working from [LOCATION] today.
O365,Our Microsoft 365 account asks for multifactor authentication on a phone I no longer have. Please help reset the registered method. The requester is working from [LOCATION] today.
Fileservice,Hello team. The home drive is not being mapped for my existing account. Please check the home folder configuration on the file service. The issue was first reported this morning.
Software,The document conversion tool creates damaged output files. Please check the application's configuration and version. Please advise if this requires a scheduled support session.
O365,Hi support team. Please enable the online archive for my Exchange Online mailbox. The approved retention settings should remain in place. Please acknowledge receipt so we can track the request.
Software,Could someone help with this? Please enable my approved role in the expense management application. I can sign in but cannot submit reports. Please keep the requester informed of progress.
EOL,Please release the reserved IP address for [SERVER] after its approved retirement. Confirm the address is no longer in use first. The issue was first reported this morning.
EOL,"Hi, Please begin the approved retirement of [SERVER]. The replacement service is live and the old machine is no longer needed. Please coordinate any appointment with the requester."
Fileservice,Hi support team. Files created by one colleague are unreadable by everyone else in the shared directory. Please investigate permission inheritance. Please let us know the next steps.
Active Directory,Could someone help with this? Please create a domain account for our new starter [NAME]. Their manager has approved the onboarding request. Please coordinate any appointment with the requester.
EOL,the old backup appliance is at the end of its service life. please plan its decommissioning after retention obligations are satisfied. the issue was first reported this morning.
EOL,Hello team. Please begin the approved retirement of [SERVER]. The replacement service is live and the old machine is no longer needed. This is affecting work at [LOCATION].
EOL,Please release the reserved IP address for [SERVER] after its approved retirement. Confirm the address is no longer in use first. Please advise if this requires a scheduled support session.
EOL,"hi, please verify that the decommissioned host has no remaining public dns entry. the replacement endpoint is already in service. we have included the relevant details in the service request."
O365,"hi, onedrive has stopped synchronizing the documents in my work account. the files are still present locally. the request has been logged under [TICKET ID]."
Fileservice,A confidential folder is visible to people outside the approved team. Please review the file share permissions. Please include the resolution in the ticket notes.
Software,"Hi, PDF files fail to open in the installed reader but work in another viewer. Please repair the reader application. The issue was first reported this morning."
Software,"Hi, Please update the approved web browser on this workstation. The business application no longer supports the installed version. The requester is working from [LOCATION] today."
Fileservice,A confidential folder is visible to people outside the approved team. Please review the file share permissions. Please acknowledge receipt so we can track the request.
EOL,Could someone help with this? Please release the reserved IP address for [SERVER] after its approved retirement. Confirm the address is no longer in use first. The requester is working from [LOCATION] today.
EOL,We need the hardware serial numbers recorded before collection of the retired servers. Please coordinate the disposal handover. Please include the resolution in the ticket notes.
Fileservice,Hello team. My mapped network drive has disappeared after signing in. Please help reconnect it to the existing file share. Please keep the requester informed of progress.
Computer-Services,Hello team. The label printer cuts off the right side of each label. Please calibrate the printer and paper settings. Please keep the requester informed of progress.
O365,Hi support team. Please change the external sharing settings for the approved SharePoint project site. The site owner has supplied the access requirements. Please contact [NAME] if more details are needed.
Support general,"Hi, I am not sure which team handles this issue and need help opening the correct request. Please advise where to start."
Computer-Services,Could someone help with this? Several keys on my keyboard have stopped responding. I need a replacement keyboard or repair. Please coordinate any appointment with the requester.
Support general,Hi support team. The corporate web page is blocked by the network filtering service. Please route an approved access review to the appropriate team. Our team needs an update before the next shift.
Computer-Services,"Hi, The PDF opens correctly, but the printer produces blank pages from every application. Please investigate the printing device. A colleague can assist with the follow-up if I am unavailable."
EOL,Could someone help with this? We have moved the file shares to the replacement server. Please retire the old file server once the migration checks pass. The local contact is available during office hours.
Fileservice,Please set up a new SMB share for the approved project directory. The underlying server is already available. The requester is working from [LOCATION] today.
Fileservice,"Hi, The file server reports that a document is locked by a user who is no longer connected. Please investigate the stale lock. Please include the resolution in the ticket notes."
EOL,Hello team. We need confirmation that no clients still connect to the host marked for retirement. Please complete this decommissioning prerequisite. I can provide additional details through the support portal.
O365,Could someone help with this? Please restore an item deleted from my Exchange Online mailbox. It is no longer in the Deleted Items folder. Please contact [NAME] if more details are needed.
Fileservice,Hi support team. Please grant [USERNAME] read-only access to the approved folder on our file server. Their manager has approved the request. Our team needs an update before the next shift.
Active Directory,"Hi, Please re-enable the expired domain account for the returning contractor. The renewed assignment has been approved. The local contact is available during office hours."
Support general,"Hi, The service portal will not let me submit an attachment with my support request. Please help me provide the diagnostic information. We have included the relevant details in the service request."
EOL,Could someone help with this? The retired host still has an active certificate renewal job. Please close the renewal task as part of the retirement cleanup. Please contact [NAME] if more details are needed.
O365,Hello team. Outlook keeps asking me to sign in even though my Windows login works. Please investigate the mailbox connection. We have included the relevant details in the service request.
Computer-Services,Could someone help with this? The trackpad clicks by itself and makes the laptop difficult to use. Please inspect the pointing device. Please keep the requester informed of progress.
Software,"Hi, The inventory application opens a blank window after its latest update. Please investigate the application startup failure. Our team needs an update before the next shift."
Computer-Services,"Could someone help with this? The PDF opens correctly, but the printer produces blank pages from every application. Please investigate the printing device. Please coordinate any appointment with the requester."
O365,"Hi, My Teams meeting invitations contain the wrong meeting information. Please investigate the calendar integration. Please include the resolution in the ticket notes."
Support general,hello team. the remote access gateway is unreachable for several users. please investigate the network service before checking individual accounts. we have included the relevant details in the service request.
Active Directory,Could someone help with this? The account unlock portal says my corporate username does not exist. Please check my directory record. Our team needs an update before the next shift.
Software,Could someone help with this? Please transfer the approved application license to my replacement workstation. The old installation is no longer used. Please include the resolution in the ticket notes.
O365,"Hi, OneDrive says an item cannot sync because its path is too long. Please help resolve the Microsoft 365 sync error. This needs to be coordinated with our team lead."
Software,Hello team. Please install the approved PDF editor on my workstation. I need to edit and combine documents for my role. Please keep the requester informed of progress.
EOL,Hello team. We need confirmation that no clients still connect to the host marked for retirement. Please complete this decommissioning prerequisite. A colleague can assist with the follow-up if I am unavailable.
Active Directory,"Hi, The domain controller cannot find the new computer account during the join process. Please check the directory object. Please contact [NAME] if more details are needed."
Fileservice,Hi support team. I can sign into Windows but receive Access Denied when opening the department network share. Please check the folder permissions. This is affecting work at [LOCATION].
Support general,could someone help with this? the guest wireless network will not connect visitors at reception. please have the network team investigate.
Computer-Services,Could someone help with this? The printer queue is stuck on a job that cannot be cancelled. Please help restore printing on this workstation. Our team needs an update before the next shift.
Active Directory,Could someone help with this? Please audit the nested directory groups that give [USERNAME] administrative access. We need to verify the approved membership path. Please advise if this requires a scheduled support session.
Fileservice,"Hi, Please create a shared folder for the new project with the approved access list. It should be hosted on the network file server. Please advise if this requires a scheduled support session."
Fileservice,"Hi, Please map the existing team file share on my replacement workstation. My account already has approved access. The requester is working from [LOCATION] today."
Active Directory,"Hi, Please grant [USERNAME] membership in the approved remote access directory group. The VPN service itself is working. I can provide additional details through the support portal."
Support general,Could someone help with this? Our branch connection becomes unstable during the afternoon. Please arrange a network investigation. The local contact is available during office hours.
Support general,Hello team. Please update the contact person on my existing support ticket. The technical issue has not changed. The request has been logged under [TICKET ID].
Software,Hello team. The application update repeatedly asks for local administrator privileges. Please arrange the approved managed installation. This needs to be coordinated with our team lead.
Software,Could someone help with this? The application update repeatedly asks for local administrator privileges. Please arrange the approved managed installation. We have included the relevant details in the service request.
Fileservice,I accidentally deleted a document from the shared drive. Please check whether it can be restored from the file server backup. Please include the resolution in the ticket notes.
Fileservice,"Hi, Please restore a folder that was removed from the archive share. We can provide its original path and deletion time. The issue was first reported this morning."
Fileservice,Hello team. Please remove an obsolete network share after its contents have been migrated. The file server itself must remain in service. This is affecting work at [LOCATION].
O365,Hi support team. The Outlook meeting room calendar shows conflicting bookings. Please investigate the room mailbox configuration. The local contact is available during office hours.
EOL,We need the hardware serial numbers recorded before collection of the retired servers. Please coordinate the disposal handover. Our team needs an update before the next shift.
Support general,"hi, i received a suspicious message asking for my password. please route it to the security team for review. please advise if this requires a scheduled support session."
Computer-Services,Hello team. Several keys on my keyboard have stopped responding. I need a replacement keyboard or repair. The local contact is available during office hours.
Support general,Our branch connection becomes unstable during the afternoon. Please arrange a network investigation. Please confirm which additional information you need.
O365,Hello team. Please grant approved access to the shared mailbox for our team. My existing corporate account is active. The request has been logged under [TICKET ID].
EOL,"Hi, The firewall rules for a permanently retired server are still active. Please coordinate their removal with the network team. Please acknowledge receipt so we can track the request."
Support general,please change the urgency on ticket [TICKET ID] after reviewing the updated business impact. the incident now affects the whole location. this needs to be coordinated with our team lead.
Fileservice,The shared drive is prompting for credentials repeatedly even though my domain login works. Please investigate authentication to the file server. The requester is working from [LOCATION] today.
Computer-Services,The laptop fan runs at full speed and the machine shuts down from heat. Please inspect the cooling system. The requester is working from [LOCATION] today.
Support general,Hello team. Please change the urgency on ticket [TICKET ID] after reviewing the updated business impact. The incident now affects the whole location. Please include the resolution in the ticket notes.
Software,"Hello team. The application license is valid, but the program closes immediately after launch. Please investigate the application crash. This needs to be coordinated with our team lead."
Software,Hello team. The development IDE cannot find its installed compiler. Please help configure the application toolchain. Please let us know the next steps.
Computer-Services,Hi support team. The workstation restarts with a blue screen during boot. Please investigate the operating system or device drivers. Our team needs an update before the next shift.
O365,Hello team. Skype for Business will not sign in with my work account. Please investigate the collaboration service connection. Please confirm which additional information you need.
Computer-Services,My desktop has become very slow and reports memory errors at startup. Please run hardware diagnostics. The requester is working from [LOCATION] today.
Active Directory,Hi support team. Remove [USERNAME] from the old department's directory groups following their transfer. Keep their domain account active. The local contact is available during office hours.
Support general,Hi support team. A visitor needs guidance on how to request temporary internet access. Please direct them to the correct process. I can provide additional details through the support portal.
Computer-Services,"Hi, Please set up a replacement desktop at the employee's desk. Their existing account and application access are ready. Please include the resolution in the ticket notes."
Support general,"Hi, The remote access gateway is unreachable for several users. Please investigate the network service before checking individual accounts. Please include the resolution in the ticket notes."
Software,Hello team. Please update the approved web browser on this workstation. The business application no longer supports the installed version. Our team needs an update before the next shift.
Active Directory,hi support team. our contractor's directory account expired before their extended assignment finished. please update the account expiry date. the issue was first reported this morning.
EOL,please release the reserved ip address for [SERVER] after its approved retirement. confirm the address is no longer in use first. i can provide additional details through the support portal.
Support general,Could someone help with this? The phone menu sends callers to the wrong office. Please route the issue to the communications team. We have included the relevant details in the service request.
Computer-Services,Could someone help with this? The laptop fan runs at full speed and the machine shuts down from heat. Please inspect the cooling system. Please acknowledge receipt so we can track the request.
Computer-Services,The printer queue is stuck on a job that cannot be cancelled. Please help restore printing on this workstation. The local contact is available during office hours.
EOL,Please cancel the scheduled backup jobs for a decommissioned server after checking the retention requirements. The service has moved elsewhere. Please contact [NAME] if more details are needed.
Fileservice,"Could someone help with this? The shared folder opens, but I cannot save changes to any files inside it. Please check my write permissions. The issue was first reported this morning."
EOL,hi support team. please archive the required configuration records for [SERVER] before its approved disposal. the server will not return to service. the request has been logged under [TICKET ID].
Fileservice,Could someone help with this? We need the previous version of a spreadsheet saved on the departmental file server. The current version was overwritten. This is affecting work at [LOCATION].
EOL,"Hi, We are closing an unused server rack and need the retired assets reconciled against the inventory. Please coordinate the retirement checklist. We can confirm the affected details when you contact us."
Software,"Hi, Please grant approved access to the project management application. My corporate login already works. This needs to be coordinated with our team lead."
O365,"Hi, Please increase or archive my mailbox storage as appropriate. Outlook says the mailbox has reached its limit. Our team needs an update before the next shift."
Computer-Services,"Hi, My desktop has become very slow and reports memory errors at startup. Please run hardware diagnostics. This needs to be coordinated with our team lead."
Active Directory,I forgot my corporate network password and cannot sign into Windows. Please help me reset it. Please acknowledge receipt so we can track the request.
O365,Hi support team. The out-of-office reply does not activate in Exchange Online. Please check the mailbox automatic reply settings. We can confirm the affected details when you contact us.
O365,Hi support team. Please recover a deleted file from our SharePoint document library. This file was never on the network drive. The requester is working from [LOCATION] today.
Computer-Services,could someone help with this? please install the approved driver for the new office printer. the printer is already connected to the network. please coordinate any appointment with the requester.
Software,Hi support team. Please transfer the approved application license to my replacement workstation. The old installation is no longer used. The requester is working from [LOCATION] today.
O365,Hi support team. The Teams desktop app is stuck on the loading screen while the web version works. Please help repair the Teams client. Please let us know the next steps.
Active Directory,"Hi, Please remove a former administrator's directory privileges while keeping their ordinary staff account. The role change is approved. Please coordinate any appointment with the requester."
Active Directory,Hello team. The domain controller cannot find the new computer account during the join process. Please check the directory object. A colleague can assist with the follow-up if I am unavailable.
O365,Could someone help with this? My OneDrive folder shows a sync conflict for a document edited on two devices. Please help reconcile the copies. This is affecting work at [LOCATION].
Computer-Services,"Hi, The printer produces faded pages even after a toner replacement. Please check the printer components. The issue was first reported this morning."
EOL,Hello team. The retired server is still listed in the vulnerability scanner. Please remove the obsolete target from the scanning inventory. Please confirm which additional information you need.
Computer-Services,"Hi, Please replace a damaged power adapter for my company laptop. The connector no longer fits securely. A colleague can assist with the follow-up if I am unavailable."
Software,"Hi, My accounting application says its license has expired. Please check the application entitlement and renewal status. Please include the resolution in the ticket notes."
O365,"Hello team. Please update the members of our email distribution group. This is an email list change, not a directory login issue. Please advise if this requires a scheduled support session."
Support general,Hello team. I received a suspicious message asking for my password. Please route it to the security team for review. This is affecting work at [LOCATION].
Fileservice,"Hi, The home folder quota warning remains after old files were removed. Please check the file service quota calculation."
O365,"Hi, Please enable the online archive for my Exchange Online mailbox. The approved retention settings should remain in place. Our team needs an update before the next shift."
Software,"Hi, The application license is valid, but the program closes immediately after launch. Please investigate the application crash. Please confirm which additional information you need."
Fileservice,hello team. please remove an obsolete network share after its contents have been migrated. the file server itself must remain in service. please keep the requester informed of progress.
Computer-Services,The scanner produces a solid black page for every document. Please inspect the scanning hardware. Please include the resolution in the ticket notes.
Computer-Services,hi support team. my desktop has become very slow and reports memory errors at startup. please run hardware diagnostics.
Support general,Hi support team. Our office move needs coordination across several IT teams. Please assign someone to help plan the support requests. The issue was first reported this morning.
Support general,Hi support team. I have a general IT question about requesting support during travel. Please explain the approved contact and escalation process. Please advise if this requires a scheduled support session.
Support general,Could someone help with this? The corporate web page is blocked by the network filtering service. Please route an approved access review to the appropriate team. Please contact [NAME] if more details are needed.
Computer-Services,Hello team. The desktop reports a failing hard drive during startup. Please arrange a device assessment and data protection steps. Please confirm which additional information you need.
Computer-Services,Please reinstall the operating system on the approved replacement workstation. The required files have been backed up. We have included the relevant details in the service request.
Active Directory,hi support team. the temporary domain password for our new starter is rejected at first login. please check the account setup. please coordinate any appointment with the requester.
EOL,Please remove the obsolete DNS records for a decommissioned server. The replacement uses a different hostname. Please confirm which additional information you need.
O365,Hello team. Please grant approved access to the shared mailbox for our team. My existing corporate account is active. Please confirm which additional information you need.
Software,Hello team. Our time tracking app keeps logging me out while other services stay connected. Please investigate its session handling. Please include the resolution in the ticket notes.
O365,"hi, mail sent on behalf of the shared mailbox is rejected for insufficient permission. please check the delegation settings. this needs to be coordinated with our team lead."
Software,The approved CAD program crashes whenever I open a drawing. Other applications work normally. I can provide additional details through the support portal.
Support general,Hello team. Our office move needs coordination across several IT teams. Please assign someone to help plan the support requests. Please contact [NAME] if more details are needed.
EOL,The retired cluster node still appears in the management console. Please remove its stale registration after checking cluster membership. This needs to be coordinated with our team lead.
Fileservice,Hello team. The shared drive has become very slow to list folders. Applications and local files open normally. Please keep the requester informed of progress.
Fileservice,"Hi, The department share is accessible by server name but not through its usual network path. Please investigate the file service namespace. Please advise if this requires a scheduled support session."
Software,Please uninstall an obsolete third-party application from my workstation. It is no longer required for my work. Please acknowledge receipt so we can track the request.
Fileservice,Could someone help with this? The file server reports that a document is locked by a user who is no longer connected. Please investigate the stale lock. I can provide additional details through the support portal.
Support general,A company device has been reported missing. Please coordinate the lost asset response with the appropriate teams. We have included the relevant details in the service request.
Support general,Please explain the approval process for buying additional IT equipment. I am requesting procurement guidance at this stage. Please let us know the next steps.
EOL,Could someone help with this? The old development server has been replaced. Please remove its obsolete network reservations during the retirement work. This is affecting work at [LOCATION].
Computer-Services,"Hi, My docking station no longer detects either external monitor. The laptop screen still works normally. This needs to be coordinated with our team lead."
Fileservice,"Hi, Copying large files to the network share fails halfway through. Local copies on my laptop complete successfully. Please confirm which additional information you need."
Active Directory,Hello team. Please grant [USERNAME] membership in the approved remote access directory group. The VPN service itself is working.
Computer-Services,Hi support team. The trackpad clicks by itself and makes the laptop difficult to use. Please inspect the pointing device. The local contact is available during office hours.
Support general,Hi support team. Our site-to-site VPN link is down and the branch cannot reach internal services. Please arrange network triage. The request has been logged under [TICKET ID].
Computer-Services,Could someone help with this? Please arrange a loaner laptop while my damaged workstation is repaired. My existing user account can be reused. Our team needs an update before the next shift.
Active Directory,Please create a directory security group with [NAME] as the designated owner. Membership will be requested separately. Please keep the requester informed of progress.
Support general,"hi, please coordinate a planned office shutdown with the relevant it teams. several services need to be included in the schedule. a colleague can assist with the follow-up if i am unavailable."
Active Directory,"Hi, Create a dedicated directory service account for the scheduled job. The approved access scope is attached to the request. Please keep the requester informed of progress."
Computer-Services,Hello team. The scanner feeder pulls several sheets at once. Please service the document feeder. We can confirm the affected details when you contact us.
O365,"Hi, The SharePoint document library says I do not have permission to upload. I can still read its existing documents. The local contact is available during office hours."
Support general,Hello team. I received a suspicious message asking for my password. Please route it to the security team for review. I can provide additional details through the support portal.
Computer-Services,Hello team. Please set up a replacement desktop at the employee's desk. Their existing account and application access are ready. Our team needs an update before the next shift.
Active Directory,could someone help with this? windows says my account is restricted to different logon hours. please check the schedule configured in the directory. please keep the requester informed of progress.
Software,Please repair the installation of the approved diagramming tool. Its shortcut reports a missing executable. This is affecting work at [LOCATION].
Active Directory,Hello team. Please re-enable the expired domain account for the returning contractor. The renewed assignment has been approved. This is affecting work at [LOCATION].
O365,Could someone help with this? The SharePoint document library says I do not have permission to upload. I can still read its existing documents. The request has been logged under [TICKET ID].
Fileservice,"Hi, Please grant [USERNAME] read-only access to the approved folder on our file server. Their manager has approved the request. This is affecting work at [LOCATION]."
O365,"Hi, Windows login and network shares work normally, but Outlook cannot open my mailbox. Please investigate the email service. Please contact [NAME] if more details are needed."
Software,Hello team. Please enable my approved role in the expense management application. I can sign in but cannot submit reports. The requester is working from [LOCATION] today.
EOL,Could someone help with this? The retired server is still listed in the vulnerability scanner. Please remove the obsolete target from the scanning inventory. The local contact is available during office hours.
Fileservice,Hi support team. Please give the approved team edit access to the network folder. They currently have read-only permissions. Please acknowledge receipt so we can track the request.
O365,Could someone help with this? Please change the external sharing settings for the approved SharePoint project site. The site owner has supplied the access requirements. Please confirm which additional information you need.
Software,Hello team. Please update the installed database client to the approved version. The current release cannot connect to our development environment. Please include the resolution in the ticket notes.
Active Directory,Hello team. My Windows domain account says it is locked after several failed sign-ins. I need it unlocked so I can start work. Please include the resolution in the ticket notes.
EOL,We have moved the file shares to the replacement server. Please retire the old file server once the migration checks pass.
O365,Could someone help with this? I cannot see the shared calendar in Outlook anymore. Please check the calendar sharing permissions. The issue was first reported this morning.
Active Directory,The directory group membership change is not taking effect for [USERNAME]. Please check replication between domain controllers. The local contact is available during office hours.
Support general,Hello team. I cannot identify which service is failing from the error on the screen. Please help diagnose it before assigning a specialist. The requester is working from [LOCATION] today.
Fileservice,"Hi, Please restore a file from the network share backup to a separate recovery folder. Do not overwrite the current copy. Please contact [NAME] if more details are needed."
Active Directory,Could someone help with this? Please re-enable the expired domain account for the returning contractor. The renewed assignment has been approved. This needs to be coordinated with our team lead.
Software,Could someone help with this? Please configure the approved plugin for the design application. The main program is already installed and licensed. Please confirm which additional information you need.
Support general,Our site-to-site VPN link is down and the branch cannot reach internal services. Please arrange network triage. Please confirm which additional information you need.
Active Directory,Could someone help with this? The domain password policy rejects every new password I try. Please help confirm the required policy and restore access. This is affecting work at [LOCATION].
Fileservice,Please grant [USERNAME] read-only access to the approved folder on our file server. Their manager has approved the request. We can confirm the affected details when you contact us.
EOL,hello team. we need confirmation that no clients still connect to the host marked for retirement. please complete this decommissioning prerequisite. please advise if this requires a scheduled support session.
O365,"Hi, Windows login and network shares work normally, but Outlook cannot open my mailbox. Please investigate the email service. A colleague can assist with the follow-up if I am unavailable."
Software,Could someone help with this? The business application freezes when importing a CSV file. The same file opens correctly in a text editor. Please advise if this requires a scheduled support session.
Computer-Services,Hi support team. The laptop fan runs at full speed and the machine shuts down from heat. Please inspect the cooling system. This needs to be coordinated with our team lead.
Software,could someone help with this? the business application freezes when importing a csv file. the same file opens correctly in a text editor. please let us know the next steps.
Computer-Services,The printer is offline on every workstation but the office internet works. Please investigate the printer connection. Please keep the requester informed of progress.
Software,Hello team. The inventory application opens a blank window after its latest update. Please investigate the application startup failure. Please let us know the next steps.
EOL,Hello team. The retired server still triggers availability alerts. Please remove its monitoring checks as part of the closure process. I can provide additional details through the support portal.
EOL,"Hi, The old database server has been replaced and is no longer accepting connections. Please carry out the approved retirement checklist. We have included the relevant details in the service request."
Active Directory,Please disable the domain account for [USERNAME]. Their employment has ended and the access removal is approved. We have included the relevant details in the service request.
Fileservice,Hi support team. Please create a shared folder for the new project with the approved access list. It should be hosted on the network file server. We have included the relevant details in the service request.
Support general,Could someone help with this? The service portal will not let me submit an attachment with my support request. Please help me provide the diagnostic information. Please let us know the next steps.
O365,Hello team. Please remove a Microsoft 365 license that is no longer required. Keep the user's domain account active. The requester is working from [LOCATION] today.
O365,Hello team. Please configure an approved email alias for my existing mailbox. My primary address should stay unchanged. Please contact [NAME] if more details are needed.
O365,Hello team. My Teams meeting invitations contain the wrong meeting information. Please investigate the calendar integration. Please confirm which additional information you need.
Fileservice,Could someone help with this? We need the previous version of a spreadsheet saved on the departmental file server. The current version was overwritten. Please confirm which additional information you need.
EOL,The migration is complete and the old monitoring appliance is no longer required. Please initiate the retirement workflow. Our team needs an update before the next shift.
Computer-Services,The internal speakers crackle even when playing a local audio file. Please inspect the audio driver and hardware. Our team needs an update before the next shift.
EOL,"hi, we need a disposal record for a server that has reached the end of its service life. please coordinate the retirement paperwork. our team needs an update before the next shift."
Support general,"Hi, The phone menu sends callers to the wrong office. Please route the issue to the communications team. This is affecting work at [LOCATION]."
EOL,Could someone help with this? Please update the asset register to show that [SERVER] has been decommissioned. The retirement work is complete. Please contact [NAME] if more details are needed.
EOL,"Hi, Please unregister the retired server from the patch management platform. It has been permanently removed from service."
Fileservice,"hi, please enable the approved team to create subfolders on the shared drive. they can currently read files but cannot create directories. please contact [NAME] if more details are needed."
Fileservice,My mapped network drive has disappeared after signing in. Please help reconnect it to the existing file share.
Support general,Could someone help with this? Several staff cannot reach any internal websites while public internet access works. Please triage the network connectivity issue. Our team needs an update before the next shift.
EOL,"Hi, Our old virtual machine has been shut down permanently. Please complete its approved removal from the virtualization platform. Please keep the requester informed of progress."
Active Directory,"Hi, Please set the approved expiry date on a temporary directory account. It should not remain active indefinitely. Please confirm which additional information you need."
Support general,"Hi, I accidentally entered my credentials on a suspicious website. Please escalate this to the security response team. This is affecting work at [LOCATION]."
Computer-Services,Could someone help with this? Please set up a replacement desktop at the employee's desk. Their existing account and application access are ready. We can confirm the affected details when you contact us.
EOL,Hello team. Please begin the approved retirement of [SERVER]. The replacement service is live and the old machine is no longer needed. Please let us know the next steps.
O365,Could someone help with this? Please increase or archive my mailbox storage as appropriate. Outlook says the mailbox has reached its limit. Please confirm which additional information you need.
EOL,Could someone help with this? The storage volumes belong to a retired virtual server. Please review retention and remove the volumes approved for disposal. This is affecting work at [LOCATION].
O365,Hello team. Please update the email forwarding configuration on the approved shared mailbox. The mailbox owner has authorized the change. Please coordinate any appointment with the requester.
Software,"Hi, The browser extension required by our internal application will not install. Please check the approved extension deployment. Please acknowledge receipt so we can track the request."
EOL,Hi support team. The old development server has been replaced. Please remove its obsolete network reservations during the retirement work. The issue was first reported this morning.
Support general,Hi support team. Please tell me which team owns the legacy internal service. We need to contact its support owner before making a change. Please keep the requester informed of progress.
Software,Hello team. The procurement application denies access to the purchasing module. My login succeeds and the application owner has approved the role. The request has been logged under [TICKET ID].
Active Directory,Hello team. Our new hire's domain account was created in the wrong organizational unit. Please move it before their first login. The request has been logged under [TICKET ID].
Fileservice,Hello team. The DFS path opens an outdated copy of our shared folder. Please check the file service referral and replication. This needs to be coordinated with our team lead.
Support general,Could someone help with this? Several unrelated systems are unavailable at our location. Please coordinate an initial outage investigation. Please keep the requester informed of progress.
Computer-Services,"Hi, The office printer is printing duplicate copies of every job. Please check the device configuration and print queue. We can confirm the affected details when you contact us."
EOL,Could someone help with this? Please coordinate secure collection of the server hardware being retired from the branch office. The disposal request is approved. The issue was first reported this morning.
O365,Please check why mail from our approved sender is being quarantined in Exchange Online. We need the message reviewed. A colleague can assist with the follow-up if I am unavailable.
Support general,I cannot identify which service is failing from the error on the screen. Please help diagnose it before assigning a specialist. This is affecting work at [LOCATION].
Support general,"Hi, Please provide the current status of the announced service interruption. We need to know which teams are investigating. The requester is working from [LOCATION] today."
Software,Hello team. The approved CAD program crashes whenever I open a drawing. Other applications work normally. We can confirm the affected details when you contact us.
O365,"Hi, Please update the email forwarding configuration on the approved shared mailbox. The mailbox owner has authorized the change. Please contact [NAME] if more details are needed."
O365,"Hi, My OneDrive folder shows a sync conflict for a document edited on two devices. Please help reconcile the copies. The issue was first reported this morning."
EOL,Could someone help with this? The old development server has been replaced. Please remove its obsolete network reservations during the retirement work. Please keep the requester informed of progress.
EOL,Hi support team. Please terminate the unused cloud instance after its retirement approval is confirmed. Its workload has been migrated. The issue was first reported this morning.
Active Directory,Could someone help with this? I forgot my corporate network password and cannot sign into Windows. Please help me reset it. Please let us know the next steps.
O365,OneDrive says an item cannot sync because its path is too long. Please help resolve the Microsoft 365 sync error. A colleague can assist with the follow-up if I am unavailable.
Support general,hi support team. i accidentally entered my credentials on a suspicious website. please escalate this to the security response team. i can provide additional details through the support portal.
Fileservice,Hi support team. Please check why offline copies of our network share do not synchronize after reconnecting. The file server is reachable. Our team needs an update before the next shift.
Computer-Services,Hello team. My monitor flickers even when a different cable is used. Please check whether the display needs replacing.
Computer-Services,Could someone help with this? The workstation restarts with a blue screen during boot. Please investigate the operating system or device drivers. This is affecting work at [LOCATION].
Computer-Services,"hi, my external monitor says no signal while the laptop is docked. the monitor works when connected directly. please coordinate any appointment with the requester."
Active Directory,Could someone help with this? Please create a domain account for our new starter [NAME]. Their manager has approved the onboarding request. Please confirm which additional information you need.
Fileservice,Hello team. The file server reports that a document is locked by a user who is no longer connected. Please investigate the stale lock. This is affecting work at [LOCATION].
Computer-Services,The scanner feeder pulls several sheets at once. Please service the document feeder. Please confirm which additional information you need.
Support general,Could someone help with this? The remote access gateway is unreachable for several users. Please investigate the network service before checking individual accounts. Please coordinate any appointment with the requester.
Software,Hi support team. PDF files fail to open in the installed reader but work in another viewer. Please repair the reader application. This needs to be coordinated with our team lead.
EOL,We are closing an unused server rack and need the retired assets reconciled against the inventory. Please coordinate the retirement checklist. The requester is working from [LOCATION] today.
O365,"Hi support team. Please update the members of our email distribution group. This is an email list change, not a directory login issue. Please include the resolution in the ticket notes."
Computer-Services,"Hi, My desktop has become very slow and reports memory errors at startup. Please run hardware diagnostics. Please contact [NAME] if more details are needed."
Software,Hi support team. The browser extension required by our internal application will not install. Please check the approved extension deployment. The request has been logged under [TICKET ID].
Computer-Services,Hi support team. Please configure duplex printing on the new multifunction printer. Single-sided printing already works. Please contact [NAME] if more details are needed.
Software,The customer support application cannot load its add-in. Please investigate the plugin compatibility error. Please let us know the next steps.
O365,Hello team. Teams does not show my updated display name even though the directory is correct. Please check the Microsoft 365 profile synchronization. The local contact is available during office hours.
Computer-Services,The trackpad clicks by itself and makes the laptop difficult to use. Please inspect the pointing device. I can provide additional details through the support portal.
EOL,Could someone help with this? Please remove the old server from the disaster recovery plan after decommissioning. The replacement has already been added. The local contact is available during office hours.
Active Directory,Please update the employee's department and office attributes in the directory. Their login name should stay the same. This needs to be coordinated with our team lead.
Software,"Hi, The procurement application denies access to the purchasing module. My login succeeds and the application owner has approved the role. We can confirm the affected details when you contact us."
Active Directory,My Windows domain account says it is locked after several failed sign-ins. I need it unlocked so I can start work. We can confirm the affected details when you contact us.
Software,Hello team. Please install the required language pack for the approved business application. The core application already works. Our team needs an update before the next shift.
Fileservice,Could someone help with this? I can read the shared folder but cannot delete files I created there. Please check the delete permission on the network share. This needs to be coordinated with our team lead.
Software,Could someone help with this? The business application freezes when importing a CSV file. The same file opens correctly in a text editor. I can provide additional details through the support portal.
Software,Please reset my password in the standalone vendor application. This account is separate from my corporate directory login.
O365,"Hi, The Outlook meeting room calendar shows conflicting bookings. Please investigate the room mailbox configuration. Please acknowledge receipt so we can track the request."
Computer-Services,Could someone help with this? The scanner is not listed among the devices on my computer. Please install its approved driver. Please keep the requester informed of progress.
EOL,Hello team. The legacy mail server is being permanently retired after migration. Please complete the server decommissioning work. This is affecting work at [LOCATION].
EOL,"Hi, Please verify that the decommissioned host has no remaining public DNS entry. The replacement endpoint is already in service. The issue was first reported this morning."
Active Directory,Hello team. The account unlock portal says my corporate username does not exist. Please check my directory record. We have included the relevant details in the service request.
Computer-Services,Hi support team. My docking station no longer detects either external monitor. The laptop screen still works normally. Please include the resolution in the ticket notes.
Fileservice,Hello team. Please enable the approved team to create subfolders on the shared drive. They can currently read files but cannot create directories. Please coordinate any appointment with the requester.
Fileservice,Could someone help with this? Please create an archive folder on the file server with read-only access for the team. The active project folder should stay writable. The request has been logged under [TICKET ID].
Fileservice,Hello team. Please check why offline copies of our network share do not synchronize after reconnecting. The file server is reachable. We have included the relevant details in the service request.
Computer-Services,"the pdf opens correctly, but the printer produces blank pages from every application. please investigate the printing device. please keep the requester informed of progress."
Active Directory,"Could someone help with this? I need a domain password reset, not an Outlook mailbox change. Windows login is the part that is failing. This is affecting work at [LOCATION]."
O365,"Hi, Please assign the approved Microsoft 365 license to our existing employee account. The directory account has already been created. Please advise if this requires a scheduled support session."
Support general,"Hi, Please coordinate a planned office shutdown with the relevant IT teams. Several services need to be included in the schedule. Please acknowledge receipt so we can track the request."
Computer-Services,Hi support team. My headset microphone is silent in every program. Please troubleshoot the audio device. Please confirm which additional information you need.
EOL,Hi support team. The old database server has been replaced and is no longer accepting connections. Please carry out the approved retirement checklist.
Software,The licensed statistics package reports that no seats are available. Please check the application license server. Please keep the requester informed of progress.
Software,"Hi, Please install the required language pack for the approved business application. The core application already works. Please confirm which additional information you need."
O365,Could someone help with this? Please create a distribution list in Exchange Online with the approved members. We need it for team announcements. Please coordinate any appointment with the requester.
Software,Could someone help with this? Please repair the installation of the approved diagramming tool. Its shortcut reports a missing executable. Please keep the requester informed of progress.
EOL,Please review outstanding scheduled tasks before the legacy server is permanently shut down. This is part of its approved retirement. Please advise if this requires a scheduled support session.
Software,hello team. the customer support application cannot load its add-in. please investigate the plugin compatibility error. please include the resolution in the ticket notes.
EOL,Please remove the load balancer entry for a retired backend server. It should no longer receive health checks or traffic. Please include the resolution in the ticket notes.
Computer-Services,The touchscreen registers touches in the wrong position. Please calibrate or repair the display. The issue was first reported this morning.
Active Directory,Hi support team. Please restore the accidentally disabled directory account for [USERNAME]. The account owner is still an active employee. Please contact [NAME] if more details are needed.
Computer-Services,Could someone help with this? The internal speakers crackle even when playing a local audio file. Please inspect the audio driver and hardware. This needs to be coordinated with our team lead.
Computer-Services,"Hi, The scanner is not listed among the devices on my computer. Please install its approved driver. Please contact [NAME] if more details are needed."
Fileservice,Could someone help with this? I accidentally deleted a document from the shared drive. Please check whether it can be restored from the file server backup. Please contact [NAME] if more details are needed.
Computer-Services,"Hi, The scanner is not listed among the devices on my computer. Please install its approved driver. Our team needs an update before the next shift."
Support general,Hi support team. The remote access gateway is unreachable for several users. Please investigate the network service before checking individual accounts.
Active Directory,Hello team. My domain account locks again immediately after it is unlocked. Please check which device is submitting old credentials. The request has been logged under [TICKET ID].
EOL,Hi support team. The retired server still triggers availability alerts. Please remove its monitoring checks as part of the closure process. The requester is working from [LOCATION] today.
Active Directory,The directory group membership change is not taking effect for [USERNAME]. Please check replication between domain controllers. Please confirm which additional information you need.
Support general,"Hi, Please change the urgency on ticket [TICKET ID] after reviewing the updated business impact. The incident now affects the whole location. Please contact [NAME] if more details are needed."
EOL,The retired host still has an active certificate renewal job. Please close the renewal task as part of the retirement cleanup. Please confirm which additional information you need.
EOL,Hi support team. The retired server still appears in Nexthink. Please remove its inventory entry as part of decommissioning. The requester is working from [LOCATION] today.
Active Directory,"Hi, Please update the employee's department and office attributes in the directory. Their login name should stay the same. Please let us know the next steps."
Fileservice,Could someone help with this? Please remove an obsolete network share after its contents have been migrated. The file server itself must remain in service. Please coordinate any appointment with the requester.
EOL,please remove the load balancer entry for a retired backend server. it should no longer receive health checks or traffic. a colleague can assist with the follow-up if i am unavailable.
Software,Our time tracking app keeps logging me out while other services stay connected. Please investigate its session handling. I can provide additional details through the support portal.
Computer-Services,Hi support team. The printer queue is stuck on a job that cannot be cancelled. Please help restore printing on this workstation. This needs to be coordinated with our team lead.
Support general,hello team. please reopen ticket [TICKET ID] because the reported issue is still unresolved. the earlier closure was premature. we have included the relevant details in the service request.
EOL,"hi, the retired server still appears in nexthink. please remove its inventory entry as part of decommissioning. a colleague can assist with the follow-up if i am unavailable."
Computer-Services,Hello team. The conference room camera is physically damaged. Please arrange replacement meeting room equipment. Our team needs an update before the next shift.
Active Directory,Hi support team. My workstation reports that the trust relationship with the domain has failed. Other staff can still sign into their computers. Please advise if this requires a scheduled support session.
O365,OneDrive has stopped synchronizing the documents in my work account. The files are still present locally. Please let us know the next steps.
EOL,Could someone help with this? The old print server has no remaining queues or clients. Please complete its scheduled decommissioning. Please confirm which additional information you need.
Fileservice,Could someone help with this? Please transfer ownership of the project folder on the file server. The current owner has moved to another team. Please include the resolution in the ticket notes.
EOL,Hi support team. Please clean up the server-specific service account after the host is retired. Confirm that no other service depends on it first. We can confirm the affected details when you contact us.
Active Directory,our new hire's domain account was created in the wrong organizational unit. please move it before their first login. we can confirm the affected details when you contact us.
Support general,Hello team. The support portal shows my request as assigned to the wrong location. Please correct the routing information.
O365,"hi, our microsoft 365 account asks for multifactor authentication on a phone i no longer have. please help reset the registered method. please confirm which additional information you need."
Active Directory,could someone help with this? please audit the nested directory groups that give [USERNAME] administrative access. we need to verify the approved membership path. this is affecting work at [LOCATION].
Fileservice,Could someone help with this? Please create an archive folder on the file server with read-only access for the team. The active project folder should stay writable. We have included the relevant details in the service request.
Computer-Services,Could someone help with this? Please set up a replacement desktop at the employee's desk. Their existing account and application access are ready. Please contact [NAME] if more details are needed.
EOL,Hello team. The old development server has been replaced. Please remove its obsolete network reservations during the retirement work. I can provide additional details through the support portal.
EOL,Could someone help with this? The old backup appliance is at the end of its service life. Please plan its decommissioning after retention obligations are satisfied. Please include the resolution in the ticket notes.
Support general,could someone help with this? our site-to-site vpn link is down and the branch cannot reach internal services. please arrange network triage. our team needs an update before the next shift.
Software,Could someone help with this? Please enable my approved role in the expense management application. I can sign in but cannot submit reports. Please include the resolution in the ticket notes.
Software,the crm application gives an internal error when i save a customer record. please investigate the application workflow. please keep the requester informed of progress.
Fileservice,"Hi, Please increase the approved storage quota for our department's network share. We are unable to save the project deliverables. Please keep the requester informed of progress."
EOL,Please remove the obsolete DNS records for a decommissioned server. The replacement uses a different hostname. Our team needs an update before the next shift.
O365,"Hi, Please configure an approved email alias for my existing mailbox. My primary address should stay unchanged. Please let us know the next steps."
Computer-Services,Could someone help with this? My laptop does not power on even with the charger connected. Please arrange a hardware check. Please advise if this requires a scheduled support session.
O365,Hi support team. I cannot see the shared calendar in Outlook anymore. Please check the calendar sharing permissions. Please acknowledge receipt so we can track the request.
Active Directory,Hi support team. Please remove a former administrator's directory privileges while keeping their ordinary staff account. The role change is approved. I can provide additional details through the support portal.
Software,"Hi, Please update the approved web browser on this workstation. The business application no longer supports the installed version. The local contact is available during office hours."
Support general,hello team. please merge my duplicate support requests into the existing incident. they describe the same problem. please let us know the next steps.
Computer-Services,"Hi, Please reinstall the operating system on the approved replacement workstation. The required files have been backed up. This is affecting work at [LOCATION]."
Support general,Please coordinate a planned office shutdown with the relevant IT teams. Several services need to be included in the schedule. This is affecting work at [LOCATION].
Active Directory,Could someone help with this? My directory profile has a duplicate account with a similar username. Please investigate which record should remain active. Please acknowledge receipt so we can track the request.
Software,"Hi, The software deployment portal reports that the requested application installation failed. Please check the deployment package. Please keep the requester informed of progress."
O365,Skype for Business will not sign in with my work account. Please investigate the collaboration service connection. Please keep the requester informed of progress.
EOL,Could someone help with this? Please review outstanding scheduled tasks before the legacy server is permanently shut down. This is part of its approved retirement. This is affecting work at [LOCATION].
Computer-Services,The laptop fan runs at full speed and the machine shuts down from heat. Please inspect the cooling system. The request has been logged under [TICKET ID].
Active Directory,Could someone help with this? My domain account is marked as requiring a smart card even though none was issued. Please review the account policy. Please let us know the next steps.
O365,Please add an approved delegate to my Outlook calendar. They need to schedule meetings on my behalf. We can confirm the affected details when you contact us.
Active Directory,Our contractor's directory account expired before their extended assignment finished. Please update the account expiry date.
EOL,We are closing an unused server rack and need the retired assets reconciled against the inventory. Please coordinate the retirement checklist. Please advise if this requires a scheduled support session.
Fileservice,"Hi, The file server reports that a document is locked by a user who is no longer connected. Please investigate the stale lock. Please advise if this requires a scheduled support session."
Active Directory,"Hi, I can log into Windows, but my directory account still lists the wrong manager. Please correct the manager attribute. The issue was first reported this morning."
Computer-Services,"Hi, The workstation clock resets whenever power is disconnected. Please check the internal battery. We have included the relevant details in the service request."
Fileservice,The home drive is not being mapped for my existing account. Please check the home folder configuration on the file service. I can provide additional details through the support portal.
EOL,"Hi, Please coordinate secure collection of the server hardware being retired from the branch office. The disposal request is approved. We can confirm the affected details when you contact us."
Active Directory,Hello team. Create a dedicated directory service account for the scheduled job. The approved access scope is attached to the request. The requester is working from [LOCATION] today.
Active Directory,please remove an obsolete computer object from the directory after a workstation replacement. the replacement is already joined. please advise if this requires a scheduled support session.
Active Directory,hello team. the domain password policy rejects every new password i try. please help confirm the required policy and restore access. our team needs an update before the next shift.
Computer-Services,Could someone help with this? The laptop fan runs at full speed and the machine shuts down from heat. Please inspect the cooling system. Please advise if this requires a scheduled support session.
O365,"Hi support team. Please update the members of our email distribution group. This is an email list change, not a directory login issue. Please acknowledge receipt so we can track the request."
Computer-Services,"hi, the scanner feeder pulls several sheets at once. please service the document feeder."
Software,Please enable my approved role in the expense management application. I can sign in but cannot submit reports. I can provide additional details through the support portal.
Software,Hi support team. The approved text editor loses its settings after every restart. Please check the application profile. Please let us know the next steps.
Software,Please install the required language pack for the approved business application. The core application already works. A colleague can assist with the follow-up if I am unavailable.
Active Directory,"Hi, The temporary domain password for our new starter is rejected at first login. Please check the account setup. Please advise if this requires a scheduled support session."
EOL,Hello team. The firewall rules for a permanently retired server are still active. Please coordinate their removal with the network team. Please coordinate any appointment with the requester.
Software,Please install the approved database driver required by the analytics application. The workstation itself is working normally. The issue was first reported this morning.
Fileservice,Could someone help with this? Please set up a new SMB share for the approved project directory. The underlying server is already available. Please keep the requester informed of progress.
Computer-Services,Hello team. The label printer cuts off the right side of each label. Please calibrate the printer and paper settings. Please include the resolution in the ticket notes.
Active Directory,My domain account locks again immediately after it is unlocked. Please check which device is submitting old credentials. Please coordinate any appointment with the requester.
Software,could someone help with this? the approved cad program crashes whenever i open a drawing. other applications work normally. please coordinate any appointment with the requester.
EOL,We need a disposal record for a server that has reached the end of its service life. Please coordinate the retirement paperwork. The requester is working from [LOCATION] today.
Support general,"Hi, Please tell me how to request a new item through the IT service catalog. I need guidance on the approval process. I can provide additional details through the support portal."
Fileservice,Hello team. The file server rejects a folder rename even though I own the contents. Please check the share permissions and open handles. The request has been logged under [TICKET ID].
Software,"Hi, The browser extension required by our internal application will not install. Please check the approved extension deployment. I can provide additional details through the support portal."
Support general,Our office telephone cannot make external calls. Please route the issue to the telephony support team. We have included the relevant details in the service request.
Active Directory,create a dedicated directory service account for the scheduled job. the approved access scope is attached to the request. our team needs an update before the next shift.
Fileservice,"Hi, Please provide a list of who can access the restricted folder on the file server. We need to review its effective permissions. Please let us know the next steps."
Fileservice,Hello team. Please check why the replicated shared folder has different contents at the two offices. The missing files were saved yesterday. This needs to be coordinated with our team lead.
Active Directory,"hi, i forgot my corporate network password and cannot sign into windows. please help me reset it. we can confirm the affected details when you contact us."
Fileservice,The shared drive is prompting for credentials repeatedly even though my domain login works. Please investigate authentication to the file server. This needs to be coordinated with our team lead.
O365,Hello team. The out-of-office reply does not activate in Exchange Online. Please check the mailbox automatic reply settings. Please let us know the next steps.
Software,Please update the installed database client to the approved version. The current release cannot connect to our development environment. The request has been logged under [TICKET ID].
Active Directory,"Hi, Please create a directory security group with [NAME] as the designated owner. Membership will be requested separately. Our team needs an update before the next shift."
O365,Hi support team. Please recover a deleted file from our SharePoint document library. This file was never on the network drive. Please keep the requester informed of progress.
Software,Hi support team. Please install the approved database driver required by the analytics application. The workstation itself is working normally. Please let us know the next steps.
Support general,Hi support team. Several unrelated systems are unavailable at our location. Please coordinate an initial outage investigation. Please confirm which additional information you need.
Fileservice,please grant [USERNAME] read-only access to the approved folder on our file server. their manager has approved the request. please include the resolution in the ticket notes.
Software,Could someone help with this? The software deployment portal reports that the requested application installation failed. Please check the deployment package. A colleague can assist with the follow-up if I am unavailable.
O365,Please update the email forwarding configuration on the approved shared mailbox. The mailbox owner has authorized the change. Our team needs an update before the next shift.
EOL,"Hi, The retired server still appears in Nexthink. Please remove its inventory entry as part of decommissioning. Please advise if this requires a scheduled support session."
Active Directory,"Hi, Please create a directory security group with [NAME] as the designated owner. Membership will be requested separately. The request has been logged under [TICKET ID]."
Software,hi support team. the approved cad program crashes whenever i open a drawing. other applications work normally. please contact [NAME] if more details are needed.
Active Directory,Hello team. Our contractor's directory account expired before their extended assignment finished. Please update the account expiry date. We can confirm the affected details when you contact us.
EOL,We need confirmation that no clients still connect to the host marked for retirement. Please complete this decommissioning prerequisite. This is affecting work at [LOCATION].
Active Directory,The account unlock portal says my corporate username does not exist. Please check my directory record. This needs to be coordinated with our team lead.
Active Directory,Hello team. Please set the approved expiry date on a temporary directory account. It should not remain active indefinitely. We can confirm the affected details when you contact us.
Support general,Hello team. The network socket at my desk has no connection with multiple tested devices. Please arrange a network port check. Please advise if this requires a scheduled support session.
Computer-Services,"Hi, The scanner is not listed among the devices on my computer. Please install its approved driver. We have included the relevant details in the service request."
EOL,"Hi, Please remove the service discovery entries for a decommissioned host. Clients should use the replacement service. The local contact is available during office hours."
Software,please package the approved utility for installation through the software portal. the business owner has approved its use. please confirm which additional information you need.
Computer-Services,hi support team. my usb keyboard works on another computer but not this workstation. please inspect the usb ports and drivers. a colleague can assist with the follow-up if i am unavailable.
EOL,"Hi, Please unregister the retired server from the patch management platform. It has been permanently removed from service. Please let us know the next steps."
EOL,Hi support team. Please terminate the unused cloud instance after its retirement approval is confirmed. Its workload has been migrated.
Active Directory,Hello team. Please create a domain account for our new starter [NAME]. Their manager has approved the onboarding request. Please contact [NAME] if more details are needed.
Software,could someone help with this? please update the installed database client to the approved version. the current release cannot connect to our development environment. this needs to be coordinated with our team lead.
Support general,Could someone help with this? Please explain the approval process for buying additional IT equipment. I am requesting procurement guidance at this stage.
O365,"Hi, Please assign the approved Microsoft 365 license to our existing employee account. The directory account has already been created. We have included the relevant details in the service request."
O365,Please create a distribution list in Exchange Online with the approved members. We need it for team announcements. Our team needs an update before the next shift.
Active Directory,Could someone help with this? The new starter can sign into email but has no Windows domain account. Please finish the directory provisioning. Please acknowledge receipt so we can track the request.
Active Directory,Hello team. My Windows domain account says it is locked after several failed sign-ins. I need it unlocked so I can start work. Please acknowledge receipt so we can track the request.
Computer-Services,Hi support team. Several keys on my keyboard have stopped responding. I need a replacement keyboard or repair. Please keep the requester informed of progress.
Software,Hi support team. The application update repeatedly asks for local administrator privileges. Please arrange the approved managed installation. The local contact is available during office hours.
EOL,Hi support team. The old backup appliance is at the end of its service life. Please plan its decommissioning after retention obligations are satisfied. The requester is working from [LOCATION] today.
Support general,A visitor needs guidance on how to request temporary internet access. Please direct them to the correct process. A colleague can assist with the follow-up if I am unavailable.
Software,Please install the approved compression utility for our archive workflow. We do not need changes to file share permissions. Please keep the requester informed of progress.
O365,"hi, please change the owner of our microsoft teams team. the current owner has transferred to another department. the local contact is available during office hours."
Computer-Services,the printer produces faded pages even after a toner replacement. please check the printer components. the local contact is available during office hours.
Computer-Services,The internal speakers crackle even when playing a local audio file. Please inspect the audio driver and hardware. We can confirm the affected details when you contact us.
Computer-Services,Hello team. The scanner feeder pulls several sheets at once. Please service the document feeder. The requester is working from [LOCATION] today.
O365,Outlook keeps asking me to sign in even though my Windows login works. Please investigate the mailbox connection. Please confirm which additional information you need.
Active Directory,Could someone help with this? Our approved service account needs its password rotated in the directory. Please coordinate the change with the application owner. The request has been logged under [TICKET ID].
EOL,Hi support team. We are closing an unused server rack and need the retired assets reconciled against the inventory. Please coordinate the retirement checklist. Please let us know the next steps.
Computer-Services,Could someone help with this? Please set up a replacement desktop at the employee's desk. Their existing account and application access are ready. The requester is working from [LOCATION] today.
Computer-Services,Hello team. The conference room camera is physically damaged. Please arrange replacement meeting room equipment. The requester is working from [LOCATION] today.
Computer-Services,"hi, my monitor flickers even when a different cable is used. please check whether the display needs replacing. a colleague can assist with the follow-up if i am unavailable."
EOL,Could someone help with this? Please terminate the unused cloud instance after its retirement approval is confirmed. Its workload has been migrated. Please include the resolution in the ticket notes.
Fileservice,Hi support team. Please check why the replicated shared folder has different contents at the two offices. The missing files were saved yesterday. Please let us know the next steps.
EOL,The migration is complete and the old monitoring appliance is no longer required. Please initiate the retirement workflow. Please confirm which additional information you need.
EOL,Hi support team. The migration is complete and the old monitoring appliance is no longer required. Please initiate the retirement workflow. This needs to be coordinated with our team lead.
Software,The application installer rolls back before completion without explaining why. Please help inspect the installation log. Please keep the requester informed of progress.
Software,"Hi, Please configure the approved plugin for the design application. The main program is already installed and licensed. The request has been logged under [TICKET ID]."
Fileservice,"Hello team. This is a network file share problem, not OneDrive. The mapped drive opens but every save returns Access Denied. The issue was first reported this morning."
O365,Hi support team. OneDrive has stopped synchronizing the documents in my work account. The files are still present locally. Please keep the requester informed of progress.
Active Directory,Hello team. Please restore the accidentally disabled directory account for [USERNAME]. The account owner is still an active employee. Our team needs an update before the next shift.
Fileservice,Hi support team. Please check why offline copies of our network share do not synchronize after reconnecting. The file server is reachable. Please keep the requester informed of progress.
Software,Hi support team. Please install the approved compression utility for our archive workflow. We do not need changes to file share permissions. Please let us know the next steps.
Software,Hi support team. Please provide the approved version of the terminal client. I need it to connect to our development servers. A colleague can assist with the follow-up if I am unavailable.
Support general,Hi support team. The corporate web page is blocked by the network filtering service. Please route an approved access review to the appropriate team. Please let us know the next steps.
Software,Hello team. My accounting application says its license has expired. Please check the application entitlement and renewal status. The requester is working from [LOCATION] today.
Active Directory,Please grant [USERNAME] membership in the approved remote access directory group. The VPN service itself is working. Please contact [NAME] if more details are needed.
Computer-Services,Could someone help with this? The workstation clock resets whenever power is disconnected. Please check the internal battery. The requester is working from [LOCATION] today.
O365,"Hi, Please create a distribution list in Exchange Online with the approved members. We need it for team announcements. A colleague can assist with the follow-up if I am unavailable."
Computer-Services,The scanner is not listed among the devices on my computer. Please install its approved driver. Please confirm which additional information you need.
Software,"Hi, The application installer rolls back before completion without explaining why. Please help inspect the installation log. The request has been logged under [TICKET ID]."
Software,"Hi, Please provide the approved version of the terminal client. I need it to connect to our development servers. Please acknowledge receipt so we can track the request."
Support general,Hi support team. Please tell me which team owns the legacy internal service. We need to contact its support owner before making a change. Please include the resolution in the ticket notes.
Computer-Services,Hello team. The office printer has paper stuck inside and will not feed a new page. Please help clear the jam. We can confirm the affected details when you contact us.
Software,Could someone help with this? Our time tracking app keeps logging me out while other services stay connected. Please investigate its session handling. Please keep the requester informed of progress.
Support general,The office internet connection is down for several people. Please investigate and route this to the appropriate network team.
O365,Please change the owner of our Microsoft Teams team. The current owner has transferred to another department. Please coordinate any appointment with the requester.
O365,"Hi, Messages sent to the team shared mailbox are not appearing in Outlook. Please check mail flow and mailbox permissions. The request has been logged under [TICKET ID]."
O365,"Hi, The SharePoint document library says I do not have permission to upload. I can still read its existing documents. A colleague can assist with the follow-up if I am unavailable."
Support general,The office internet connection is down for several people. Please investigate and route this to the appropriate network team. Please advise if this requires a scheduled support session.
Software,"Hi, The inventory application opens a blank window after its latest update. Please investigate the application startup failure. We have included the relevant details in the service request."
EOL,The old backup appliance is at the end of its service life. Please plan its decommissioning after retention obligations are satisfied. Please acknowledge receipt so we can track the request.
Software,"Hi, The approved text editor loses its settings after every restart. Please check the application profile. The issue was first reported this morning."
Computer-Services,My USB keyboard works on another computer but not this workstation. Please inspect the USB ports and drivers. Our team needs an update before the next shift.
EOL,The firewall rules for a permanently retired server are still active. Please coordinate their removal with the network team. We have included the relevant details in the service request.
EOL,Hi support team. Please schedule permanent shutdown of the unused test environment. Its owner has approved retirement of the servers. The requester is working from [LOCATION] today.
Support general,Hi support team. Please tell me how to request a new item through the IT service catalog. I need guidance on the approval process. Please advise if this requires a scheduled support session.
Support general,"hi, a company device has been reported missing. please coordinate the lost asset response with the appropriate teams. i can provide additional details through the support portal."
Active Directory,Hello team. Please join the replacement workstation [DEVICE] to our corporate domain. The device setup is otherwise complete. Please acknowledge receipt so we can track the request.
Support general,Hello team. Please coordinate a planned office shutdown with the relevant IT teams. Several services need to be included in the schedule. This needs to be coordinated with our team lead.
Support general,Hi support team. A visitor needs guidance on how to request temporary internet access. Please direct them to the correct process. This needs to be coordinated with our team lead.
Fileservice,Could someone help with this? Copying large files to the network share fails halfway through. Local copies on my laptop complete successfully. The local contact is available during office hours.
Software,could someone help with this? the procurement application denies access to the purchasing module. my login succeeds and the application owner has approved the role. this needs to be coordinated with our team lead.
Active Directory,Hello team. Please create a domain account for our new starter [NAME]. Their manager has approved the onboarding request. Please advise if this requires a scheduled support session.
Active Directory,Could someone help with this? Please add [USERNAME] to the approved directory security group [GROUP]. This request is for group membership only. Please let us know the next steps.
Computer-Services,Hello team. The laptop cannot detect its built-in wireless adapter. Please check the device driver and hardware. Please coordinate any appointment with the requester.
EOL,Could someone help with this? Please archive the required configuration records for [SERVER] before its approved disposal. The server will not return to service. A colleague can assist with the follow-up if I am unavailable.
Support general,Please merge my duplicate support requests into the existing incident. They describe the same problem. Please keep the requester informed of progress.
Software,hello team. please grant approved access to the project management application. my corporate login already works. the requester is working from [LOCATION] today.
Fileservice,Hello team. The DFS path opens an outdated copy of our shared folder. Please check the file service referral and replication. The requester is working from [LOCATION] today.
Computer-Services,Hello team. My Bluetooth mouse disconnects from this laptop every few minutes. Please check the peripheral connection. Please keep the requester informed of progress.
Software,hello team. please install the approved pdf editor on my workstation. i need to edit and combine documents for my role. the request has been logged under [TICKET ID].
Software,Could someone help with this? Please provide the approved version of the terminal client. I need it to connect to our development servers. Please contact [NAME] if more details are needed.
Computer-Services,the printer produces faded pages even after a toner replacement. please check the printer components. please let us know the next steps.
Fileservice,hi support team. files created by one colleague are unreadable by everyone else in the shared directory. please investigate permission inheritance. we have included the relevant details in the service request.
Computer-Services,Hello team. Please replace a damaged power adapter for my company laptop. The connector no longer fits securely. The issue was first reported this morning.
Software,Please install the approved PDF editor on my workstation. I need to edit and combine documents for my role. Please include the resolution in the ticket notes.
Support general,Please tell me how to request a new item through the IT service catalog. I need guidance on the approval process. Please contact [NAME] if more details are needed.
Active Directory,my domain account is marked as requiring a smart card even though none was issued. please review the account policy. the local contact is available during office hours.
Computer-Services,The printer queue is stuck on a job that cannot be cancelled. Please help restore printing on this workstation.
Support general,could someone help with this? our office move needs coordination across several it teams. please assign someone to help plan the support requests. this needs to be coordinated with our team lead.
O365,Hi support team. Excel says my Microsoft 365 subscription cannot be verified. The application is installed and my other services work. Please coordinate any appointment with the requester.
Support general,"Hi, I need to know the helpdesk opening hours and the process for urgent support. Please provide the correct contact details. We can confirm the affected details when you contact us."
Computer-Services,Hello team. The internal speakers crackle even when playing a local audio file. Please inspect the audio driver and hardware. The requester is working from [LOCATION] today.
Software,The scheduling application stopped launching after its update. Please review the update or restore the approved working version. The local contact is available during office hours.
Active Directory,Hello team. Please join the replacement workstation [DEVICE] to our corporate domain. The device setup is otherwise complete. This is affecting work at [LOCATION].
EOL,Hi support team. Please confirm completion of the retirement change for [SERVER]. We still need evidence that monitoring and network cleanup are finished. The issue was first reported this morning.
Fileservice,"Hi, The department share is accessible by server name but not through its usual network path. Please investigate the file service namespace. Please acknowledge receipt so we can track the request."
Support general,"Hi, I accidentally entered my credentials on a suspicious website. Please escalate this to the security response team. The request has been logged under [TICKET ID]."
Software,Please install the approved PDF editor on my workstation. I need to edit and combine documents for my role. The local contact is available during office hours.
Support general,Hello team. I am not sure which team handles this issue and need help opening the correct request. Please advise where to start. Please advise if this requires a scheduled support session.
O365,"Hi, Please restore an item deleted from my Exchange Online mailbox. It is no longer in the Deleted Items folder. The local contact is available during office hours."
Fileservice,Could someone help with this? Please restore a folder that was removed from the archive share. We can provide its original path and deletion time. The local contact is available during office hours.
Software,Could someone help with this? Please install the approved database driver required by the analytics application. The workstation itself is working normally. Please confirm which additional information you need.
Software,hi support team. the licensed statistics package reports that no seats are available. please check the application license server. this needs to be coordinated with our team lead.
EOL,"Hi, Please remove the old server from the disaster recovery plan after decommissioning. The replacement has already been added. Please contact [NAME] if more details are needed."
Support general,Could someone help with this? Please change the urgency on ticket [TICKET ID] after reviewing the updated business impact. The incident now affects the whole location. The requester is working from [LOCATION] today.
Fileservice,Could someone help with this? The shared drive has become very slow to list folders. Applications and local files open normally. We can confirm the affected details when you contact us.
Fileservice,could someone help with this? i can read the shared folder but cannot delete files i created there. please check the delete permission on the network share. the request has been logged under [TICKET ID].
O365,"Hi, My OneDrive folder shows a sync conflict for a document edited on two devices. Please help reconcile the copies. Please coordinate any appointment with the requester."
Active Directory,The surname on my directory profile is wrong after a name change. Please update the display name and account details.
O365,Could someone help with this? The Teams desktop app is stuck on the loading screen while the web version works. Please help repair the Teams client. We have included the relevant details in the service request.
O365,OneDrive says an item cannot sync because its path is too long. Please help resolve the Microsoft 365 sync error. This is affecting work at [LOCATION].
O365,Hi support team. Please assign the approved Microsoft 365 license to our existing employee account. The directory account has already been created. Please keep the requester informed of progress.
Computer-Services,"Hi, My headset microphone is silent in every program. Please troubleshoot the audio device. We can confirm the affected details when you contact us."
Software,Please update the installed database client to the approved version. The current release cannot connect to our development environment. Please let us know the next steps.
Computer-Services,hi support team. the scanner is not listed among the devices on my computer. please install its approved driver. please include the resolution in the ticket notes.
Fileservice,hello team. please remove an obsolete network share after its contents have been migrated. the file server itself must remain in service. please acknowledge receipt so we can track the request.
EOL,Please remove the service discovery entries for a decommissioned host. Clients should use the replacement service. Please advise if this requires a scheduled support session.
Software,Hello team. Please install the required language pack for the approved business application. The core application already works. Please include the resolution in the ticket notes.
Support general,the support portal shows my request as assigned to the wrong location. please correct the routing information. please keep the requester informed of progress.
Support general,Could someone help with this? We suspect a network outage because phones and computers lost connectivity together. Please coordinate initial triage. Please confirm which additional information you need.
O365,Could someone help with this? The SharePoint document library says I do not have permission to upload. I can still read its existing documents.
Active Directory,"Hi, The domain password policy rejects every new password I try. Please help confirm the required policy and restore access. The issue was first reported this morning."
O365,Hi support team. Please assign the approved Microsoft 365 license to our existing employee account. The directory account has already been created. The requester is working from [LOCATION] today.
Active Directory,Hello team. Please restore the accidentally disabled directory account for [USERNAME]. The account owner is still an active employee. This is affecting work at [LOCATION].
Support general,The guest wireless network will not connect visitors at reception. Please have the network team investigate. The local contact is available during office hours.
Support general,Hello team. Several staff cannot reach any internal websites while public internet access works. Please triage the network connectivity issue. The local contact is available during office hours.
Active Directory,Could someone help with this? Our contractor's directory account expired before their extended assignment finished. Please update the account expiry date. The requester is working from [LOCATION] today.
O365,Hi support team. Please remove a Microsoft 365 license that is no longer required. Keep the user's domain account active.
EOL,hello team. the firewall rules for a permanently retired server are still active. please coordinate their removal with the network team. please contact [NAME] if more details are needed.
Computer-Services,Hi support team. The scanner feeder pulls several sheets at once. Please service the document feeder. The local contact is available during office hours.
O365,An email I sent from Outlook returned a nondelivery report. Please help investigate the mailbox delivery issue. Please coordinate any appointment with the requester.
Support general,Hi support team. The office internet connection is down for several people. Please investigate and route this to the appropriate network team. Our team needs an update before the next shift.
EOL,"Hi, Please update the asset register to show that [SERVER] has been decommissioned. The retirement work is complete. This needs to be coordinated with our team lead."
Active Directory,Could someone help with this? I forgot my corporate network password and cannot sign into Windows. Please help me reset it.
O365,"Hi, Please grant approved access to the shared mailbox for our team. My existing corporate account is active. This needs to be coordinated with our team lead."
Support general,Hi support team. The office internet connection is down for several people. Please investigate and route this to the appropriate network team. The issue was first reported this morning.
Support general,I cannot identify which service is failing from the error on the screen. Please help diagnose it before assigning a specialist. The local contact is available during office hours.
Computer-Services,Could someone help with this? The desktop reports a failing hard drive during startup. Please arrange a device assessment and data protection steps. Please let us know the next steps.
Fileservice,"Hi support team. This is a network file share problem, not OneDrive. The mapped drive opens but every save returns Access Denied. Please include the resolution in the ticket notes."
Software,Hi support team. Please update the approved web browser on this workstation. The business application no longer supports the installed version. This needs to be coordinated with our team lead.
EOL,Hi support team. The old print server has no remaining queues or clients. Please complete its scheduled decommissioning. The requester is working from [LOCATION] today.
Computer-Services,"Hi, My headset microphone is silent in every program. Please troubleshoot the audio device. Please let us know the next steps."
EOL,Hello team. Please arrange approved disk sanitization for the retired server hardware. The data retention review has been completed. Please include the resolution in the ticket notes.
Computer-Services,The office printer has paper stuck inside and will not feed a new page. Please help clear the jam. A colleague can assist with the follow-up if I am unavailable.
EOL,the retired host still has an active certificate renewal job. please close the renewal task as part of the retirement cleanup. a colleague can assist with the follow-up if i am unavailable.
Fileservice,"Hi, Please map the existing team file share on my replacement workstation. My account already has approved access. Please advise if this requires a scheduled support session."
Computer-Services,"Hi, Several keys on my keyboard have stopped responding. I need a replacement keyboard or repair. Please contact [NAME] if more details are needed."
Active Directory,Hi support team. Please add [USERNAME] to the approved directory security group [GROUP]. This request is for group membership only. The requester is working from [LOCATION] today.
Support general,"Hi, Please update the contact person on my existing support ticket. The technical issue has not changed."
Active Directory,Could someone help with this? Please change the logon name for [USERNAME] to match the approved naming standard. Preserve the existing account memberships. This needs to be coordinated with our team lead.
O365,Hello team. Please increase or archive my mailbox storage as appropriate. Outlook says the mailbox has reached its limit. This is affecting work at [LOCATION].
EOL,"Hi, The retired server still triggers availability alerts. Please remove its monitoring checks as part of the closure process. We can confirm the affected details when you contact us."
Software,Hi support team. The application installer rolls back before completion without explaining why. Please help inspect the installation log. Please confirm which additional information you need.
EOL,"Hi, The storage volumes belong to a retired virtual server. Please review retention and remove the volumes approved for disposal. Please include the resolution in the ticket notes."
Active Directory,Hello team. Please disable the domain account for [USERNAME]. Their employment has ended and the access removal is approved. Please include the resolution in the ticket notes.
O365,Could someone help with this? Please change the external sharing settings for the approved SharePoint project site. The site owner has supplied the access requirements.
Active Directory,I forgot my corporate network password and cannot sign into Windows. Please help me reset it. We have included the relevant details in the service request.
Software,"hi, please provide the approved version of the terminal client. i need it to connect to our development servers. we can confirm the affected details when you contact us."
EOL,Hello team. Our old virtual machine has been shut down permanently. Please complete its approved removal from the virtualization platform. The requester is working from [LOCATION] today.
Support general,Hi support team. The support portal shows my request as assigned to the wrong location. Please correct the routing information. Please let us know the next steps.
Fileservice,i accidentally deleted a document from the shared drive. please check whether it can be restored from the file server backup. please confirm which additional information you need.
Software,The customer support application cannot load its add-in. Please investigate the plugin compatibility error. The requester is working from [LOCATION] today.
Computer-Services,"Hi, Please install the approved driver for the new office printer. The printer is already connected to the network. The requester is working from [LOCATION] today."
EOL,Please release the reserved IP address for [SERVER] after its approved retirement. Confirm the address is no longer in use first. This needs to be coordinated with our team lead.
Software,Could someone help with this? The business application freezes when importing a CSV file. The same file opens correctly in a text editor. A colleague can assist with the follow-up if I am unavailable.
Active Directory,Hi support team. My Windows domain account says it is locked after several failed sign-ins. I need it unlocked so I can start work. This is affecting work at [LOCATION].
Fileservice,"Hi, Please check why the replicated shared folder has different contents at the two offices. The missing files were saved yesterday. The local contact is available during office hours."
Active Directory,Hi support team. My Windows domain account says it is locked after several failed sign-ins. I need it unlocked so I can start work.
Software,Could someone help with this? The customer support application cannot load its add-in. Please investigate the plugin compatibility error. Please advise if this requires a scheduled support session.
Fileservice,"Hi, Please move the project directory to the new file server while preserving its access permissions. We need a coordinated migration window. The issue was first reported this morning."
Fileservice,Please remove a former team member's access to the project file share. Their domain account should remain active. Our team needs an update before the next shift.
Active Directory,Please investigate an unexpected change to a privileged directory group. We need the membership history and current access reviewed. A colleague can assist with the follow-up if I am unavailable.
Support general,could someone help with this? several staff cannot reach any internal websites while public internet access works. please triage the network connectivity issue. this is affecting work at [LOCATION].
Computer-Services,my docking station no longer detects either external monitor. the laptop screen still works normally. please contact [NAME] if more details are needed.
Support general,Could someone help with this? Please change the urgency on ticket [TICKET ID] after reviewing the updated business impact. The incident now affects the whole location. Please coordinate any appointment with the requester.
Support general,hi support team. the service portal will not let me submit an attachment with my support request. please help me provide the diagnostic information. please include the resolution in the ticket notes.
O365,"Hi, Please check why mail from our approved sender is being quarantined in Exchange Online. We need the message reviewed. Please coordinate any appointment with the requester."
EOL,Hi support team. Please remove the old server from the disaster recovery plan after decommissioning. The replacement has already been added. Our team needs an update before the next shift.
Support general,"Hi, The office internet connection is down for several people. Please investigate and route this to the appropriate network team. Please keep the requester informed of progress."
Active Directory,Could someone help with this? My workstation reports that the trust relationship with the domain has failed. Other staff can still sign into their computers. Please coordinate any appointment with the requester.
O365,my onedrive folder shows a sync conflict for a document edited on two devices. please help reconcile the copies. please keep the requester informed of progress.
EOL,hello team. please clean up the server-specific service account after the host is retired. confirm that no other service depends on it first. our team needs an update before the next shift.
O365,Could someone help with this? Please change the owner of our Microsoft Teams team. The current owner has transferred to another department.
Computer-Services,"Hi, The office printer is printing duplicate copies of every job. Please check the device configuration and print queue. The local contact is available during office hours."
Fileservice,"This is a network file share problem, not OneDrive. The mapped drive opens but every save returns Access Denied. The requester is working from [LOCATION] today."
O365,Could someone help with this? Please grant approved access to the shared mailbox for our team. My existing corporate account is active. Please keep the requester informed of progress.
Active Directory,Hi support team. My directory profile has a duplicate account with a similar username. Please investigate which record should remain active. Please include the resolution in the ticket notes.
Support general,"Hi, I have a general IT question about requesting support during travel. Please explain the approved contact and escalation process. We can confirm the affected details when you contact us."
Software,Please install the approved Python development environment for my project. The request includes the required package list. We can confirm the affected details when you contact us.
Fileservice,Hi support team. I can sign into Windows but receive Access Denied when opening the department network share. Please check the folder permissions. Please keep the requester informed of progress.
Active Directory,Hello team. Please move the computer object for [DEVICE] to the approved organizational unit. It currently receives the wrong domain policies. Please coordinate any appointment with the requester.
EOL,Hello team. Our old virtual machine has been shut down permanently. Please complete its approved removal from the virtualization platform. Please let us know the next steps.
Support general,Could someone help with this? The remote access gateway is unreachable for several users. Please investigate the network service before checking individual accounts. Please advise if this requires a scheduled support session.
Fileservice,Hi support team. Please create a shared folder for the new project with the approved access list. It should be hosted on the network file server.
Fileservice,"Hi, Files created by one colleague are unreadable by everyone else in the shared directory. Please investigate permission inheritance. Please include the resolution in the ticket notes."
Fileservice,Could someone help with this? Files created by one colleague are unreadable by everyone else in the shared directory. Please investigate permission inheritance. The local contact is available during office hours.
Computer-Services,Could someone help with this? The scanner is not listed among the devices on my computer. Please install its approved driver. This is affecting work at [LOCATION].
Computer-Services,Could someone help with this? Please configure duplex printing on the new multifunction printer. Single-sided printing already works. This is affecting work at [LOCATION].
EOL,Hello team. Please unregister the retired server from the patch management platform. It has been permanently removed from service. The issue was first reported this morning.
Support general,"Hi, A company device has been reported missing. Please coordinate the lost asset response with the appropriate teams. Please coordinate any appointment with the requester."
O365,hi support team. please grant approved access to the shared mailbox for our team. my existing corporate account is active. the local contact is available during office hours.
Software,Could someone help with this? The software deployment portal reports that the requested application installation failed. Please check the deployment package. We can confirm the affected details when you contact us.
Support general,please tell me which team owns the legacy internal service. we need to contact its support owner before making a change. please let us know the next steps.
Computer-Services,Hi support team. The trackpad clicks by itself and makes the laptop difficult to use. Please inspect the pointing device. The request has been logged under [TICKET ID].
Support general,The guest wireless network will not connect visitors at reception. Please have the network team investigate. Please acknowledge receipt so we can track the request.
Fileservice,"Hi, Please provide a list of who can access the restricted folder on the file server. We need to review its effective permissions. Please confirm which additional information you need."
Active Directory,Hi support team. Create a dedicated directory service account for the scheduled job. The approved access scope is attached to the request. This is affecting work at [LOCATION].
Support general,Please change the urgency on ticket [TICKET ID] after reviewing the updated business impact. The incident now affects the whole location. Please let us know the next steps.
Active Directory,Could someone help with this? Please create a domain account for our new starter [NAME]. Their manager has approved the onboarding request. Please let us know the next steps.
Computer-Services,"Hi, The office printer is printing duplicate copies of every job. Please check the device configuration and print queue. Please contact [NAME] if more details are needed."
Fileservice,I can read the shared folder but cannot delete files I created there. Please check the delete permission on the network share. Please let us know the next steps.
Fileservice,Hi support team. Files created by one colleague are unreadable by everyone else in the shared directory. Please investigate permission inheritance. This needs to be coordinated with our team lead.
Software,hi support team. please install the required language pack for the approved business application. the core application already works. the request has been logged under [TICKET ID].
Fileservice,Could someone help with this? Please check why the replicated shared folder has different contents at the two offices. The missing files were saved yesterday. Please acknowledge receipt so we can track the request.
O365,"Hi, Excel says my Microsoft 365 subscription cannot be verified. The application is installed and my other services work. The issue was first reported this morning."
Computer-Services,The laptop screen has vertical lines before Windows loads. Please check the display hardware. Our team needs an update before the next shift.
O365,"hi, please create a room mailbox for the new meeting space. the booking permissions have been approved."
Active Directory,Hi support team. Please create a domain account for our new starter [NAME]. Their manager has approved the onboarding request. Please include the resolution in the ticket notes.
Software,The application update repeatedly asks for local administrator privileges. Please arrange the approved managed installation.
EOL,Hi support team. The old development server has been replaced. Please remove its obsolete network reservations during the retirement work. The requester is working from [LOCATION] today.
Computer-Services,Hi support team. Please configure duplex printing on the new multifunction printer. Single-sided printing already works. A colleague can assist with the follow-up if I am unavailable.
Fileservice,Hello team. Please correct the access list on a network folder after our team reorganization. The directory group memberships are already approved. Our team needs an update before the next shift.
Support general,Hello team. The office internet connection is down for several people. Please investigate and route this to the appropriate network team. Please contact [NAME] if more details are needed.
Fileservice,could someone help with this? my mapped network drive has disappeared after signing in. please help reconnect it to the existing file share. this is affecting work at [LOCATION].
Active Directory,Could someone help with this? Please remove a former administrator's directory privileges while keeping their ordinary staff account. The role change is approved. The request has been logged under [TICKET ID].
EOL,Hello team. Please remove the obsolete DNS records for a decommissioned server. The replacement uses a different hostname. I can provide additional details through the support portal.
EOL,Hello team. Please clean up the server-specific service account after the host is retired. Confirm that no other service depends on it first. Please acknowledge receipt so we can track the request.
Support general,Please help schedule an IT orientation session for new staff. This request is for guidance on the available services.
Software,"Hi, Please install the approved database driver required by the analytics application. The workstation itself is working normally. I can provide additional details through the support portal."
O365,hi support team. please add an approved delegate to my outlook calendar. they need to schedule meetings on my behalf. the issue was first reported this morning.
Fileservice,hello team. please remove a former team member's access to the project file share. their domain account should remain active. please coordinate any appointment with the requester.
Software,Could someone help with this? Please remove the trial edition of the application and install the licensed edition. The entitlement has been approved. Please advise if this requires a scheduled support session.
Computer-Services,"Hi, The office printer has paper stuck inside and will not feed a new page. Please help clear the jam. Please coordinate any appointment with the requester."
Fileservice,"Hi, Please check why offline copies of our network share do not synchronize after reconnecting. The file server is reachable. Please include the resolution in the ticket notes."
Computer-Services,Hi support team. Please configure duplex printing on the new multifunction printer. Single-sided printing already works. The request has been logged under [TICKET ID].
O365,Could someone help with this? I cannot see the shared calendar in Outlook anymore. Please check the calendar sharing permissions. Please coordinate any appointment with the requester.
Computer-Services,Hello team. The webcam is not detected by any application. Please check the camera hardware and driver. Please let us know the next steps.
Computer-Services,Hello team. The laptop cannot detect its built-in wireless adapter. Please check the device driver and hardware. Please confirm which additional information you need.
O365,Please change the owner of our Microsoft Teams team. The current owner has transferred to another department. The requester is working from [LOCATION] today.
O365,Hello team. The out-of-office reply does not activate in Exchange Online. Please check the mailbox automatic reply settings. The request has been logged under [TICKET ID].
Software,"Hi, The approved text editor loses its settings after every restart. Please check the application profile. Please advise if this requires a scheduled support session."
Software,Hi support team. Please configure the approved plugin for the design application. The main program is already installed and licensed. Please coordinate any appointment with the requester.
Fileservice,hi support team. the file server backup restore completed but the recovered folder has incorrect permissions. please restore the approved access settings. please confirm which additional information you need.
O365,could someone help with this? external attendees cannot join our teams meeting. please check the meeting's guest access settings. the issue was first reported this morning.
Support general,Hello team. I need to know the helpdesk opening hours and the process for urgent support. Please provide the correct contact details. Please confirm which additional information you need.
Software,hi support team. please package the approved utility for installation through the software portal. the business owner has approved its use. a colleague can assist with the follow-up if i am unavailable.
EOL,The old backup appliance is at the end of its service life. Please plan its decommissioning after retention obligations are satisfied. This needs to be coordinated with our team lead.
O365,"Hi, Please increase or archive my mailbox storage as appropriate. Outlook says the mailbox has reached its limit. Please keep the requester informed of progress."
Support general,Could someone help with this? Our branch connection becomes unstable during the afternoon. Please arrange a network investigation. Please keep the requester informed of progress.
Software,Please install the required language pack for the approved business application. The core application already works. Please contact [NAME] if more details are needed.
Active Directory,"Hi, Please change the logon name for [USERNAME] to match the approved naming standard. Preserve the existing account memberships. Our team needs an update before the next shift."
Active Directory,please grant [USERNAME] membership in the approved remote access directory group. the vpn service itself is working. please coordinate any appointment with the requester.
Computer-Services,could someone help with this? the conference room camera is physically damaged. please arrange replacement meeting room equipment. please confirm which additional information you need.
Active Directory,Please change the logon name for [USERNAME] to match the approved naming standard. Preserve the existing account memberships. I can provide additional details through the support portal.
Software,Could someone help with this? The approved CAD program crashes whenever I open a drawing. Other applications work normally. This needs to be coordinated with our team lead.
Software,hello team. please transfer the approved application license to my replacement workstation. the old installation is no longer used. please let us know the next steps.
Software,Please grant approved access to the project management application. My corporate login already works. Please contact [NAME] if more details are needed.
EOL,Hi support team. Please update the asset register to show that [SERVER] has been decommissioned. The retirement work is complete. Please let us know the next steps.
Active Directory,The domain controller cannot find the new computer account during the join process. Please check the directory object. The request has been logged under [TICKET ID].
Support general,Could someone help with this? I need assistance understanding the rejection of my service request. Please explain what information is missing. The requester is working from [LOCATION] today.
Software,"Hi, Please install the approved database driver required by the analytics application. The workstation itself is working normally. Please keep the requester informed of progress."
Active Directory,Please audit the nested directory groups that give [USERNAME] administrative access. We need to verify the approved membership path. Our team needs an update before the next shift.
Active Directory,Hi support team. My directory profile has a duplicate account with a similar username. Please investigate which record should remain active. Please advise if this requires a scheduled support session.
Support general,Hello team. The support portal shows my request as assigned to the wrong location. Please correct the routing information. Please advise if this requires a scheduled support session.
Fileservice,Please grant [USERNAME] read-only access to the approved folder on our file server. Their manager has approved the request. Please keep the requester informed of progress.
Computer-Services,"hi, the scanner produces a solid black page for every document. please inspect the scanning hardware. the request has been logged under [TICKET ID]."
Computer-Services,could someone help with this? please arrange a loaner laptop while my damaged workstation is repaired. my existing user account can be reused. the requester is working from [LOCATION] today.
Active Directory,"Hi, Please investigate an unexpected change to a privileged directory group. We need the membership history and current access reviewed. The local contact is available during office hours."
Fileservice,Hello team. Please transfer ownership of the project folder on the file server. The current owner has moved to another team. Please coordinate any appointment with the requester.
O365,Hello team. I cannot see the shared calendar in Outlook anymore. Please check the calendar sharing permissions.
Software,The inventory application opens a blank window after its latest update. Please investigate the application startup failure. The local contact is available during office hours.
Computer-Services,hi support team. my headset microphone is silent in every program. please troubleshoot the audio device. i can provide additional details through the support portal.
O365,hi support team. onedrive says an item cannot sync because its path is too long. please help resolve the microsoft 365 sync error. please keep the requester informed of progress.
Support general,Hi support team. Please explain the approval process for buying additional IT equipment. I am requesting procurement guidance at this stage. Please advise if this requires a scheduled support session.
EOL,could someone help with this? the retired server still triggers availability alerts. please remove its monitoring checks as part of the closure process. please advise if this requires a scheduled support session.
O365,Hi support team. The Teams desktop app is stuck on the loading screen while the web version works. Please help repair the Teams client. Please include the resolution in the ticket notes.
Support general,Hello team. Please reopen ticket [TICKET ID] because the reported issue is still unresolved. The earlier closure was premature. Please include the resolution in the ticket notes.
Support general,"Hi, I need assistance understanding the rejection of my service request. Please explain what information is missing. Please acknowledge receipt so we can track the request."
Computer-Services,Could someone help with this? The desktop reports a failing hard drive during startup. Please arrange a device assessment and data protection steps. We have included the relevant details in the service request.
O365,"hi, onedrive has stopped synchronizing the documents in my work account. the files are still present locally. we can confirm the affected details when you contact us."
Support general,"Hi, I need assistance understanding the rejection of my service request. Please explain what information is missing. Please keep the requester informed of progress."
Support general,Hi support team. Our branch connection becomes unstable during the afternoon. Please arrange a network investigation. Please advise if this requires a scheduled support session.
Active Directory,Hello team. Please remove an obsolete computer object from the directory after a workstation replacement. The replacement is already joined. This is affecting work at [LOCATION].
O365,Hello team. Please increase or archive my mailbox storage as appropriate. Outlook says the mailbox has reached its limit. Please advise if this requires a scheduled support session.
Support general,Could someone help with this? I received a suspicious message asking for my password. Please route it to the security team for review. The requester is working from [LOCATION] today.
Active Directory,Hi support team. Please restore the accidentally disabled directory account for [USERNAME]. The account owner is still an active employee. The requester is working from [LOCATION] today.
Active Directory,Could someone help with this? Please investigate an unexpected change to a privileged directory group. We need the membership history and current access reviewed.
Fileservice,Could someone help with this? The DFS path opens an outdated copy of our shared folder. Please check the file service referral and replication. Please confirm which additional information you need.
Active Directory,"Hi, Please change the logon name for [USERNAME] to match the approved naming standard. Preserve the existing account memberships. A colleague can assist with the follow-up if I am unavailable."
Active Directory,Could someone help with this? My directory profile has a duplicate account with a similar username. Please investigate which record should remain active. Please coordinate any appointment with the requester.
Software,hi support team. please install the approved python development environment for my project. the request includes the required package list. please coordinate any appointment with the requester.
O365,Could someone help with this? Please grant approved access to the shared mailbox for our team. My existing corporate account is active. Our team needs an update before the next shift.
Fileservice,"hi, please transfer ownership of the project folder on the file server. the current owner has moved to another team. please acknowledge receipt so we can track the request."
Computer-Services,The conference room camera is physically damaged. Please arrange replacement meeting room equipment. Please advise if this requires a scheduled support session.
Support general,Could someone help with this? Please direct me to the policy for using a personal device for work. I need the process before submitting a technical request. Please acknowledge receipt so we can track the request.
O365,"Hi, The SharePoint document library says I do not have permission to upload. I can still read its existing documents. Please advise if this requires a scheduled support session."
Active Directory,"Hi, The domain controller cannot find the new computer account during the join process. Please check the directory object. Please coordinate any appointment with the requester."
O365,Hello team. Please create a distribution list in Exchange Online with the approved members. We need it for team announcements.
O365,Please grant approved access to the shared mailbox for our team. My existing corporate account is active.
Fileservice,Hi support team. The home drive is not being mapped for my existing account. Please check the home folder configuration on the file service. Please let us know the next steps.
Computer-Services,Hello team. The internal speakers crackle even when playing a local audio file. Please inspect the audio driver and hardware. Please coordinate any appointment with the requester.
Active Directory,"Hi, Please re-enable the expired domain account for the returning contractor. The renewed assignment has been approved. We can confirm the affected details when you contact us."
Fileservice,"Hi support team. This is a network file share problem, not OneDrive. The mapped drive opens but every save returns Access Denied. We have included the relevant details in the service request."
Support general,hello team. i am not sure which team handles this issue and need help opening the correct request. please advise where to start. the issue was first reported this morning.
O365,"Hi, Please check why mail from our approved sender is being quarantined in Exchange Online. We need the message reviewed. We can confirm the affected details when you contact us."
Software,Hello team. The scheduling application stopped launching after its update. Please review the update or restore the approved working version. Please include the resolution in the ticket notes.
O365,Hi support team. Please increase or archive my mailbox storage as appropriate. Outlook says the mailbox has reached its limit. We can confirm the affected details when you contact us.
Software,The development IDE cannot find its installed compiler. Please help configure the application toolchain. Please acknowledge receipt so we can track the request.
Fileservice,hello team. i accidentally deleted a document from the shared drive. please check whether it can be restored from the file server backup. please advise if this requires a scheduled support session.
O365,"Hi, Please grant approved access to the shared mailbox for our team. My existing corporate account is active. We have included the relevant details in the service request."
EOL,hello team. please release the reserved ip address for [SERVER] after its approved retirement. confirm the address is no longer in use first. please include the resolution in the ticket notes.
O365,Could someone help with this? Our Microsoft 365 account asks for multifactor authentication on a phone I no longer have. Please help reset the registered method.
O365,Could someone help with this? My OneDrive folder shows a sync conflict for a document edited on two devices. Please help reconcile the copies. I can provide additional details through the support portal.
EOL,Hi support team. The retired server is still listed in the vulnerability scanner. Please remove the obsolete target from the scanning inventory. I can provide additional details through the support portal.
EOL,Hello team. The retired host still has an active certificate renewal job. Please close the renewal task as part of the retirement cleanup. The requester is working from [LOCATION] today.
Software,"Hi, Our time tracking app keeps logging me out while other services stay connected. Please investigate its session handling. This is affecting work at [LOCATION]."
Computer-Services,"Hi, The office printer has paper stuck inside and will not feed a new page. Please help clear the jam. Please contact [NAME] if more details are needed."
EOL,We need confirmation that no clients still connect to the host marked for retirement. Please complete this decommissioning prerequisite. Our team needs an update before the next shift.
Computer-Services,Could someone help with this? The label printer cuts off the right side of each label. Please calibrate the printer and paper settings. Please confirm which additional information you need.
Support general,Hello team. I accidentally entered my credentials on a suspicious website. Please escalate this to the security response team. A colleague can assist with the follow-up if I am unavailable.
Computer-Services,The desktop is stuck at the manufacturer logo and never reaches Windows. Please diagnose the boot failure. Please contact [NAME] if more details are needed.
Active Directory,"Hi, The domain controller cannot find the new computer account during the join process. Please check the directory object. Please confirm which additional information you need."
Support general,Could someone help with this? I need to know the helpdesk opening hours and the process for urgent support. Please provide the correct contact details. This is affecting work at [LOCATION].
Active Directory,please join the replacement workstation [DEVICE] to our corporate domain. the device setup is otherwise complete. the requester is working from [LOCATION] today.
EOL,could someone help with this? the old database server has been replaced and is no longer accepting connections. please carry out the approved retirement checklist. please confirm which additional information you need.
Software,"Hi, Our time tracking app keeps logging me out while other services stay connected. Please investigate its session handling."
Computer-Services,Hello team. The operating system update left my laptop in a repeated recovery loop. Please help repair the workstation. The requester is working from [LOCATION] today.
Software,Could someone help with this? Adobe Acrobat fails to install with error 1603. Please investigate the application installer. Please advise if this requires a scheduled support session.
O365,"Hi, Please create a room mailbox for the new meeting space. The booking permissions have been approved. The local contact is available during office hours."
EOL,Hello team. We need a disposal record for a server that has reached the end of its service life. Please coordinate the retirement paperwork. Please let us know the next steps.
Computer-Services,Hello team. The desktop reports a failing hard drive during startup. Please arrange a device assessment and data protection steps. Please advise if this requires a scheduled support session.
Computer-Services,Hello team. My docking station no longer detects either external monitor. The laptop screen still works normally. Our team needs an update before the next shift.
Active Directory,I forgot my corporate network password and cannot sign into Windows. Please help me reset it. Please coordinate any appointment with the requester.
Fileservice,"Hi, The shared drive is prompting for credentials repeatedly even though my domain login works. Please investigate authentication to the file server. Please advise if this requires a scheduled support session."
Active Directory,"Hi, Please move the computer object for [DEVICE] to the approved organizational unit. It currently receives the wrong domain policies. We can confirm the affected details when you contact us."
Support general,Hello team. Please merge my duplicate support requests into the existing incident. They describe the same problem. Please advise if this requires a scheduled support session.
Fileservice,Could someone help with this? The department share is accessible by server name but not through its usual network path. Please investigate the file service namespace. A colleague can assist with the follow-up if I am unavailable.
O365,"hi, please grant approved access to the team sharepoint site. the request is for the microsoft 365 document library. i can provide additional details through the support portal."
Fileservice,Could someone help with this? The network drive shows a red cross and will not reconnect. Other office services are working. Please advise if this requires a scheduled support session.
Support general,"Hi, The corporate web page is blocked by the network filtering service. Please route an approved access review to the appropriate team. We have included the relevant details in the service request."
Support general,"Hi, I need to know the helpdesk opening hours and the process for urgent support. Please provide the correct contact details. Please include the resolution in the ticket notes."
Active Directory,Remove [USERNAME] from the old department's directory groups following their transfer. Keep their domain account active. Please coordinate any appointment with the requester.
EOL,Hello team. Please archive the required configuration records for [SERVER] before its approved disposal. The server will not return to service. Please let us know the next steps.
Active Directory,Hi support team. Create a dedicated directory service account for the scheduled job. The approved access scope is attached to the request.
O365,Could someone help with this? Please create a room mailbox for the new meeting space. The booking permissions have been approved. This needs to be coordinated with our team lead.
EOL,Could someone help with this? The old database server has been replaced and is no longer accepting connections. Please carry out the approved retirement checklist. The issue was first reported this morning.
Support general,Hello team. Please help arrange accessibility support for using our IT services. I need an initial discussion to determine the right assistance. A colleague can assist with the follow-up if I am unavailable.
O365,Hello team. External attendees cannot join our Teams meeting. Please check the meeting's guest access settings. Please confirm which additional information you need.
Support general,Hello team. Please direct me to the policy for using a personal device for work. I need the process before submitting a technical request. Please confirm which additional information you need.
O365,"Hi, Teams will not load my chats, but the rest of my internet connection works. Please check my Microsoft 365 service access. The requester is working from [LOCATION] today."
Active Directory,Could someone help with this? I forgot my corporate network password and cannot sign into Windows. Please help me reset it. Please contact [NAME] if more details are needed.
O365,Hi support team. Please change the external sharing settings for the approved SharePoint project site. The site owner has supplied the access requirements. A colleague can assist with the follow-up if I am unavailable.
O365,Could someone help with this? My Outlook rules are moving important messages to the wrong folder. Please help review the mailbox rules. The request has been logged under [TICKET ID].
Fileservice,"Hi, I can sign into Windows but receive Access Denied when opening the department network share. Please check the folder permissions. Our team needs an update before the next shift."
Fileservice,Hi support team. Please grant [USERNAME] read-only access to the approved folder on our file server. Their manager has approved the request. The issue was first reported this morning.
EOL,Please release the reserved IP address for [SERVER] after its approved retirement. Confirm the address is no longer in use first. Our team needs an update before the next shift.
Support general,Could someone help with this? A company device has been reported missing. Please coordinate the lost asset response with the appropriate teams. We can confirm the affected details when you contact us.
Computer-Services,Could someone help with this? The workstation restarts with a blue screen during boot. Please investigate the operating system or device drivers. I can provide additional details through the support portal.
Computer-Services,"Hello team. The PDF opens correctly, but the printer produces blank pages from every application. Please investigate the printing device. We have included the relevant details in the service request."
Computer-Services,Hello team. My laptop does not power on even with the charger connected. Please arrange a hardware check. The issue was first reported this morning.
Computer-Services,Please set up a replacement desktop at the employee's desk. Their existing account and application access are ready. The issue was first reported this morning.
Active Directory,"Hi, Please create a directory security group with [NAME] as the designated owner. Membership will be requested separately. Please advise if this requires a scheduled support session."
Active Directory,"Could someone help with this? I need a domain password reset, not an Outlook mailbox change. Windows login is the part that is failing. We have included the relevant details in the service request."
Support general,"Hi, Please change the urgency on ticket [TICKET ID] after reviewing the updated business impact. The incident now affects the whole location. Please keep the requester informed of progress."
Software,Hi support team. The inventory application opens a blank window after its latest update. Please investigate the application startup failure. Please contact [NAME] if more details are needed.
Fileservice,hello team. i can read the shared folder but cannot delete files i created there. please check the delete permission on the network share. please contact [NAME] if more details are needed.
Support general,Could someone help with this? Our branch connection becomes unstable during the afternoon. Please arrange a network investigation. We have included the relevant details in the service request.
O365,"Could someone help with this? Please update the members of our email distribution group. This is an email list change, not a directory login issue. We have included the relevant details in the service request."
O365,Hello team. Please enable the online archive for my Exchange Online mailbox. The approved retention settings should remain in place. We have included the relevant details in the service request.
O365,"Please update the members of our email distribution group. This is an email list change, not a directory login issue. Our team needs an update before the next shift."
Support general,"Hi, The service portal will not let me submit an attachment with my support request. Please help me provide the diagnostic information. I can provide additional details through the support portal."
Fileservice,Files created by one colleague are unreadable by everyone else in the shared directory. Please investigate permission inheritance. Please acknowledge receipt so we can track the request.
Support general,"Hi, We found an unknown device connected to an office network socket. Please route this to security for investigation. Please contact [NAME] if more details are needed."
Computer-Services,"Hi, The laptop cannot detect its built-in wireless adapter. Please check the device driver and hardware. We can confirm the affected details when you contact us."
O365,"Hi, Please configure an approved email alias for my existing mailbox. My primary address should stay unchanged. Please include the resolution in the ticket notes."
Computer-Services,"Hi, The workstation clock resets whenever power is disconnected. Please check the internal battery. Please acknowledge receipt so we can track the request."
Support general,The network socket at my desk has no connection with multiple tested devices. Please arrange a network port check.
Support general,hello team. our branch connection becomes unstable during the afternoon. please arrange a network investigation. we can confirm the affected details when you contact us.
EOL,Could someone help with this? Please terminate the unused cloud instance after its retirement approval is confirmed. Its workload has been migrated. Please acknowledge receipt so we can track the request.
Support general,A company device has been reported missing. Please coordinate the lost asset response with the appropriate teams. The requester is working from [LOCATION] today.
Computer-Services,"Hi, The conference room camera is physically damaged. Please arrange replacement meeting room equipment. This needs to be coordinated with our team lead."
Support general,could someone help with this? please tell me how to request a new item through the it service catalog. i need guidance on the approval process. please acknowledge receipt so we can track the request.
EOL,The old backup appliance is at the end of its service life. Please plan its decommissioning after retention obligations are satisfied. A colleague can assist with the follow-up if I am unavailable.
O365,"Hi, The Teams desktop app is stuck on the loading screen while the web version works. Please help repair the Teams client. Please keep the requester informed of progress."
EOL,hi support team. please remove the load balancer entry for a retired backend server. it should no longer receive health checks or traffic. please contact [NAME] if more details are needed.
O365,Hi support team. Skype for Business will not sign in with my work account. Please investigate the collaboration service connection. Please let us know the next steps.
Computer-Services,Could someone help with this? My docking station no longer detects either external monitor. The laptop screen still works normally. I can provide additional details through the support portal.
Support general,"Hi, Several staff cannot reach any internal websites while public internet access works. Please triage the network connectivity issue. Please include the resolution in the ticket notes."
EOL,hello team. we are closing an unused server rack and need the retired assets reconciled against the inventory. please coordinate the retirement checklist. the local contact is available during office hours.
Fileservice,Hello team. Please grant [USERNAME] read-only access to the approved folder on our file server. Their manager has approved the request. Please coordinate any appointment with the requester.
EOL,Hello team. The retired server still appears in Nexthink. Please remove its inventory entry as part of decommissioning. I can provide additional details through the support portal.
Fileservice,hello team. the department file share is full and refuses new uploads. please review the share quota and available capacity. please coordinate any appointment with the requester.
EOL,Hello team. The legacy application server is due to be shut down permanently. Please review dependencies before the approved retirement window. The local contact is available during office hours.
Active Directory,Hello team. Create a dedicated directory service account for the scheduled job. The approved access scope is attached to the request. Please acknowledge receipt so we can track the request.
EOL,Please close the configuration item for a decommissioned server in the service inventory. Keep the historical change records. Please acknowledge receipt so we can track the request.
Software,The application installer rolls back before completion without explaining why. Please help inspect the installation log. The local contact is available during office hours.
O365,Could someone help with this? Excel says my Microsoft 365 subscription cannot be verified. The application is installed and my other services work. I can provide additional details through the support portal.
Computer-Services,Hi support team. The conference room camera is physically damaged. Please arrange replacement meeting room equipment. The request has been logged under [TICKET ID].
Computer-Services,Hello team. The scanner produces a solid black page for every document. Please inspect the scanning hardware. The issue was first reported this morning.
Computer-Services,Hello team. The operating system update left my laptop in a repeated recovery loop. Please help repair the workstation. Please contact [NAME] if more details are needed.
Support general,The network socket at my desk has no connection with multiple tested devices. Please arrange a network port check. The local contact is available during office hours.
Support general,"Hi, I need to know the helpdesk opening hours and the process for urgent support. Please provide the correct contact details. We have included the relevant details in the service request."
Software,"hi, the application installer rolls back before completion without explaining why. please help inspect the installation log. this needs to be coordinated with our team lead."
Computer-Services,Could someone help with this? The desktop is stuck at the manufacturer logo and never reaches Windows. Please diagnose the boot failure. The requester is working from [LOCATION] today.
Computer-Services,Hello team. The scanner produces a solid black page for every document. Please inspect the scanning hardware. Our team needs an update before the next shift.
Computer-Services,Could someone help with this? The printer queue is stuck on a job that cannot be cancelled. Please help restore printing on this workstation. We have included the relevant details in the service request.
Support general,Hello team. Please update the contact person on my existing support ticket. The technical issue has not changed. Please let us know the next steps.
O365,Hi support team. Please configure an approved email alias for my existing mailbox. My primary address should stay unchanged. We have included the relevant details in the service request.
Support general,Hello team. I cannot identify which service is failing from the error on the screen. Please help diagnose it before assigning a specialist. Please keep the requester informed of progress.
Fileservice,"Hi, I accidentally deleted a document from the shared drive. Please check whether it can be restored from the file server backup. We have included the relevant details in the service request."
EOL,Could someone help with this? The retired server still triggers availability alerts. Please remove its monitoring checks as part of the closure process. Please let us know the next steps.
Active Directory,Could someone help with this? The surname on my directory profile is wrong after a name change. Please update the display name and account details. We have included the relevant details in the service request.
Support general,"Hi, Please explain the approval process for buying additional IT equipment. I am requesting procurement guidance at this stage. Please acknowledge receipt so we can track the request."
EOL,The retired server is still listed in the vulnerability scanner. Please remove the obsolete target from the scanning inventory. Please coordinate any appointment with the requester.
Software,Hello team. Our time tracking app keeps logging me out while other services stay connected. Please investigate its session handling. The requester is working from [LOCATION] today.
Software,Hello team. Please remove the trial edition of the application and install the licensed edition. The entitlement has been approved. Please keep the requester informed of progress.
Fileservice,"Hello team. This is a network file share problem, not OneDrive. The mapped drive opens but every save returns Access Denied. This needs to be coordinated with our team lead."
Fileservice,Hi support team. Please restore a file from the network share backup to a separate recovery folder. Do not overwrite the current copy. We can confirm the affected details when you contact us.
Computer-Services,My desktop has become very slow and reports memory errors at startup. Please run hardware diagnostics. Please coordinate any appointment with the requester.
Support general,Hi support team. Our site-to-site VPN link is down and the branch cannot reach internal services. Please arrange network triage. Please keep the requester informed of progress.
Support general,Could someone help with this? The building has lost power and several IT services have stopped. Please coordinate the incident with the appropriate teams. A colleague can assist with the follow-up if I am unavailable.
EOL,Hi support team. Please remove the service discovery entries for a decommissioned host. Clients should use the replacement service. Our team needs an update before the next shift.
Computer-Services,Please set up a replacement desktop at the employee's desk. Their existing account and application access are ready. Please advise if this requires a scheduled support session.
O365,Please increase or archive my mailbox storage as appropriate. Outlook says the mailbox has reached its limit. The issue was first reported this morning.
Support general,hi support team. the corporate web page is blocked by the network filtering service. please route an approved access review to the appropriate team. please include the resolution in the ticket notes.
Support general,Hello team. Please tell me how to request a new item through the IT service catalog. I need guidance on the approval process. This needs to be coordinated with our team lead.
Active Directory,"Hi, Our new hire's domain account was created in the wrong organizational unit. Please move it before their first login. I can provide additional details through the support portal."
O365,Excel says my Microsoft 365 subscription cannot be verified. The application is installed and my other services work.
EOL,Hello team. The retired cluster node still appears in the management console. Please remove its stale registration after checking cluster membership. A colleague can assist with the follow-up if I am unavailable.
Computer-Services,Could someone help with this? My external monitor says no signal while the laptop is docked. The monitor works when connected directly. Please acknowledge receipt so we can track the request.
Fileservice,I accidentally deleted a document from the shared drive. Please check whether it can be restored from the file server backup. Please acknowledge receipt so we can track the request.
Computer-Services,Hello team. The printer produces faded pages even after a toner replacement. Please check the printer components. This is affecting work at [LOCATION].
O365,"Hi, Excel says my Microsoft 365 subscription cannot be verified. The application is installed and my other services work. This needs to be coordinated with our team lead."
Computer-Services,"Hi, The webcam is not detected by any application. Please check the camera hardware and driver. Please contact [NAME] if more details are needed."
Support general,"Hi, We found an unknown device connected to an office network socket. Please route this to security for investigation. Please coordinate any appointment with the requester."
Software,Please repair the installation of the approved diagramming tool. Its shortcut reports a missing executable. Please coordinate any appointment with the requester.
Software,the browser extension required by our internal application will not install. please check the approved extension deployment. this needs to be coordinated with our team lead.
Active Directory,Hello team. Our new hire's domain account was created in the wrong organizational unit. Please move it before their first login. Our team needs an update before the next shift.
EOL,Hi support team. The storage volumes belong to a retired virtual server. Please review retention and remove the volumes approved for disposal. Please advise if this requires a scheduled support session.
Active Directory,i changed my domain password and now windows keeps rejecting it on the office network. please check the account authentication state.
Software,The application installer rolls back before completion without explaining why. Please help inspect the installation log. Our team needs an update before the next shift.
Fileservice,"Hi, The shared folder opens, but I cannot save changes to any files inside it. Please check my write permissions. The requester is working from [LOCATION] today."
O365,Hello team. Please add an approved delegate to my Outlook calendar. They need to schedule meetings on my behalf. The local contact is available during office hours.
EOL,We need the hardware serial numbers recorded before collection of the retired servers. Please coordinate the disposal handover. Please confirm which additional information you need.
Fileservice,"Hi, The file server backup restore completed but the recovered folder has incorrect permissions. Please restore the approved access settings. Please acknowledge receipt so we can track the request."
Software,Please configure the approved plugin for the design application. The main program is already installed and licensed. The requester is working from [LOCATION] today.
Computer-Services,Hi support team. The laptop screen has vertical lines before Windows loads. Please check the display hardware. Please confirm which additional information you need.
Fileservice,"Hi, Please create a shared folder for the new project with the approved access list. It should be hosted on the network file server. A colleague can assist with the follow-up if I am unavailable."
Computer-Services,Hi support team. Please set up a replacement desktop at the employee's desk. Their existing account and application access are ready. Please acknowledge receipt so we can track the request.
Support general,"Hi, I need assistance understanding the rejection of my service request. Please explain what information is missing. Please confirm which additional information you need."
O365,Hello team. Please enable the online archive for my Exchange Online mailbox. The approved retention settings should remain in place. A colleague can assist with the follow-up if I am unavailable.
EOL,"hi, please close the configuration item for a decommissioned server in the service inventory. keep the historical change records."
Software,Hello team. Please reset my password in the standalone vendor application. This account is separate from my corporate directory login. This needs to be coordinated with our team lead.
Active Directory,"Could someone help with this? I need a domain password reset, not an Outlook mailbox change. Windows login is the part that is failing. A colleague can assist with the follow-up if I am unavailable."
Fileservice,Hello team. The network drive shows a red cross and will not reconnect. Other office services are working. I can provide additional details through the support portal.
O365,Hi support team. My Teams meeting invitations contain the wrong meeting information. Please investigate the calendar integration. This is affecting work at [LOCATION].
Computer-Services,Hello team. The trackpad clicks by itself and makes the laptop difficult to use. Please inspect the pointing device. We have included the relevant details in the service request.
Active Directory,Could someone help with this? My Windows domain account says it is locked after several failed sign-ins. I need it unlocked so I can start work. Our team needs an update before the next shift.
EOL,Hello team. Please unregister the retired server from the patch management platform. It has been permanently removed from service. Please coordinate any appointment with the requester.
Fileservice,please restore a folder that was removed from the archive share. we can provide its original path and deletion time. we have included the relevant details in the service request.
Active Directory,Hello team. The domain controller cannot find the new computer account during the join process. Please check the directory object.
O365,hello team. please change the external sharing settings for the approved sharepoint project site. the site owner has supplied the access requirements. please include the resolution in the ticket notes.
O365,the outlook meeting room calendar shows conflicting bookings. please investigate the room mailbox configuration. this is affecting work at [LOCATION].
Fileservice,Hi support team. A confidential folder is visible to people outside the approved team. Please review the file share permissions. Please keep the requester informed of progress.
Active Directory,Hello team. My domain account locks again immediately after it is unlocked. Please check which device is submitting old credentials. Please advise if this requires a scheduled support session.
Computer-Services,The printer is offline on every workstation but the office internet works. Please investigate the printer connection. The requester is working from [LOCATION] today.
EOL,"Hi, Please review outstanding scheduled tasks before the legacy server is permanently shut down. This is part of its approved retirement. Please keep the requester informed of progress."
Active Directory,"Hi, The directory group membership change is not taking effect for [USERNAME]. Please check replication between domain controllers. We can confirm the affected details when you contact us."
O365,Hi support team. The Teams desktop app is stuck on the loading screen while the web version works. Please help repair the Teams client. The requester is working from [LOCATION] today.
Software,Please configure the approved plugin for the design application. The main program is already installed and licensed. Please let us know the next steps.
Active Directory,"Hi, The domain password policy rejects every new password I try. Please help confirm the required policy and restore access. I can provide additional details through the support portal."
O365,Hello team. Excel says my Microsoft 365 subscription cannot be verified. The application is installed and my other services work. Please confirm which additional information you need.
Software,Could someone help with this? PDF files fail to open in the installed reader but work in another viewer. Please repair the reader application. The request has been logged under [TICKET ID].
Active Directory,Please grant [USERNAME] membership in the approved remote access directory group. The VPN service itself is working. This needs to be coordinated with our team lead.
Active Directory,Could someone help with this? Please re-enable the expired domain account for the returning contractor. The renewed assignment has been approved. Please contact [NAME] if more details are needed.
Support general,The network socket at my desk has no connection with multiple tested devices. Please arrange a network port check. Please confirm which additional information you need.
EOL,Hello team. Please update the asset register to show that [SERVER] has been decommissioned. The retirement work is complete. This is affecting work at [LOCATION].
Active Directory,"Hi, The domain password policy rejects every new password I try. Please help confirm the required policy and restore access. A colleague can assist with the follow-up if I am unavailable."
Fileservice,hi support team. please remove a former team member's access to the project file share. their domain account should remain active.
Fileservice,Hi support team. Copying large files to the network share fails halfway through. Local copies on my laptop complete successfully.
Software,hello team. the document conversion tool creates damaged output files. please check the application's configuration and version. please include the resolution in the ticket notes.
EOL,could someone help with this? the legacy mail server is being permanently retired after migration. please complete the server decommissioning work. the request has been logged under [TICKET ID].
EOL,"Hi, We need confirmation that no clients still connect to the host marked for retirement. Please complete this decommissioning prerequisite. This needs to be coordinated with our team lead."
Computer-Services,"Hi, Please install the approved driver for the new office printer. The printer is already connected to the network. Our team needs an update before the next shift."
EOL,please coordinate secure collection of the server hardware being retired from the branch office. the disposal request is approved. the request has been logged under [TICKET ID].
EOL,Hi support team. Please remove the load balancer entry for a retired backend server. It should no longer receive health checks or traffic. The requester is working from [LOCATION] today.
O365,I can open Outlook on the web but the desktop client will not connect. Please troubleshoot the Outlook profile. Please coordinate any appointment with the requester.
Fileservice,"Hi support team. The shared folder opens, but I cannot save changes to any files inside it. Please check my write permissions. Please acknowledge receipt so we can track the request."
Fileservice,Hi support team. The department file share is full and refuses new uploads. Please review the share quota and available capacity. A colleague can assist with the follow-up if I am unavailable.
Fileservice,The file server backup restore completed but the recovered folder has incorrect permissions. Please restore the approved access settings. Please contact [NAME] if more details are needed.
Computer-Services,hi support team. the conference room camera is physically damaged. please arrange replacement meeting room equipment. please contact [NAME] if more details are needed.
Computer-Services,"Hi, The conference room camera is physically damaged. Please arrange replacement meeting room equipment. The issue was first reported this morning."
Fileservice,Please set up a new SMB share for the approved project directory. The underlying server is already available.
Software,Could someone help with this? Our reporting tool crashes when exporting a PDF. Please investigate the report application's error. The issue was first reported this morning.
O365,teams does not show my updated display name even though the directory is correct. please check the microsoft 365 profile synchronization. please include the resolution in the ticket notes.
O365,"please update the members of our email distribution group. this is an email list change, not a directory login issue. this is affecting work at [LOCATION]."
Support general,Could someone help with this? We suspect a network outage because phones and computers lost connectivity together. Please coordinate initial triage. The local contact is available during office hours.
O365,Messages sent to the team shared mailbox are not appearing in Outlook. Please check mail flow and mailbox permissions. The requester is working from [LOCATION] today.
EOL,The retired host still has an active certificate renewal job. Please close the renewal task as part of the retirement cleanup. We can confirm the affected details when you contact us.
EOL,The retired server still appears in Nexthink. Please remove its inventory entry as part of decommissioning. Our team needs an update before the next shift.
Support general,Hi support team. Please coordinate a planned office shutdown with the relevant IT teams. Several services need to be included in the schedule. I can provide additional details through the support portal.
Computer-Services,Hi support team. The operating system update left my laptop in a repeated recovery loop. Please help repair the workstation. We can confirm the affected details when you contact us.
Support general,"hi, i need to know the helpdesk opening hours and the process for urgent support. please provide the correct contact details. please keep the requester informed of progress."
O365,"Hello team. Please update the members of our email distribution group. This is an email list change, not a directory login issue. This needs to be coordinated with our team lead."
Fileservice,Could someone help with this? Please remove a former team member's access to the project file share. Their domain account should remain active. Please let us know the next steps.
Active Directory,"Hi, The temporary domain password for our new starter is rejected at first login. Please check the account setup. The local contact is available during office hours."
Active Directory,Please grant [USERNAME] membership in the approved remote access directory group. The VPN service itself is working. Please acknowledge receipt so we can track the request.
Software,"Hi, Please update the installed database client to the approved version. The current release cannot connect to our development environment. Please confirm which additional information you need."
Active Directory,"Hi, The account unlock portal says my corporate username does not exist. Please check my directory record. A colleague can assist with the follow-up if I am unavailable."
EOL,Hi support team. Our old virtual machine has been shut down permanently. Please complete its approved removal from the virtualization platform. The local contact is available during office hours.
Active Directory,the account unlock portal says my corporate username does not exist. please check my directory record. we can confirm the affected details when you contact us.
O365,Hello team. My OneDrive folder shows a sync conflict for a document edited on two devices. Please help reconcile the copies. Please include the resolution in the ticket notes.
Fileservice,"Hi, Please grant [USERNAME] read-only access to the approved folder on our file server. Their manager has approved the request. Please contact [NAME] if more details are needed."
Active Directory,"hi support team. i need a domain password reset, not an outlook mailbox change. windows login is the part that is failing. please contact [NAME] if more details are needed."
Active Directory,hi support team. please audit the nested directory groups that give [USERNAME] administrative access. we need to verify the approved membership path. the request has been logged under [TICKET ID].
O365,"Hi, Please assign the approved Microsoft 365 license to our existing employee account. The directory account has already been created. Please coordinate any appointment with the requester."
Software,The scheduling application stopped launching after its update. Please review the update or restore the approved working version. Please keep the requester informed of progress.
Computer-Services,Could someone help with this? The trackpad clicks by itself and makes the laptop difficult to use. Please inspect the pointing device. Please contact [NAME] if more details are needed.
Software,Hi support team. The customer support application cannot load its add-in. Please investigate the plugin compatibility error. The local contact is available during office hours.
Active Directory,Could someone help with this? My domain account is marked as requiring a smart card even though none was issued. Please review the account policy. Please include the resolution in the ticket notes.
Computer-Services,Hello team. The office printer is printing duplicate copies of every job. Please check the device configuration and print queue. Please let us know the next steps.
EOL,Please arrange approved disk sanitization for the retired server hardware. The data retention review has been completed. This needs to be coordinated with our team lead.
Fileservice,could someone help with this? a confidential folder is visible to people outside the approved team. please review the file share permissions. this needs to be coordinated with our team lead.
Software,Could someone help with this? Please install the approved database driver required by the analytics application. The workstation itself is working normally. The request has been logged under [TICKET ID].
Computer-Services,Hi support team. Please install the approved driver for the new office printer. The printer is already connected to the network. Please contact [NAME] if more details are needed.
Computer-Services,Hello team. The office printer has paper stuck inside and will not feed a new page. Please help clear the jam. Please keep the requester informed of progress.
Software,Hi support team. Please install the required language pack for the approved business application. The core application already works.
Support general,"Hi, Please tell me how to request a new item through the IT service catalog. I need guidance on the approval process. Our team needs an update before the next shift."
O365,Hi support team. Outlook keeps asking me to sign in even though my Windows login works. Please investigate the mailbox connection. The issue was first reported this morning.
EOL,hello team. the retired cluster node still appears in the management console. please remove its stale registration after checking cluster membership. we have included the relevant details in the service request.
Software,Hello team. The inventory application opens a blank window after its latest update. Please investigate the application startup failure. Please acknowledge receipt so we can track the request.
O365,"Hi support team. Teams will not load my chats, but the rest of my internet connection works. Please check my Microsoft 365 service access. Please include the resolution in the ticket notes."
O365,"Hi, Outlook keeps asking me to sign in even though my Windows login works. Please investigate the mailbox connection. Please acknowledge receipt so we can track the request."
Computer-Services,Could someone help with this? The laptop battery is swollen and the case is separating. Please arrange safe collection and a replacement device. Please keep the requester informed of progress.
O365,Hi support team. I can open Outlook on the web but the desktop client will not connect. Please troubleshoot the Outlook profile. The issue was first reported this morning.
Active Directory,Hello team. The new starter can sign into email but has no Windows domain account. Please finish the directory provisioning. Please let us know the next steps.
Active Directory,"Hi, The account unlock portal says my corporate username does not exist. Please check my directory record. Please let us know the next steps."
Computer-Services,Hello team. Please install the approved driver for the new office printer. The printer is already connected to the network. The issue was first reported this morning.
Fileservice,"Hi, The file server refuses a filename that worked on my local computer. Please help identify the supported path and naming limits."
O365,Hello team. My Teams meeting invitations contain the wrong meeting information. Please investigate the calendar integration. Please advise if this requires a scheduled support session.
Support general,hi support team. please provide an update on ticket [TICKET ID]. we have not received a response since the last handover. our team needs an update before the next shift.
Computer-Services,Hello team. The conference room camera is physically damaged. Please arrange replacement meeting room equipment.
Software,"Hi, Please transfer the approved application license to my replacement workstation. The old installation is no longer used. Please confirm which additional information you need."
Active Directory,Hi support team. Please create a directory security group with [NAME] as the designated owner. Membership will be requested separately. Please let us know the next steps.
Fileservice,Could someone help with this? Please remove an obsolete network share after its contents have been migrated. The file server itself must remain in service. The local contact is available during office hours.
Computer-Services,Please reinstall the operating system on the approved replacement workstation. The required files have been backed up. Our team needs an update before the next shift.
Support general,Could someone help with this? Please tell me which team owns the legacy internal service. We need to contact its support owner before making a change.
Software,PDF files fail to open in the installed reader but work in another viewer. Please repair the reader application. A colleague can assist with the follow-up if I am unavailable.
Computer-Services,The desktop reports a failing hard drive during startup. Please arrange a device assessment and data protection steps. Please keep the requester informed of progress.
EOL,"Hi, Please cancel the scheduled backup jobs for a decommissioned server after checking the retention requirements. The service has moved elsewhere. The requester is working from [LOCATION] today."
O365,Hi support team. Our Microsoft 365 account asks for multifactor authentication on a phone I no longer have. Please help reset the registered method. Please let us know the next steps.
O365,External attendees cannot join our Teams meeting. Please check the meeting's guest access settings. A colleague can assist with the follow-up if I am unavailable.
Support general,Could someone help with this? A visitor needs guidance on how to request temporary internet access. Please direct them to the correct process. Please contact [NAME] if more details are needed.
Support general,Hello team. The service portal will not let me submit an attachment with my support request. Please help me provide the diagnostic information. The local contact is available during office hours.
Computer-Services,Could someone help with this? Please arrange a loaner laptop while my damaged workstation is repaired. My existing user account can be reused. Please let us know the next steps.
Fileservice,"Hi support team. The shared folder opens, but I cannot save changes to any files inside it. Please check my write permissions. Our team needs an update before the next shift."
O365,The out-of-office reply does not activate in Exchange Online. Please check the mailbox automatic reply settings. Please include the resolution in the ticket notes.
Fileservice,Please move the project directory to the new file server while preserving its access permissions. We need a coordinated migration window. Our team needs an update before the next shift.
Active Directory,Hello team. The temporary domain password for our new starter is rejected at first login. Please check the account setup. Please include the resolution in the ticket notes.
Active Directory,Could someone help with this? The domain controller cannot find the new computer account during the join process. Please check the directory object. I can provide additional details through the support portal.
Fileservice,"hi, please set up a new smb share for the approved project directory. the underlying server is already available. please coordinate any appointment with the requester."
Software,Hello team. Our time tracking app keeps logging me out while other services stay connected. Please investigate its session handling. We can confirm the affected details when you contact us.
Software,The business application freezes when importing a CSV file. The same file opens correctly in a text editor. This needs to be coordinated with our team lead.
Active Directory,"Hi, Domain login works on one office workstation but fails on another for the same user. Please investigate the directory authentication failure. Please confirm which additional information you need."
O365,please grant approved access to the shared mailbox for our team. my existing corporate account is active. the issue was first reported this morning.
Active Directory,"Hi support team. I need a domain password reset, not an Outlook mailbox change. Windows login is the part that is failing. I can provide additional details through the support portal."
O365,"Could someone help with this? Windows login and network shares work normally, but Outlook cannot open my mailbox. Please investigate the email service."
Active Directory,"Hi, Our approved delegated administrator cannot manage users in the assigned organizational unit. Please check the directory delegation. Please include the resolution in the ticket notes."
O365,Hello team. Please restore an item deleted from my Exchange Online mailbox. It is no longer in the Deleted Items folder. The issue was first reported this morning.
Active Directory,Could someone help with this? Remove [USERNAME] from the old department's directory groups following their transfer. Keep their domain account active. The requester is working from [LOCATION] today.
Active Directory,Hi support team. Domain login works on one office workstation but fails on another for the same user. Please investigate the directory authentication failure. This is affecting work at [LOCATION].
Active Directory,Could someone help with this? Please join the replacement workstation [DEVICE] to our corporate domain. The device setup is otherwise complete. Please coordinate any appointment with the requester.
Active Directory,Windows says my account is restricted to different logon hours. Please check the schedule configured in the directory. We can confirm the affected details when you contact us.
EOL,Could someone help with this? Please remove the service discovery entries for a decommissioned host. Clients should use the replacement service. The issue was first reported this morning.
O365,Could someone help with this? The Teams channel files tab is blank even though the SharePoint library contains files. Please investigate the integration. The local contact is available during office hours.
Active Directory,Hello team. Please grant [USERNAME] membership in the approved remote access directory group. The VPN service itself is working. We have included the relevant details in the service request.
Support general,"Hi, Please explain the approval process for buying additional IT equipment. I am requesting procurement guidance at this stage. Please confirm which additional information you need."
Support general,The phone menu sends callers to the wrong office. Please route the issue to the communications team. I can provide additional details through the support portal.
Active Directory,"I need a domain password reset, not an Outlook mailbox change. Windows login is the part that is failing. We can confirm the affected details when you contact us."
Support general,Could someone help with this? Please explain the approval process for buying additional IT equipment. I am requesting procurement guidance at this stage. Please keep the requester informed of progress.
Active Directory,Hello team. Please audit the nested directory groups that give [USERNAME] administrative access. We need to verify the approved membership path. Please confirm which additional information you need.
Active Directory,Could someone help with this? Please disable the domain account for [USERNAME]. Their employment has ended and the access removal is approved. I can provide additional details through the support portal.
Computer-Services,Please install the approved driver for the new office printer. The printer is already connected to the network. I can provide additional details through the support portal.
Active Directory,Could someone help with this? The surname on my directory profile is wrong after a name change. Please update the display name and account details. A colleague can assist with the follow-up if I am unavailable.
Support general,Could someone help with this? Please help arrange accessibility support for using our IT services. I need an initial discussion to determine the right assistance. This is affecting work at [LOCATION].
Software,Hi support team. Please enable my approved role in the expense management application. I can sign in but cannot submit reports. Please advise if this requires a scheduled support session.
Support general,Hello team. Please provide the current status of the announced service interruption. We need to know which teams are investigating. Please let us know the next steps.
Support general,Could someone help with this? Please provide the current status of the announced service interruption. We need to know which teams are investigating. Please keep the requester informed of progress.
Support general,Hello team. The guest wireless network will not connect visitors at reception. Please have the network team investigate. We can confirm the affected details when you contact us.
Active Directory,The temporary domain password for our new starter is rejected at first login. Please check the account setup. The requester is working from [LOCATION] today.
Active Directory,please move the computer object for [DEVICE] to the approved organizational unit. it currently receives the wrong domain policies. please confirm which additional information you need.
Software,"Hi, The approved text editor loses its settings after every restart. Please check the application profile. Please contact [NAME] if more details are needed."
Software,Please package the approved utility for installation through the software portal. The business owner has approved its use. Please advise if this requires a scheduled support session.
Fileservice,"Hi support team. This is a network file share problem, not OneDrive. The mapped drive opens but every save returns Access Denied. Please contact [NAME] if more details are needed."
Computer-Services,Hi support team. The scanner feeder pulls several sheets at once. Please service the document feeder. Please include the resolution in the ticket notes.
Active Directory,The domain password policy rejects every new password I try. Please help confirm the required policy and restore access. The local contact is available during office hours.
Support general,Our office telephone cannot make external calls. Please route the issue to the telephony support team. Please include the resolution in the ticket notes.
Support general,Hi support team. Our office telephone cannot make external calls. Please route the issue to the telephony support team. I can provide additional details through the support portal.
Software,hi support team. the approved text editor loses its settings after every restart. please check the application profile. please coordinate any appointment with the requester.
Computer-Services,"Hi, My laptop hinge is broken and the screen will not stay upright. Please arrange a hardware repair. Please confirm which additional information you need."
Fileservice,The shared drive is prompting for credentials repeatedly even though my domain login works. Please investigate authentication to the file server. Please contact [NAME] if more details are needed.
Computer-Services,"Hi, Please configure duplex printing on the new multifunction printer. Single-sided printing already works. Please let us know the next steps."
Fileservice,"Hi, Files created by one colleague are unreadable by everyone else in the shared directory. Please investigate permission inheritance. Our team needs an update before the next shift."
EOL,The legacy mail server is being permanently retired after migration. Please complete the server decommissioning work. Please include the resolution in the ticket notes.
Active Directory,i forgot my corporate network password and cannot sign into windows. please help me reset it. our team needs an update before the next shift.
EOL,"Hi, Please clean up the server-specific service account after the host is retired. Confirm that no other service depends on it first. This is affecting work at [LOCATION]."
O365,"Hello team. Windows login and network shares work normally, but Outlook cannot open my mailbox. Please investigate the email service. Please coordinate any appointment with the requester."
EOL,We are closing an unused server rack and need the retired assets reconciled against the inventory. Please coordinate the retirement checklist. Please coordinate any appointment with the requester.
Fileservice,A confidential folder is visible to people outside the approved team. Please review the file share permissions. Please let us know the next steps.
EOL,Hi support team. Please schedule permanent shutdown of the unused test environment. Its owner has approved retirement of the servers. Please acknowledge receipt so we can track the request.
EOL,Hi support team. The old backup appliance is at the end of its service life. Please plan its decommissioning after retention obligations are satisfied. Please advise if this requires a scheduled support session.
Software,Could someone help with this? The licensed statistics package reports that no seats are available. Please check the application license server. Our team needs an update before the next shift.
Computer-Services,Hi support team. My docking station no longer detects either external monitor. The laptop screen still works normally.
Active Directory,Could someone help with this? Please grant [USERNAME] membership in the approved remote access directory group. The VPN service itself is working. Our team needs an update before the next shift.
EOL,please clean up the server-specific service account after the host is retired. confirm that no other service depends on it first. please confirm which additional information you need.
Fileservice,"hi, i can sign into windows but receive access denied when opening the department network share. please check the folder permissions. the local contact is available during office hours."
EOL,Hi support team. We need confirmation that no clients still connect to the host marked for retirement. Please complete this decommissioning prerequisite. The issue was first reported this morning.
Computer-Services,"Hi, The operating system update left my laptop in a repeated recovery loop. Please help repair the workstation. Please acknowledge receipt so we can track the request."
EOL,Our old virtual machine has been shut down permanently. Please complete its approved removal from the virtualization platform. Please confirm which additional information you need.
Computer-Services,"Hello team. The PDF opens correctly, but the printer produces blank pages from every application. Please investigate the printing device. The local contact is available during office hours."
Active Directory,Please disable the domain account for [USERNAME]. Their employment has ended and the access removal is approved.
Active Directory,Hello team. Remove [USERNAME] from the old department's directory groups following their transfer. Keep their domain account active.
Active Directory,please grant [USERNAME] membership in the approved remote access directory group. the vpn service itself is working. this is affecting work at [LOCATION].
Active Directory,Could someone help with this? Please remove a former administrator's directory privileges while keeping their ordinary staff account. The role change is approved. The requester is working from [LOCATION] today.
Fileservice,hi support team. please restore a folder that was removed from the archive share. we can provide its original path and deletion time. the request has been logged under [TICKET ID].
Support general,Hi support team. I am not sure which team handles this issue and need help opening the correct request. Please advise where to start. We can confirm the affected details when you contact us.
Active Directory,"Hi, Please move the computer object for [DEVICE] to the approved organizational unit. It currently receives the wrong domain policies. Please advise if this requires a scheduled support session."
O365,Could someone help with this? Please change the owner of our Microsoft Teams team. The current owner has transferred to another department. Please let us know the next steps.
Computer-Services,"Hi, The label printer cuts off the right side of each label. Please calibrate the printer and paper settings. We can confirm the affected details when you contact us."
Active Directory,Hi support team. Please move the computer object for [DEVICE] to the approved organizational unit. It currently receives the wrong domain policies. The request has been logged under [TICKET ID].
EOL,"Hi, The migration is complete and the old monitoring appliance is no longer required. Please initiate the retirement workflow. We have included the relevant details in the service request."
EOL,Hi support team. The storage volumes belong to a retired virtual server. Please review retention and remove the volumes approved for disposal. Please keep the requester informed of progress.
EOL,Could someone help with this? Please clean up the server-specific service account after the host is retired. Confirm that no other service depends on it first. A colleague can assist with the follow-up if I am unavailable.
O365,Could someone help with this? An email I sent from Outlook returned a nondelivery report. Please help investigate the mailbox delivery issue. We can confirm the affected details when you contact us.
Computer-Services,Hi support team. The printer is offline on every workstation but the office internet works. Please investigate the printer connection. The request has been logged under [TICKET ID].
Computer-Services,"Hi, The laptop battery is swollen and the case is separating. Please arrange safe collection and a replacement device. The local contact is available during office hours."
Active Directory,I forgot my corporate network password and cannot sign into Windows. Please help me reset it. I can provide additional details through the support portal.
Software,"Hi, The approved CAD program crashes whenever I open a drawing. Other applications work normally. We have included the relevant details in the service request."
Support general,Hi support team. Several unrelated systems are unavailable at our location. Please coordinate an initial outage investigation. Please advise if this requires a scheduled support session.
Support general,Hello team. Please help schedule an IT orientation session for new staff. This request is for guidance on the available services. The local contact is available during office hours.
Support general,Hi support team. The remote access gateway is unreachable for several users. Please investigate the network service before checking individual accounts. The request has been logged under [TICKET ID].
Fileservice,Hi support team. Please grant [USERNAME] read-only access to the approved folder on our file server. Their manager has approved the request. The request has been logged under [TICKET ID].
O365,Could someone help with this? Mail sent on behalf of the shared mailbox is rejected for insufficient permission. Please check the delegation settings. We can confirm the affected details when you contact us.
Fileservice,The file server backup restore completed but the recovered folder has incorrect permissions. Please restore the approved access settings. A colleague can assist with the follow-up if I am unavailable.
Support general,Hello team. We suspect a network outage because phones and computers lost connectivity together. Please coordinate initial triage. Please coordinate any appointment with the requester.
Computer-Services,Hello team. The office printer has paper stuck inside and will not feed a new page. Please help clear the jam. I can provide additional details through the support portal.
Software,Could someone help with this? Please remove the trial edition of the application and install the licensed edition. The entitlement has been approved. This needs to be coordinated with our team lead.
Computer-Services,Hello team. The label printer cuts off the right side of each label. Please calibrate the printer and paper settings. We have included the relevant details in the service request.
Software,Hello team. Please package the approved utility for installation through the software portal. The business owner has approved its use. This is affecting work at [LOCATION].
O365,Please update the email forwarding configuration on the approved shared mailbox. The mailbox owner has authorized the change. The local contact is available during office hours.
Fileservice,Could someone help with this? Please correct the access list on a network folder after our team reorganization. The directory group memberships are already approved. Please confirm which additional information you need.
Software,"Hello team. The application license is valid, but the program closes immediately after launch. Please investigate the application crash. A colleague can assist with the follow-up if I am unavailable."
O365,Please add an approved delegate to my Outlook calendar. They need to schedule meetings on my behalf. Please confirm which additional information you need.
O365,Please update the email forwarding configuration on the approved shared mailbox. The mailbox owner has authorized the change.
Computer-Services,Hello team. My docking station no longer detects either external monitor. The laptop screen still works normally. The request has been logged under [TICKET ID].
Computer-Services,The office printer is printing duplicate copies of every job. Please check the device configuration and print queue. Please coordinate any appointment with the requester.
Software,The software deployment portal reports that the requested application installation failed. Please check the deployment package. We have included the relevant details in the service request.
Active Directory,"Hi, I forgot my corporate network password and cannot sign into Windows. Please help me reset it. The issue was first reported this morning."
Support general,Hi support team. The corporate web page is blocked by the network filtering service. Please route an approved access review to the appropriate team. Please acknowledge receipt so we can track the request.
Support general,Please direct me to the policy for using a personal device for work. I need the process before submitting a technical request. This needs to be coordinated with our team lead.
Active Directory,could someone help with this? please restore the accidentally disabled directory account for [USERNAME]. the account owner is still an active employee. please include the resolution in the ticket notes.
O365,Please recover a deleted file from our SharePoint document library. This file was never on the network drive. I can provide additional details through the support portal.
Active Directory,Hi support team. Please move the computer object for [DEVICE] to the approved organizational unit. It currently receives the wrong domain policies. Please keep the requester informed of progress.
EOL,We need confirmation that no clients still connect to the host marked for retirement. Please complete this decommissioning prerequisite. The request has been logged under [TICKET ID].
Active Directory,The new starter can sign into email but has no Windows domain account. Please finish the directory provisioning. Please confirm which additional information you need.
O365,Hello team. Messages sent to the team shared mailbox are not appearing in Outlook. Please check mail flow and mailbox permissions. A colleague can assist with the follow-up if I am unavailable.
Software,Hello team. The scheduling application stopped launching after its update. Please review the update or restore the approved working version. This is affecting work at [LOCATION].
Fileservice,Hi support team. The DFS path opens an outdated copy of our shared folder. Please check the file service referral and replication. This is affecting work at [LOCATION].
Fileservice,Please remove an obsolete network share after its contents have been migrated. The file server itself must remain in service. Please confirm which additional information you need.
EOL,"Hi, Please update the asset register to show that [SERVER] has been decommissioned. The retirement work is complete. Please coordinate any appointment with the requester."
O365,Hi support team. Messages sent to the team shared mailbox are not appearing in Outlook. Please check mail flow and mailbox permissions. Please keep the requester informed of progress.
EOL,Hi support team. Please remove the load balancer entry for a retired backend server. It should no longer receive health checks or traffic. Our team needs an update before the next shift.
Support general,"hi, i need to know the helpdesk opening hours and the process for urgent support. please provide the correct contact details. the request has been logged under [TICKET ID]."
Software,Hi support team. The engineering application fails to activate even with the approved license details. Please check the activation service connection. Please let us know the next steps.
Computer-Services,"Hi, The office printer has paper stuck inside and will not feed a new page. Please help clear the jam."
EOL,Hi support team. The firewall rules for a permanently retired server are still active. Please coordinate their removal with the network team. The local contact is available during office hours.
EOL,The legacy mail server is being permanently retired after migration. Please complete the server decommissioning work. A colleague can assist with the follow-up if I am unavailable.
EOL,Hello team. Please remove the service discovery entries for a decommissioned host. Clients should use the replacement service. I can provide additional details through the support portal.
EOL,Could someone help with this? We have moved the file shares to the replacement server. Please retire the old file server once the migration checks pass. Please keep the requester informed of progress.
Active Directory,"hi, i changed my domain password and now windows keeps rejecting it on the office network. please check the account authentication state. please advise if this requires a scheduled support session."
Software,"Hi, Please provide the approved version of the terminal client. I need it to connect to our development servers. The request has been logged under [TICKET ID]."
Fileservice,Could someone help with this? The file server backup restore completed but the recovered folder has incorrect permissions. Please restore the approved access settings. Please keep the requester informed of progress.
EOL,Could someone help with this? Please schedule permanent shutdown of the unused test environment. Its owner has approved retirement of the servers. Please confirm which additional information you need.
Active Directory,Hi support team. Domain login works on one office workstation but fails on another for the same user. Please investigate the directory authentication failure. This needs to be coordinated with our team lead.
Active Directory,Hi support team. The directory group membership change is not taking effect for [USERNAME]. Please check replication between domain controllers. Please advise if this requires a scheduled support session.
Computer-Services,Hi support team. The laptop screen has vertical lines before Windows loads. Please check the display hardware. We have included the relevant details in the service request.
Computer-Services,"Hi, The PDF opens correctly, but the printer produces blank pages from every application. Please investigate the printing device. I can provide additional details through the support portal."
Software,"hi, please remove the trial edition of the application and install the licensed edition. the entitlement has been approved. this is affecting work at [LOCATION]."
Fileservice,could someone help with this? the dfs path opens an outdated copy of our shared folder. please check the file service referral and replication. please keep the requester informed of progress.
Fileservice,Hi support team. Please set up a new SMB share for the approved project directory. The underlying server is already available. We have included the relevant details in the service request.
Software,the inventory application opens a blank window after its latest update. please investigate the application startup failure. i can provide additional details through the support portal.
EOL,Could someone help with this? The retired cluster node still appears in the management console. Please remove its stale registration after checking cluster membership. Please acknowledge receipt so we can track the request.
Software,"Hi, Please install the approved PDF editor on my workstation. I need to edit and combine documents for my role. This needs to be coordinated with our team lead."
Active Directory,Hi support team. The temporary domain password for our new starter is rejected at first login. Please check the account setup. The request has been logged under [TICKET ID].
Software,"hi, please configure the approved odbc connection for the reporting application. the database access request has already been granted. please confirm which additional information you need."
Software,Hi support team. Please transfer the approved application license to my replacement workstation. The old installation is no longer used. Please keep the requester informed of progress.
Support general,Please help arrange accessibility support for using our IT services. I need an initial discussion to determine the right assistance. I can provide additional details through the support portal.
Active Directory,Could someone help with this? Our approved delegated administrator cannot manage users in the assigned organizational unit. Please check the directory delegation. We can confirm the affected details when you contact us.
Software,Hi support team. Please reset my password in the standalone vendor application. This account is separate from my corporate directory login. The issue was first reported this morning.
Support general,Could someone help with this? We found an unknown device connected to an office network socket. Please route this to security for investigation. The request has been logged under [TICKET ID].
Computer-Services,Hello team. My external monitor says no signal while the laptop is docked. The monitor works when connected directly. The issue was first reported this morning.
Computer-Services,The laptop cannot detect its built-in wireless adapter. Please check the device driver and hardware. Please acknowledge receipt so we can track the request.
Software,Could someone help with this? The approved CAD program crashes whenever I open a drawing. Other applications work normally. Our team needs an update before the next shift.
EOL,Could someone help with this? We need the hardware serial numbers recorded before collection of the retired servers. Please coordinate the disposal handover. The requester is working from [LOCATION] today.
EOL,"Hi, The old development server has been replaced. Please remove its obsolete network reservations during the retirement work. The local contact is available during office hours."
EOL,Could someone help with this? The migration is complete and the old monitoring appliance is no longer required. Please initiate the retirement workflow. Please coordinate any appointment with the requester.
Computer-Services,Hello team. My monitor flickers even when a different cable is used. Please check whether the display needs replacing. Please advise if this requires a scheduled support session.
EOL,Could someone help with this? The legacy application server is due to be shut down permanently. Please review dependencies before the approved retirement window. We have included the relevant details in the service request.
Active Directory,"i can log into windows, but my directory account still lists the wrong manager. please correct the manager attribute. please keep the requester informed of progress."
Computer-Services,"Hi, The office printer is printing duplicate copies of every job. Please check the device configuration and print queue. Please confirm which additional information you need."
Computer-Services,Please arrange a loaner laptop while my damaged workstation is repaired. My existing user account can be reused. Please confirm which additional information you need.
Software,Hi support team. Adobe Acrobat fails to install with error 1603. Please investigate the application installer. I can provide additional details through the support portal.
Computer-Services,Could someone help with this? The operating system update left my laptop in a repeated recovery loop. Please help repair the workstation. This needs to be coordinated with our team lead.
EOL,"Hi, We need confirmation that no clients still connect to the host marked for retirement. Please complete this decommissioning prerequisite. The local contact is available during office hours."
Computer-Services,The touchscreen registers touches in the wrong position. Please calibrate or repair the display. We can confirm the affected details when you contact us.
Active Directory,Could someone help with this? The directory group membership change is not taking effect for [USERNAME]. Please check replication between domain controllers. Please acknowledge receipt so we can track the request.
EOL,"Hi, We need confirmation that no clients still connect to the host marked for retirement. Please complete this decommissioning prerequisite. Please let us know the next steps."
O365,"hi, the outlook meeting room calendar shows conflicting bookings. please investigate the room mailbox configuration. i can provide additional details through the support portal."
Active Directory,Please audit the nested directory groups that give [USERNAME] administrative access. We need to verify the approved membership path. Please keep the requester informed of progress.
Software,Hello team. Please enable my approved role in the expense management application. I can sign in but cannot submit reports. This needs to be coordinated with our team lead.
Active Directory,Hi support team. My domain account is marked as requiring a smart card even though none was issued. Please review the account policy. This is affecting work at [LOCATION].
O365,Hi support team. An email I sent from Outlook returned a nondelivery report. Please help investigate the mailbox delivery issue. The issue was first reported this morning.
Software,Hello team. The approved CAD program crashes whenever I open a drawing. Other applications work normally. The request has been logged under [TICKET ID].
Fileservice,Hello team. Please correct the access list on a network folder after our team reorganization. The directory group memberships are already approved. This is affecting work at [LOCATION].
Software,The application update repeatedly asks for local administrator privileges. Please arrange the approved managed installation. The issue was first reported this morning.
Computer-Services,Could someone help with this? The workstation restarts with a blue screen during boot. Please investigate the operating system or device drivers. The local contact is available during office hours.
EOL,Hi support team. Please update the asset register to show that [SERVER] has been decommissioned. The retirement work is complete. I can provide additional details through the support portal.
Active Directory,"hello team. i can log into windows, but my directory account still lists the wrong manager. please correct the manager attribute. this needs to be coordinated with our team lead."
Fileservice,Could someone help with this? Please create an archive folder on the file server with read-only access for the team. The active project folder should stay writable. Please let us know the next steps.
EOL,"Hi, We need a disposal record for a server that has reached the end of its service life. Please coordinate the retirement paperwork. This needs to be coordinated with our team lead."
O365,Please recover a deleted file from our SharePoint document library. This file was never on the network drive. Please contact [NAME] if more details are needed.
EOL,Hi support team. Please begin the approved retirement of [SERVER]. The replacement service is live and the old machine is no longer needed. The local contact is available during office hours.
Active Directory,Hi support team. Remove [USERNAME] from the old department's directory groups following their transfer. Keep their domain account active. The issue was first reported this morning.
Software,Could someone help with this? Please package the approved utility for installation through the software portal. The business owner has approved its use. The local contact is available during office hours.
O365,Hello team. My Teams meeting invitations contain the wrong meeting information. Please investigate the calendar integration. The requester is working from [LOCATION] today.
Support general,Could someone help with this? Please coordinate a planned office shutdown with the relevant IT teams. Several services need to be included in the schedule. Our team needs an update before the next shift.
O365,Hi support team. Teams does not show my updated display name even though the directory is correct. Please check the Microsoft 365 profile synchronization. Please contact [NAME] if more details are needed.
O365,The Teams channel files tab is blank even though the SharePoint library contains files. Please investigate the integration. Please advise if this requires a scheduled support session.
Computer-Services,Hi support team. Please reinstall the operating system on the approved replacement workstation. The required files have been backed up. The request has been logged under [TICKET ID].
Computer-Services,Hello team. The workstation clock resets whenever power is disconnected. Please check the internal battery. I can provide additional details through the support portal.
Fileservice,Hello team. Please increase the approved storage quota for our department's network share. We are unable to save the project deliverables. Please advise if this requires a scheduled support session.
EOL,"hi, please reclaim the server licenses that are no longer needed following decommissioning. the replacement licenses are managed separately. i can provide additional details through the support portal."
Computer-Services,Please install the approved driver for the new office printer. The printer is already connected to the network. We can confirm the affected details when you contact us.
Software,"Hi, Please uninstall an obsolete third-party application from my workstation. It is no longer required for my work. Please advise if this requires a scheduled support session."
EOL,Please verify that the decommissioned host has no remaining public DNS entry. The replacement endpoint is already in service. A colleague can assist with the follow-up if I am unavailable.
O365,An email I sent from Outlook returned a nondelivery report. Please help investigate the mailbox delivery issue. Please keep the requester informed of progress.
Fileservice,The shared drive is prompting for credentials repeatedly even though my domain login works. Please investigate authentication to the file server. The issue was first reported this morning.
Fileservice,Could someone help with this? Please move the project directory to the new file server while preserving its access permissions. We need a coordinated migration window. I can provide additional details through the support portal.
EOL,"Hi, Please close the configuration item for a decommissioned server in the service inventory. Keep the historical change records. This is affecting work at [LOCATION]."
Active Directory,Please create a domain account for our new starter [NAME]. Their manager has approved the onboarding request. Our team needs an update before the next shift.
Fileservice,i can sign into windows but receive access denied when opening the department network share. please check the folder permissions. the request has been logged under [TICKET ID].
Fileservice,Could someone help with this? Please remove a former team member's access to the project file share. Their domain account should remain active. The requester is working from [LOCATION] today.
Support general,Hello team. Please merge my duplicate support requests into the existing incident. They describe the same problem. This is affecting work at [LOCATION].
Support general,"Hi, Please merge my duplicate support requests into the existing incident. They describe the same problem. The request has been logged under [TICKET ID]."
Active Directory,Could someone help with this? The domain password policy rejects every new password I try. Please help confirm the required policy and restore access. Please confirm which additional information you need.
O365,Could someone help with this? Please grant approved access to the shared mailbox for our team. My existing corporate account is active. Please coordinate any appointment with the requester.
Computer-Services,Hi support team. The webcam is not detected by any application. Please check the camera hardware and driver. Please acknowledge receipt so we can track the request.
Fileservice,Hello team. The department share is accessible by server name but not through its usual network path. Please investigate the file service namespace. Our team needs an update before the next shift.
Software,Hello team. The customer support application cannot load its add-in. Please investigate the plugin compatibility error. Please coordinate any appointment with the requester.
Support general,I need assistance understanding the rejection of my service request. Please explain what information is missing. The request has been logged under [TICKET ID].
EOL,Please confirm completion of the retirement change for [SERVER]. We still need evidence that monitoring and network cleanup are finished. This needs to be coordinated with our team lead.
Active Directory,Could someone help with this? Please re-enable the expired domain account for the returning contractor. The renewed assignment has been approved. Please let us know the next steps.
EOL,could someone help with this? please remove the obsolete dns records for a decommissioned server. the replacement uses a different hostname. the issue was first reported this morning.
Computer-Services,"Hi, The label printer cuts off the right side of each label. Please calibrate the printer and paper settings. Our team needs an update before the next shift."
O365,"Hi, Skype for Business will not sign in with my work account. Please investigate the collaboration service connection. A colleague can assist with the follow-up if I am unavailable."
O365,"Hi support team. Please update the members of our email distribution group. This is an email list change, not a directory login issue. The requester is working from [LOCATION] today."
EOL,The migration is complete and the old monitoring appliance is no longer required. Please initiate the retirement workflow. Please acknowledge receipt so we can track the request.
Fileservice,hello team. the shared drive has become very slow to list folders. applications and local files open normally. please advise if this requires a scheduled support session.
EOL,"hi, please unregister the retired server from the patch management platform. it has been permanently removed from service. the local contact is available during office hours."
EOL,Hello team. We need a disposal record for a server that has reached the end of its service life. Please coordinate the retirement paperwork. Please keep the requester informed of progress.
O365,"hi, external attendees cannot join our teams meeting. please check the meeting's guest access settings. the request has been logged under [TICKET ID]."
Fileservice,Hi support team. Please move the project directory to the new file server while preserving its access permissions. We need a coordinated migration window. We have included the relevant details in the service request.
Software,The software deployment portal reports that the requested application installation failed. Please check the deployment package. The local contact is available during office hours.
Computer-Services,"Hi, My headset microphone is silent in every program. Please troubleshoot the audio device. Please include the resolution in the ticket notes."
O365,"Hi, The Teams channel files tab is blank even though the SharePoint library contains files. Please investigate the integration. Please contact [NAME] if more details are needed."
O365,Hi support team. Please create a room mailbox for the new meeting space. The booking permissions have been approved. I can provide additional details through the support portal.
Fileservice,Please enable the approved team to create subfolders on the shared drive. They can currently read files but cannot create directories. Please confirm which additional information you need.
Active Directory,hello team. our approved delegated administrator cannot manage users in the assigned organizational unit. please check the directory delegation. please confirm which additional information you need.
O365,Could someone help with this? Please change the external sharing settings for the approved SharePoint project site. The site owner has supplied the access requirements. We have included the relevant details in the service request.
Computer-Services,Hello team. The laptop cannot detect its built-in wireless adapter. Please check the device driver and hardware. The issue was first reported this morning.
EOL,Hi support team. Please remove the load balancer entry for a retired backend server. It should no longer receive health checks or traffic. Please keep the requester informed of progress.
EOL,Please verify that the decommissioned host has no remaining public DNS entry. The replacement endpoint is already in service.
EOL,hi support team. the retired server still appears in nexthink. please remove its inventory entry as part of decommissioning. the issue was first reported this morning.
Software,"Hi, Please reset my password in the standalone vendor application. This account is separate from my corporate directory login. Please keep the requester informed of progress."
Software,Please configure the approved ODBC connection for the reporting application. The database access request has already been granted. The requester is working from [LOCATION] today.
EOL,We have moved the file shares to the replacement server. Please retire the old file server once the migration checks pass. Please acknowledge receipt so we can track the request.
EOL,could someone help with this? please reclaim the server licenses that are no longer needed following decommissioning. the replacement licenses are managed separately.
EOL,Hi support team. Please archive the required configuration records for [SERVER] before its approved disposal. The server will not return to service. We can confirm the affected details when you contact us.
EOL,Hello team. The old development server has been replaced. Please remove its obsolete network reservations during the retirement work. A colleague can assist with the follow-up if I am unavailable.
EOL,"Hi, Please coordinate secure collection of the server hardware being retired from the branch office. The disposal request is approved. A colleague can assist with the follow-up if I am unavailable."
Computer-Services,Could someone help with this? My headset microphone is silent in every program. Please troubleshoot the audio device. Please acknowledge receipt so we can track the request.
EOL,Could someone help with this? Please unregister the retired server from the patch management platform. It has been permanently removed from service. Please contact [NAME] if more details are needed.
Active Directory,"Hi, My directory profile has a duplicate account with a similar username. Please investigate which record should remain active. I can provide additional details through the support portal."
EOL,Could someone help with this? The legacy mail server is being permanently retired after migration. Please complete the server decommissioning work.
Computer-Services,hi support team. my laptop does not power on even with the charger connected. please arrange a hardware check. please coordinate any appointment with the requester.
Fileservice,"Hi, Please move the project directory to the new file server while preserving its access permissions. We need a coordinated migration window. Please let us know the next steps."
Software,Hello team. The customer support application cannot load its add-in. Please investigate the plugin compatibility error. The issue was first reported this morning.
EOL,please remove the old server from the disaster recovery plan after decommissioning. the replacement has already been added.
Active Directory,Hello team. Our new hire's domain account was created in the wrong organizational unit. Please move it before their first login. Please include the resolution in the ticket notes.
Active Directory,"Hi, I changed my domain password and now Windows keeps rejecting it on the office network. Please check the account authentication state. The requester is working from [LOCATION] today."
Software,"Hi, The licensed statistics package reports that no seats are available. Please check the application license server. I can provide additional details through the support portal."
O365,Hello team. OneDrive says an item cannot sync because its path is too long. Please help resolve the Microsoft 365 sync error. Our team needs an update before the next shift.
O365,An email I sent from Outlook returned a nondelivery report. Please help investigate the mailbox delivery issue. This is affecting work at [LOCATION].
EOL,Could someone help with this? Please terminate the unused cloud instance after its retirement approval is confirmed. Its workload has been migrated. Please let us know the next steps.
Software,hello team. the approved text editor loses its settings after every restart. please check the application profile. we have included the relevant details in the service request.
Support general,Hi support team. The company website is unavailable from several external connections. Please route this to the web operations team. The issue was first reported this morning.
EOL,please remove the service discovery entries for a decommissioned host. clients should use the replacement service. please coordinate any appointment with the requester.
Computer-Services,Could someone help with this? The workstation clock resets whenever power is disconnected. Please check the internal battery. Please confirm which additional information you need.
Computer-Services,Hi support team. The printer queue is stuck on a job that cannot be cancelled. Please help restore printing on this workstation. The request has been logged under [TICKET ID].
Software,Please transfer the approved application license to my replacement workstation. The old installation is no longer used. We have included the relevant details in the service request.
Computer-Services,could someone help with this? my desktop has become very slow and reports memory errors at startup. please run hardware diagnostics. a colleague can assist with the follow-up if i am unavailable.
EOL,Hello team. Please arrange approved disk sanitization for the retired server hardware. The data retention review has been completed. A colleague can assist with the follow-up if I am unavailable.
Fileservice,Hello team. Copying large files to the network share fails halfway through. Local copies on my laptop complete successfully. A colleague can assist with the follow-up if I am unavailable.
EOL,hi support team. the retired server is still listed in the vulnerability scanner. please remove the obsolete target from the scanning inventory. this needs to be coordinated with our team lead.
Software,Please uninstall an obsolete third-party application from my workstation. It is no longer required for my work. Our team needs an update before the next shift.
EOL,Could someone help with this? Please coordinate secure collection of the server hardware being retired from the branch office. The disposal request is approved. This is affecting work at [LOCATION].
EOL,"hi, we need confirmation that no clients still connect to the host marked for retirement. please complete this decommissioning prerequisite. we can confirm the affected details when you contact us."
EOL,Please archive the required configuration records for [SERVER] before its approved disposal. The server will not return to service. This is affecting work at [LOCATION].
Computer-Services,"Hi, Please arrange a loaner laptop while my damaged workstation is repaired. My existing user account can be reused. A colleague can assist with the follow-up if I am unavailable."
Fileservice,"Hi, Please move the project directory to the new file server while preserving its access permissions. We need a coordinated migration window. The request has been logged under [TICKET ID]."
Computer-Services,Please arrange a loaner laptop while my damaged workstation is repaired. My existing user account can be reused. Please keep the requester informed of progress.
Support general,Please change the urgency on ticket [TICKET ID] after reviewing the updated business impact. The incident now affects the whole location. The issue was first reported this morning.
EOL,hello team. please cancel the scheduled backup jobs for a decommissioned server after checking the retention requirements. the service has moved elsewhere. please coordinate any appointment with the requester.
Software,Hi support team. The development IDE cannot find its installed compiler. Please help configure the application toolchain. We have included the relevant details in the service request.
Support general,Hi support team. The phone menu sends callers to the wrong office. Please route the issue to the communications team. Please contact [NAME] if more details are needed.
Fileservice,"Hi, The file server refuses a filename that worked on my local computer. Please help identify the supported path and naming limits. Please acknowledge receipt so we can track the request."
Software,Our time tracking app keeps logging me out while other services stay connected. Please investigate its session handling. Please advise if this requires a scheduled support session.
Active Directory,Please join the replacement workstation [DEVICE] to our corporate domain. The device setup is otherwise complete. Our team needs an update before the next shift.
Active Directory,Could someone help with this? Domain login works on one office workstation but fails on another for the same user. Please investigate the directory authentication failure. The issue was first reported this morning.
Fileservice,Hi support team. Please grant [USERNAME] read-only access to the approved folder on our file server. Their manager has approved the request. Please let us know the next steps.
Fileservice,The DFS path opens an outdated copy of our shared folder. Please check the file service referral and replication. Please let us know the next steps.
Active Directory,Could someone help with this? Please set the approved expiry date on a temporary directory account. It should not remain active indefinitely. Please let us know the next steps.
O365,Could someone help with this? Mail sent on behalf of the shared mailbox is rejected for insufficient permission. Please check the delegation settings. The local contact is available during office hours.
O365,hello team. please change the owner of our microsoft teams team. the current owner has transferred to another department. we have included the relevant details in the service request.
O365,Hi support team. OneDrive has stopped synchronizing the documents in my work account. The files are still present locally. Please contact [NAME] if more details are needed.
EOL,"hi, please arrange approved disk sanitization for the retired server hardware. the data retention review has been completed. our team needs an update before the next shift."
Active Directory,Please create a domain account for our new starter [NAME]. Their manager has approved the onboarding request. The requester is working from [LOCATION] today.
Fileservice,Could someone help with this? Please give the approved team edit access to the network folder. They currently have read-only permissions. The issue was first reported this morning.
Active Directory,Hi support team. Please set the approved expiry date on a temporary directory account. It should not remain active indefinitely. Please include the resolution in the ticket notes.
O365,"hi, please create a room mailbox for the new meeting space. the booking permissions have been approved. the requester is working from [LOCATION] today."
Active Directory,"I need a domain password reset, not an Outlook mailbox change. Windows login is the part that is failing."
Computer-Services,My laptop hinge is broken and the screen will not stay upright. Please arrange a hardware repair. The requester is working from [LOCATION] today.
Software,Hello team. Please install the approved PDF editor on my workstation. I need to edit and combine documents for my role. We can confirm the affected details when you contact us.
Fileservice,"Hi, Please give the approved team edit access to the network folder. They currently have read-only permissions. Please advise if this requires a scheduled support session."
Active Directory,Could someone help with this? The domain controller cannot find the new computer account during the join process. Please check the directory object. This needs to be coordinated with our team lead.
EOL,Could someone help with this? Please archive the required configuration records for [SERVER] before its approved disposal. The server will not return to service. This needs to be coordinated with our team lead.
Software,The browser extension required by our internal application will not install. Please check the approved extension deployment. Please advise if this requires a scheduled support session.
Software,Hi support team. Please install the required language pack for the approved business application. The core application already works. Please advise if this requires a scheduled support session.
Active Directory,Hello team. Please re-enable the expired domain account for the returning contractor. The renewed assignment has been approved. We have included the relevant details in the service request.
O365,I cannot see the shared calendar in Outlook anymore. Please check the calendar sharing permissions. I can provide additional details through the support portal.
Fileservice,"Hi, This is a network file share problem, not OneDrive. The mapped drive opens but every save returns Access Denied. This is affecting work at [LOCATION]."
EOL,Could someone help with this? Please remove the service discovery entries for a decommissioned host. Clients should use the replacement service. The request has been logged under [TICKET ID].
Active Directory,"hi, create a dedicated directory service account for the scheduled job. the approved access scope is attached to the request. a colleague can assist with the follow-up if i am unavailable."
Fileservice,hello team. please provide a list of who can access the restricted folder on the file server. we need to review its effective permissions. the issue was first reported this morning.
O365,Hello team. An email I sent from Outlook returned a nondelivery report. Please help investigate the mailbox delivery issue. Please include the resolution in the ticket notes.
Computer-Services,Could someone help with this? The office printer has paper stuck inside and will not feed a new page. Please help clear the jam. Please advise if this requires a scheduled support session.
O365,"Hi, Excel says my Microsoft 365 subscription cannot be verified. The application is installed and my other services work. Our team needs an update before the next shift."
Active Directory,"Hi, My Windows domain account says it is locked after several failed sign-ins. I need it unlocked so I can start work. We have included the relevant details in the service request."
Support general,"Hi, The corporate web page is blocked by the network filtering service. Please route an approved access review to the appropriate team. The request has been logged under [TICKET ID]."
Software,"Hi, The document conversion tool creates damaged output files. Please check the application's configuration and version. The local contact is available during office hours."
Computer-Services,"Hi, Please set up a replacement desktop at the employee's desk. Their existing account and application access are ready. The request has been logged under [TICKET ID]."
Software,Please install the approved compression utility for our archive workflow. We do not need changes to file share permissions. We have included the relevant details in the service request.
Support general,Hello team. The building has lost power and several IT services have stopped. Please coordinate the incident with the appropriate teams. The local contact is available during office hours.
Computer-Services,Please configure duplex printing on the new multifunction printer. Single-sided printing already works. Please coordinate any appointment with the requester.
O365,The Outlook meeting room calendar shows conflicting bookings. Please investigate the room mailbox configuration. A colleague can assist with the follow-up if I am unavailable.
EOL,Hi support team. The retired cluster node still appears in the management console. Please remove its stale registration after checking cluster membership. Please include the resolution in the ticket notes.
Active Directory,Hello team. My directory profile has a duplicate account with a similar username. Please investigate which record should remain active. Please let us know the next steps.
O365,Could someone help with this? Excel says my Microsoft 365 subscription cannot be verified. The application is installed and my other services work. Please let us know the next steps.
EOL,Hi support team. The retired server still triggers availability alerts. Please remove its monitoring checks as part of the closure process. Please include the resolution in the ticket notes.
Computer-Services,The scanner is not listed among the devices on my computer. Please install its approved driver. Please coordinate any appointment with the requester.
Computer-Services,"Hi, My USB keyboard works on another computer but not this workstation. Please inspect the USB ports and drivers."
Software,My accounting application says its license has expired. Please check the application entitlement and renewal status. I can provide additional details through the support portal.
O365,Could someone help with this? Please change the external sharing settings for the approved SharePoint project site. The site owner has supplied the access requirements. Please coordinate any appointment with the requester.
Fileservice,Could someone help with this? The department file share is full and refuses new uploads. Please review the share quota and available capacity. Please let us know the next steps.
Support general,Hello team. Our office telephone cannot make external calls. Please route the issue to the telephony support team. A colleague can assist with the follow-up if I am unavailable.
Active Directory,Could someone help with this? Please set the approved expiry date on a temporary directory account. It should not remain active indefinitely. Please contact [NAME] if more details are needed.
Software,Hi support team. Please reset my password in the standalone vendor application. This account is separate from my corporate directory login. Please include the resolution in the ticket notes.
Software,Hi support team. Please configure the approved ODBC connection for the reporting application. The database access request has already been granted. Please advise if this requires a scheduled support session.
Active Directory,"Hi, Please move the computer object for [DEVICE] to the approved organizational unit. It currently receives the wrong domain policies. Please contact [NAME] if more details are needed."
O365,Could someone help with this? OneDrive says an item cannot sync because its path is too long. Please help resolve the Microsoft 365 sync error. Please coordinate any appointment with the requester.
Support general,"Hi, The guest wireless network will not connect visitors at reception. Please have the network team investigate. Our team needs an update before the next shift."
EOL,Hi support team. Please review outstanding scheduled tasks before the legacy server is permanently shut down. This is part of its approved retirement. We have included the relevant details in the service request.
Computer-Services,The trackpad clicks by itself and makes the laptop difficult to use. Please inspect the pointing device. Please confirm which additional information you need.
Computer-Services,"Hi, Please install the approved driver for the new office printer. The printer is already connected to the network. Please advise if this requires a scheduled support session."
O365,"Windows login and network shares work normally, but Outlook cannot open my mailbox. Please investigate the email service. Please include the resolution in the ticket notes."
Software,PDF files fail to open in the installed reader but work in another viewer. Please repair the reader application. We have included the relevant details in the service request.
Software,Hello team. The procurement application denies access to the purchasing module. My login succeeds and the application owner has approved the role. Please confirm which additional information you need.
Fileservice,Hi support team. Please check why the replicated shared folder has different contents at the two offices. The missing files were saved yesterday. We have included the relevant details in the service request.
Active Directory,Hello team. Please join the replacement workstation [DEVICE] to our corporate domain. The device setup is otherwise complete. Please contact [NAME] if more details are needed.
Computer-Services,Hi support team. The printer queue is stuck on a job that cannot be cancelled. Please help restore printing on this workstation. The issue was first reported this morning.
Software,Could someone help with this? The engineering application fails to activate even with the approved license details. Please check the activation service connection. Please acknowledge receipt so we can track the request.
Computer-Services,The office printer has paper stuck inside and will not feed a new page. Please help clear the jam. The request has been logged under [TICKET ID].
Fileservice,"Hi, Please remove an obsolete network share after its contents have been migrated. The file server itself must remain in service. The issue was first reported this morning."
Active Directory,Could someone help with this? My workstation reports that the trust relationship with the domain has failed. Other staff can still sign into their computers. The local contact is available during office hours.
Fileservice,Hi support team. Please check why offline copies of our network share do not synchronize after reconnecting. The file server is reachable.
Support general,Hi support team. Please help arrange accessibility support for using our IT services. I need an initial discussion to determine the right assistance. We have included the relevant details in the service request.
Software,Our time tracking app keeps logging me out while other services stay connected. Please investigate its session handling. The local contact is available during office hours.
Software,Hi support team. PDF files fail to open in the installed reader but work in another viewer. Please repair the reader application. Please coordinate any appointment with the requester.
EOL,Hi support team. Please cancel the scheduled backup jobs for a decommissioned server after checking the retention requirements. The service has moved elsewhere. The issue was first reported this morning.
Fileservice,could someone help with this? the file server refuses a filename that worked on my local computer. please help identify the supported path and naming limits. the local contact is available during office hours.
EOL,Hi support team. The retired server still appears in Nexthink. Please remove its inventory entry as part of decommissioning. We have included the relevant details in the service request.
Computer-Services,Hi support team. My desktop has become very slow and reports memory errors at startup. Please run hardware diagnostics. Please let us know the next steps.
Active Directory,hi support team. remove [USERNAME] from the old department's directory groups following their transfer. keep their domain account active. this is affecting work at [LOCATION].
Active Directory,Hello team. Please grant [USERNAME] membership in the approved remote access directory group. The VPN service itself is working. A colleague can assist with the follow-up if I am unavailable.
Support general,Could someone help with this? We found an unknown device connected to an office network socket. Please route this to security for investigation. I can provide additional details through the support portal.
EOL,please update the asset register to show that [SERVER] has been decommissioned. the retirement work is complete. the local contact is available during office hours.
Active Directory,Hello team. Please join the replacement workstation [DEVICE] to our corporate domain. The device setup is otherwise complete. The local contact is available during office hours.
Support general,The support portal shows my request as assigned to the wrong location. Please correct the routing information. We can confirm the affected details when you contact us.
Software,"Hi, The development IDE cannot find its installed compiler. Please help configure the application toolchain. This is affecting work at [LOCATION]."
Active Directory,Could someone help with this? The account unlock portal says my corporate username does not exist. Please check my directory record. Please keep the requester informed of progress.
EOL,Could someone help with this? We need the hardware serial numbers recorded before collection of the retired servers. Please coordinate the disposal handover. Please acknowledge receipt so we can track the request.
EOL,Hi support team. The old print server has no remaining queues or clients. Please complete its scheduled decommissioning. The request has been logged under [TICKET ID].
Active Directory,Hi support team. Windows says my account is restricted to different logon hours. Please check the schedule configured in the directory. A colleague can assist with the follow-up if I am unavailable.
Fileservice,Hello team. My mapped network drive has disappeared after signing in. Please help reconnect it to the existing file share. Our team needs an update before the next shift.
Active Directory,my workstation reports that the trust relationship with the domain has failed. other staff can still sign into their computers. please confirm which additional information you need.
Computer-Services,My external monitor says no signal while the laptop is docked. The monitor works when connected directly. Please let us know the next steps.
Fileservice,"Hi, Copying large files to the network share fails halfway through. Local copies on my laptop complete successfully. This is affecting work at [LOCATION]."
Fileservice,"hi, the file server backup restore completed but the recovered folder has incorrect permissions. please restore the approved access settings."
Active Directory,Hello team. Please create a directory security group with [NAME] as the designated owner. Membership will be requested separately. We have included the relevant details in the service request.
Computer-Services,Could someone help with this? The internal speakers crackle even when playing a local audio file. Please inspect the audio driver and hardware. Please let us know the next steps.
EOL,hello team. please schedule permanent shutdown of the unused test environment. its owner has approved retirement of the servers. the request has been logged under [TICKET ID].
O365,"hi, please configure an approved email alias for my existing mailbox. my primary address should stay unchanged. please coordinate any appointment with the requester."
Active Directory,"Hi, Please re-enable the expired domain account for the returning contractor. The renewed assignment has been approved. Please keep the requester informed of progress."
Software,"Hi, The document conversion tool creates damaged output files. Please check the application's configuration and version. I can provide additional details through the support portal."
Support general,I am not sure which team handles this issue and need help opening the correct request. Please advise where to start. I can provide additional details through the support portal.
O365,Please change the owner of our Microsoft Teams team. The current owner has transferred to another department. Please include the resolution in the ticket notes.
Computer-Services,Hi support team. The office printer is printing duplicate copies of every job. Please check the device configuration and print queue. I can provide additional details through the support portal.
Fileservice,Hi support team. Please create a shared folder for the new project with the approved access list. It should be hosted on the network file server. Please coordinate any appointment with the requester.
Computer-Services,"Hi, The laptop screen has vertical lines before Windows loads. Please check the display hardware. We can confirm the affected details when you contact us."
EOL,Could someone help with this? Please close the configuration item for a decommissioned server in the service inventory. Keep the historical change records. Please confirm which additional information you need.
Computer-Services,"Hi, My Bluetooth mouse disconnects from this laptop every few minutes. Please check the peripheral connection. Please let us know the next steps."
O365,"Hi, Please assign the approved Microsoft 365 license to our existing employee account. The directory account has already been created. Please let us know the next steps."
EOL,"Hi, The retired server is still listed in the vulnerability scanner. Please remove the obsolete target from the scanning inventory. Our team needs an update before the next shift."
Support general,Hi support team. I have a general IT question about requesting support during travel. Please explain the approved contact and escalation process. Please include the resolution in the ticket notes.
Computer-Services,Please replace a damaged power adapter for my company laptop. The connector no longer fits securely. Please acknowledge receipt so we can track the request.
Active Directory,"hi, the new starter can sign into email but has no windows domain account. please finish the directory provisioning."
Fileservice,Could someone help with this? Please transfer ownership of the project folder on the file server. The current owner has moved to another team. Please keep the requester informed of progress.
Support general,hello team. please direct me to the policy for using a personal device for work. i need the process before submitting a technical request. this is affecting work at [LOCATION].
Active Directory,Could someone help with this? Please remove an obsolete computer object from the directory after a workstation replacement. The replacement is already joined. The request has been logged under [TICKET ID].
Active Directory,Hello team. Please remove a former administrator's directory privileges while keeping their ordinary staff account. The role change is approved. This is affecting work at [LOCATION].
Support general,Hi support team. Please reopen ticket [TICKET ID] because the reported issue is still unresolved. The earlier closure was premature.
Computer-Services,hello team. the desktop reports a failing hard drive during startup. please arrange a device assessment and data protection steps. we can confirm the affected details when you contact us.
O365,Could someone help with this? Our Microsoft 365 account asks for multifactor authentication on a phone I no longer have. Please help reset the registered method. Please contact [NAME] if more details are needed.
EOL,Hi support team. Please remove the obsolete DNS records for a decommissioned server. The replacement uses a different hostname. Please contact [NAME] if more details are needed.
Active Directory,Hello team. Remove [USERNAME] from the old department's directory groups following their transfer. Keep their domain account active. Our team needs an update before the next shift.
EOL,could someone help with this? the retired host still has an active certificate renewal job. please close the renewal task as part of the retirement cleanup. the local contact is available during office hours.
Fileservice,Please enable the approved team to create subfolders on the shared drive. They can currently read files but cannot create directories. The request has been logged under [TICKET ID].
Active Directory,Could someone help with this? Please set the approved expiry date on a temporary directory account. It should not remain active indefinitely. We have included the relevant details in the service request.
Fileservice,Hi support team. The file server reports that a document is locked by a user who is no longer connected. Please investigate the stale lock. Our team needs an update before the next shift.
O365,"Hi, Please grant approved access to the team SharePoint site. The request is for the Microsoft 365 document library. Please keep the requester informed of progress."
Fileservice,My mapped network drive has disappeared after signing in. Please help reconnect it to the existing file share. The requester is working from [LOCATION] today.
Computer-Services,Hello team. The scanner produces a solid black page for every document. Please inspect the scanning hardware. Please keep the requester informed of progress.
Computer-Services,Hi support team. The scanner feeder pulls several sheets at once. Please service the document feeder. Please acknowledge receipt so we can track the request.
O365,Hi support team. An email I sent from Outlook returned a nondelivery report. Please help investigate the mailbox delivery issue. Please let us know the next steps.
Support general,Could someone help with this? I received a suspicious message asking for my password. Please route it to the security team for review. Please coordinate any appointment with the requester.
EOL,Could someone help with this? We have moved the file shares to the replacement server. Please retire the old file server once the migration checks pass. Please advise if this requires a scheduled support session.
Support general,hi support team. the phone menu sends callers to the wrong office. please route the issue to the communications team. please acknowledge receipt so we can track the request.
EOL,Hi support team. Please remove the load balancer entry for a retired backend server. It should no longer receive health checks or traffic. We can confirm the affected details when you contact us.
Computer-Services,Hello team. The conference room camera is physically damaged. Please arrange replacement meeting room equipment. I can provide additional details through the support portal.
Computer-Services,Hello team. The scanner is not listed among the devices on my computer. Please install its approved driver. Please advise if this requires a scheduled support session.
Computer-Services,The printer produces faded pages even after a toner replacement. Please check the printer components. Please include the resolution in the ticket notes.
Fileservice,I can sign into Windows but receive Access Denied when opening the department network share. Please check the folder permissions. A colleague can assist with the follow-up if I am unavailable.
Fileservice,"Hi, My mapped network drive has disappeared after signing in. Please help reconnect it to the existing file share. Please advise if this requires a scheduled support session."
Support general,Hi support team. Please provide an update on ticket [TICKET ID]. We have not received a response since the last handover. The local contact is available during office hours.
Computer-Services,Hi support team. Please configure duplex printing on the new multifunction printer. Single-sided printing already works. Please include the resolution in the ticket notes.
Support general,Hi support team. The guest wireless network will not connect visitors at reception. Please have the network team investigate. I can provide additional details through the support portal.
O365,"Hi, Please check why mail from our approved sender is being quarantined in Exchange Online. We need the message reviewed. We have included the relevant details in the service request."
Fileservice,Hi support team. Please increase the approved storage quota for our department's network share. We are unable to save the project deliverables. The local contact is available during office hours.
Software,Hello team. The engineering application fails to activate even with the approved license details. Please check the activation service connection. The issue was first reported this morning.
Active Directory,Hi support team. Our contractor's directory account expired before their extended assignment finished. Please update the account expiry date. Please confirm which additional information you need.
Support general,Hi support team. Please help arrange accessibility support for using our IT services. I need an initial discussion to determine the right assistance. Please contact [NAME] if more details are needed.
EOL,Hello team. Please arrange approved disk sanitization for the retired server hardware. The data retention review has been completed. The request has been logged under [TICKET ID].
Software,Could someone help with this? Our time tracking app keeps logging me out while other services stay connected. Please investigate its session handling. We have included the relevant details in the service request.
Computer-Services,hi support team. the scanner feeder pulls several sheets at once. please service the document feeder. please let us know the next steps.
Support general,Please reopen ticket [TICKET ID] because the reported issue is still unresolved. The earlier closure was premature. A colleague can assist with the follow-up if I am unavailable.
Computer-Services,Hi support team. Please replace a damaged power adapter for my company laptop. The connector no longer fits securely. Please advise if this requires a scheduled support session.
EOL,"Hi, Please archive the required configuration records for [SERVER] before its approved disposal. The server will not return to service."
Computer-Services,"Hi, Several keys on my keyboard have stopped responding. I need a replacement keyboard or repair. We have included the relevant details in the service request."
O365,Hello team. Please grant approved access to the team SharePoint site. The request is for the Microsoft 365 document library. We can confirm the affected details when you contact us.
Computer-Services,the desktop reports a failing hard drive during startup. please arrange a device assessment and data protection steps.
O365,"could someone help with this? teams will not load my chats, but the rest of my internet connection works. please check my microsoft 365 service access. please keep the requester informed of progress."
Support general,Hello team. I accidentally entered my credentials on a suspicious website. Please escalate this to the security response team. The issue was first reported this morning.
Support general,Hi support team. The guest wireless network will not connect visitors at reception. Please have the network team investigate. Please include the resolution in the ticket notes.
Software,Hello team. The procurement application denies access to the purchasing module. My login succeeds and the application owner has approved the role. Please let us know the next steps.
Active Directory,"Hi, Please move the computer object for [DEVICE] to the approved organizational unit. It currently receives the wrong domain policies. Our team needs an update before the next shift."
Fileservice,"Hello team. This is a network file share problem, not OneDrive. The mapped drive opens but every save returns Access Denied. Please acknowledge receipt so we can track the request."
O365,Could someone help with this? Mail sent on behalf of the shared mailbox is rejected for insufficient permission. Please check the delegation settings. Please let us know the next steps.
Software,Could someone help with this? The approved text editor loses its settings after every restart. Please check the application profile. Please keep the requester informed of progress.
Computer-Services,Could someone help with this? The label printer cuts off the right side of each label. Please calibrate the printer and paper settings. I can provide additional details through the support portal.
Fileservice,Could someone help with this? We need the previous version of a spreadsheet saved on the departmental file server. The current version was overwritten. Please coordinate any appointment with the requester.
Computer-Services,Could someone help with this? My Bluetooth mouse disconnects from this laptop every few minutes. Please check the peripheral connection. I can provide additional details through the support portal.
Active Directory,Could someone help with this? Our approved delegated administrator cannot manage users in the assigned organizational unit. Please check the directory delegation. Please keep the requester informed of progress.
O365,Hi support team. Please remove a Microsoft 365 license that is no longer required. Keep the user's domain account active. The local contact is available during office hours.
Computer-Services,hello team. my bluetooth mouse disconnects from this laptop every few minutes. please check the peripheral connection. the requester is working from [LOCATION] today.
Computer-Services,Hello team. The printer queue is stuck on a job that cannot be cancelled. Please help restore printing on this workstation. Please let us know the next steps.
EOL,hello team. we need the hardware serial numbers recorded before collection of the retired servers. please coordinate the disposal handover. please coordinate any appointment with the requester.
O365,Could someone help with this? Please grant approved access to the team SharePoint site. The request is for the Microsoft 365 document library. This is affecting work at [LOCATION].
Computer-Services,Could someone help with this? Please set up a replacement desktop at the employee's desk. Their existing account and application access are ready. This is affecting work at [LOCATION].
Support general,could someone help with this? please change the urgency on ticket [TICKET ID] after reviewing the updated business impact. the incident now affects the whole location. i can provide additional details through the support portal.
Support general,Hi support team. Please update the contact person on my existing support ticket. The technical issue has not changed. The local contact is available during office hours.
Software,"Hi, Please install the approved PDF editor on my workstation. I need to edit and combine documents for my role. Please coordinate any appointment with the requester."
Computer-Services,Could someone help with this? The scanner produces a solid black page for every document. Please inspect the scanning hardware. Please acknowledge receipt so we can track the request.
Fileservice,I can sign into Windows but receive Access Denied when opening the department network share. Please check the folder permissions. Please acknowledge receipt so we can track the request.
Fileservice,"Hi, Please increase the approved storage quota for our department's network share. We are unable to save the project deliverables. We have included the relevant details in the service request."
Software,Could someone help with this? The business application freezes when importing a CSV file. The same file opens correctly in a text editor. We can confirm the affected details when you contact us.
Active Directory,Hello team. Please restore the accidentally disabled directory account for [USERNAME]. The account owner is still an active employee. The local contact is available during office hours.
Fileservice,"Hi, The shared drive is prompting for credentials repeatedly even though my domain login works. Please investigate authentication to the file server. We can confirm the affected details when you contact us."
O365,Hi support team. Please increase or archive my mailbox storage as appropriate. Outlook says the mailbox has reached its limit.
O365,Hi support team. The Teams channel files tab is blank even though the SharePoint library contains files. Please investigate the integration. The issue was first reported this morning.
EOL,Hi support team. Please remove the service discovery entries for a decommissioned host. Clients should use the replacement service. Please confirm which additional information you need.
Software,The CRM application gives an internal error when I save a customer record. Please investigate the application workflow. Please coordinate any appointment with the requester.
Active Directory,Hello team. Our contractor's directory account expired before their extended assignment finished. Please update the account expiry date. Please contact [NAME] if more details are needed.
Active Directory,Hello team. Please add [USERNAME] to the approved directory security group [GROUP]. This request is for group membership only. The issue was first reported this morning.
Fileservice,The file server backup restore completed but the recovered folder has incorrect permissions. Please restore the approved access settings. Please let us know the next steps.
Software,Could someone help with this? The development IDE cannot find its installed compiler. Please help configure the application toolchain.
O365,Hello team. My OneDrive folder shows a sync conflict for a document edited on two devices. Please help reconcile the copies. Please acknowledge receipt so we can track the request.
O365,Please configure an approved email alias for my existing mailbox. My primary address should stay unchanged. A colleague can assist with the follow-up if I am unavailable.
Computer-Services,"Hi, My laptop does not power on even with the charger connected. Please arrange a hardware check. Please confirm which additional information you need."
Support general,could someone help with this? please tell me which team owns the legacy internal service. we need to contact its support owner before making a change. please contact [NAME] if more details are needed.
Software,"hi, please install the approved compression utility for our archive workflow. we do not need changes to file share permissions. this is affecting work at [LOCATION]."
O365,hi support team. the teams channel files tab is blank even though the sharepoint library contains files. please investigate the integration.
Software,"Could someone help with this? The application license is valid, but the program closes immediately after launch. Please investigate the application crash. Please let us know the next steps."
Active Directory,Please audit the nested directory groups that give [USERNAME] administrative access. We need to verify the approved membership path. The local contact is available during office hours.
Computer-Services,Could someone help with this? My laptop does not power on even with the charger connected. Please arrange a hardware check. Please include the resolution in the ticket notes.
O365,The Outlook meeting room calendar shows conflicting bookings. Please investigate the room mailbox configuration. The request has been logged under [TICKET ID].
Fileservice,Hi support team. The file server reports that a document is locked by a user who is no longer connected. Please investigate the stale lock.
Active Directory,Could someone help with this? I changed my domain password and now Windows keeps rejecting it on the office network. Please check the account authentication state. Please keep the requester informed of progress.
Computer-Services,Hello team. The scanner produces a solid black page for every document. Please inspect the scanning hardware. Please coordinate any appointment with the requester.
Software,Hello team. My accounting application says its license has expired. Please check the application entitlement and renewal status. This is affecting work at [LOCATION].
O365,"Hi, Outlook keeps asking me to sign in even though my Windows login works. Please investigate the mailbox connection. Please let us know the next steps."
O365,Hi support team. Please recover a deleted file from our SharePoint document library. This file was never on the network drive. Please include the resolution in the ticket notes.
Software,"Hi, Please repair the installation of the approved diagramming tool. Its shortcut reports a missing executable. The issue was first reported this morning."
EOL,Hi support team. Please reclaim the server licenses that are no longer needed following decommissioning. The replacement licenses are managed separately. Please coordinate any appointment with the requester.
Support general,"Hi, Please help schedule an IT orientation session for new staff. This request is for guidance on the available services. Our team needs an update before the next shift."
Computer-Services,"Hi, My laptop hinge is broken and the screen will not stay upright. Please arrange a hardware repair. This is affecting work at [LOCATION]."
Active Directory,Hi support team. The directory group membership change is not taking effect for [USERNAME]. Please check replication between domain controllers. Please contact [NAME] if more details are needed.
Fileservice,Please create an archive folder on the file server with read-only access for the team. The active project folder should stay writable. Please contact [NAME] if more details are needed.
Active Directory,Hello team. Our approved delegated administrator cannot manage users in the assigned organizational unit. Please check the directory delegation.
Fileservice,I can read the shared folder but cannot delete files I created there. Please check the delete permission on the network share. The requester is working from [LOCATION] today.
Active Directory,Could someone help with this? Remove [USERNAME] from the old department's directory groups following their transfer. Keep their domain account active. Please include the resolution in the ticket notes.
Software,Could someone help with this? The browser extension required by our internal application will not install. Please check the approved extension deployment. The requester is working from [LOCATION] today.
EOL,We have moved the file shares to the replacement server. Please retire the old file server once the migration checks pass. I can provide additional details through the support portal.
O365,Hello team. My Outlook rules are moving important messages to the wrong folder. Please help review the mailbox rules. A colleague can assist with the follow-up if I am unavailable.
EOL,Could someone help with this? We have moved the file shares to the replacement server. Please retire the old file server once the migration checks pass. The issue was first reported this morning.
Fileservice,"Hi support team. The shared folder opens, but I cannot save changes to any files inside it. Please check my write permissions. I can provide additional details through the support portal."
Computer-Services,could someone help with this? my usb keyboard works on another computer but not this workstation. please inspect the usb ports and drivers. the request has been logged under [TICKET ID].
Computer-Services,"Hi support team. The PDF opens correctly, but the printer produces blank pages from every application. Please investigate the printing device. Please confirm which additional information you need."
O365,Please enable the online archive for my Exchange Online mailbox. The approved retention settings should remain in place. Please coordinate any appointment with the requester.
Active Directory,hello team. the surname on my directory profile is wrong after a name change. please update the display name and account details. please keep the requester informed of progress.
Support general,Hello team. I need to know the helpdesk opening hours and the process for urgent support. Please provide the correct contact details. The local contact is available during office hours.
Software,"hi, please configure the approved plugin for the design application. the main program is already installed and licensed. the local contact is available during office hours."
Computer-Services,Could someone help with this? My headset microphone is silent in every program. Please troubleshoot the audio device. We have included the relevant details in the service request.
O365,Hello team. The Outlook meeting room calendar shows conflicting bookings. Please investigate the room mailbox configuration. Please confirm which additional information you need.
Fileservice,could someone help with this? we need the previous version of a spreadsheet saved on the departmental file server. the current version was overwritten. the issue was first reported this morning.
EOL,our old virtual machine has been shut down permanently. please complete its approved removal from the virtualization platform. this is affecting work at [LOCATION].
Fileservice,"Hi, The shared drive has become very slow to list folders. Applications and local files open normally. Please contact [NAME] if more details are needed."
Support general,"hi, please direct me to the policy for using a personal device for work. i need the process before submitting a technical request. please coordinate any appointment with the requester."
Fileservice,Hi support team. Please map the existing team file share on my replacement workstation. My account already has approved access. Please coordinate any appointment with the requester.
Fileservice,Hello team. Please provide a list of who can access the restricted folder on the file server. We need to review its effective permissions. Please advise if this requires a scheduled support session.
Fileservice,Could someone help with this? Please restore a file from the network share backup to a separate recovery folder. Do not overwrite the current copy. Please coordinate any appointment with the requester.
Computer-Services,Hi support team. The printer is offline on every workstation but the office internet works. Please investigate the printer connection. Please let us know the next steps.
O365,Could someone help with this? Please configure an approved email alias for my existing mailbox. My primary address should stay unchanged. The local contact is available during office hours.
Active Directory,Hello team. My domain account locks again immediately after it is unlocked. Please check which device is submitting old credentials. The local contact is available during office hours.
Software,"Hello team. The application license is valid, but the program closes immediately after launch. Please investigate the application crash. The request has been logged under [TICKET ID]."
O365,Hi support team. The Outlook meeting room calendar shows conflicting bookings. Please investigate the room mailbox configuration. The issue was first reported this morning.
O365,hello team. outlook keeps asking me to sign in even though my windows login works. please investigate the mailbox connection.
O365,"Hi support team. Windows login and network shares work normally, but Outlook cannot open my mailbox. Please investigate the email service. The issue was first reported this morning."
EOL,Could someone help with this? Please remove the service discovery entries for a decommissioned host. Clients should use the replacement service. We can confirm the affected details when you contact us.
Active Directory,hello team. please join the replacement workstation [DEVICE] to our corporate domain. the device setup is otherwise complete. please advise if this requires a scheduled support session.
O365,"hi, messages sent to the team shared mailbox are not appearing in outlook. please check mail flow and mailbox permissions. our team needs an update before the next shift."
Active Directory,Could someone help with this? Please grant [USERNAME] membership in the approved remote access directory group. The VPN service itself is working. Please let us know the next steps.
Support general,Hi support team. The support portal shows my request as assigned to the wrong location. Please correct the routing information. The issue was first reported this morning.
Computer-Services,Hi support team. My docking station no longer detects either external monitor. The laptop screen still works normally. The issue was first reported this morning.
O365,Hi support team. I cannot see the shared calendar in Outlook anymore. Please check the calendar sharing permissions. Please contact [NAME] if more details are needed.
Computer-Services,Hi support team. My docking station no longer detects either external monitor. The laptop screen still works normally. A colleague can assist with the follow-up if I am unavailable.
Active Directory,Hello team. My domain account locks again immediately after it is unlocked. Please check which device is submitting old credentials. Please include the resolution in the ticket notes.
Software,"Could someone help with this? The application license is valid, but the program closes immediately after launch. Please investigate the application crash. I can provide additional details through the support portal."
Computer-Services,"Hi, Please replace a damaged power adapter for my company laptop. The connector no longer fits securely. Please confirm which additional information you need."
Support general,Hello team. The office internet connection is down for several people. Please investigate and route this to the appropriate network team. Please confirm which additional information you need.
Support general,Hi support team. Please provide an update on ticket [TICKET ID]. We have not received a response since the last handover. Please let us know the next steps.
Fileservice,"the shared folder opens, but i cannot save changes to any files inside it. please check my write permissions. this needs to be coordinated with our team lead."
Support general,"Hi, The phone menu sends callers to the wrong office. Please route the issue to the communications team. The request has been logged under [TICKET ID]."
EOL,Could someone help with this? The retired cluster node still appears in the management console. Please remove its stale registration after checking cluster membership. We can confirm the affected details when you contact us.
EOL,could someone help with this? please remove the old server from the disaster recovery plan after decommissioning. the replacement has already been added. i can provide additional details through the support portal.
O365,Hello team. Please change the external sharing settings for the approved SharePoint project site. The site owner has supplied the access requirements. The requester is working from [LOCATION] today.
O365,Hello team. Mail sent on behalf of the shared mailbox is rejected for insufficient permission. Please check the delegation settings. Please acknowledge receipt so we can track the request.
EOL,hi support team. we need a disposal record for a server that has reached the end of its service life. please coordinate the retirement paperwork. the issue was first reported this morning.
Support general,Could someone help with this? The phone menu sends callers to the wrong office. Please route the issue to the communications team. Please keep the requester informed of progress.
Software,"Hi, Please transfer the approved application license to my replacement workstation. The old installation is no longer used. Please coordinate any appointment with the requester."
Active Directory,Our new hire's domain account was created in the wrong organizational unit. Please move it before their first login. Please confirm which additional information you need.
Software,"Hi, Please configure the approved plugin for the design application. The main program is already installed and licensed. The issue was first reported this morning."
Computer-Services,My docking station no longer detects either external monitor. The laptop screen still works normally. Please coordinate any appointment with the requester.
Fileservice,Could someone help with this? Please correct the access list on a network folder after our team reorganization. The directory group memberships are already approved. The local contact is available during office hours.
Active Directory,Could someone help with this? Our approved service account needs its password rotated in the directory. Please coordinate the change with the application owner. Please include the resolution in the ticket notes.
Computer-Services,Could someone help with this? The operating system update left my laptop in a repeated recovery loop. Please help repair the workstation. This is affecting work at [LOCATION].
Fileservice,"Hello team. The shared folder opens, but I cannot save changes to any files inside it. Please check my write permissions. A colleague can assist with the follow-up if I am unavailable."
Software,The application update repeatedly asks for local administrator privileges. Please arrange the approved managed installation. Please acknowledge receipt so we can track the request.
Computer-Services,My desktop has become very slow and reports memory errors at startup. Please run hardware diagnostics. The request has been logged under [TICKET ID].
EOL,Could someone help with this? Please verify that the decommissioned host has no remaining public DNS entry. The replacement endpoint is already in service. Please let us know the next steps.
O365,could someone help with this? i cannot see the shared calendar in outlook anymore. please check the calendar sharing permissions. this is affecting work at [LOCATION].
Software,Could someone help with this? The application update repeatedly asks for local administrator privileges. Please arrange the approved managed installation. A colleague can assist with the follow-up if I am unavailable.
Software,Hello team. The approved CAD program crashes whenever I open a drawing. Other applications work normally. A colleague can assist with the follow-up if I am unavailable.
Support general,"Hi, I need assistance understanding the rejection of my service request. Please explain what information is missing. We can confirm the affected details when you contact us."
Fileservice,"Hi, Please correct the access list on a network folder after our team reorganization. The directory group memberships are already approved. Please coordinate any appointment with the requester."
Active Directory,The surname on my directory profile is wrong after a name change. Please update the display name and account details. The issue was first reported this morning.
Fileservice,hello team. the home folder quota warning remains after old files were removed. please check the file service quota calculation. please let us know the next steps.
Active Directory,Hello team. Please disable the domain account for [USERNAME]. Their employment has ended and the access removal is approved. The request has been logged under [TICKET ID].
EOL,Hi support team. Please confirm completion of the retirement change for [SERVER]. We still need evidence that monitoring and network cleanup are finished. This is affecting work at [LOCATION].
Active Directory,I changed my domain password and now Windows keeps rejecting it on the office network. Please check the account authentication state. A colleague can assist with the follow-up if I am unavailable.
O365,Hi support team. Please configure an approved email alias for my existing mailbox. My primary address should stay unchanged.
Computer-Services,"Hi, Please set up a replacement desktop at the employee's desk. Their existing account and application access are ready. The local contact is available during office hours."
EOL,Could someone help with this? Please review outstanding scheduled tasks before the legacy server is permanently shut down. This is part of its approved retirement. The issue was first reported this morning.
Computer-Services,Hi support team. Please arrange a loaner laptop while my damaged workstation is repaired. My existing user account can be reused. We can confirm the affected details when you contact us.
O365,outlook keeps asking me to sign in even though my windows login works. please investigate the mailbox connection. a colleague can assist with the follow-up if i am unavailable.
EOL,"Hi, Please close the configuration item for a decommissioned server in the service inventory. Keep the historical change records. This needs to be coordinated with our team lead."
Fileservice,Please provide a list of who can access the restricted folder on the file server. We need to review its effective permissions. Our team needs an update before the next shift.
Support general,Several staff cannot reach any internal websites while public internet access works. Please triage the network connectivity issue. Please advise if this requires a scheduled support session.
Active Directory,Hello team. The domain password policy rejects every new password I try. Please help confirm the required policy and restore access. The request has been logged under [TICKET ID].
EOL,Hi support team. We have moved the file shares to the replacement server. Please retire the old file server once the migration checks pass. Please coordinate any appointment with the requester.
Computer-Services,"Hi, The laptop cannot detect its built-in wireless adapter. Please check the device driver and hardware. This is affecting work at [LOCATION]."
O365,Hello team. Please change the owner of our Microsoft Teams team. The current owner has transferred to another department. We can confirm the affected details when you contact us.
Software,Hello team. Please repair the installation of the approved diagramming tool. Its shortcut reports a missing executable. The local contact is available during office hours.
Fileservice,"Hi, Please transfer ownership of the project folder on the file server. The current owner has moved to another team. The local contact is available during office hours."
Fileservice,please give the approved team edit access to the network folder. they currently have read-only permissions. please confirm which additional information you need.
O365,Hi support team. Please create a distribution list in Exchange Online with the approved members. We need it for team announcements. Please acknowledge receipt so we can track the request.
Computer-Services,Could someone help with this? The internal speakers crackle even when playing a local audio file. Please inspect the audio driver and hardware. The local contact is available during office hours.
Software,Hello team. Our reporting tool crashes when exporting a PDF. Please investigate the report application's error. The request has been logged under [TICKET ID].
Active Directory,Hello team. Please remove a former administrator's directory privileges while keeping their ordinary staff account. The role change is approved. Please contact [NAME] if more details are needed.
Software,The business application freezes when importing a CSV file. The same file opens correctly in a text editor. Please acknowledge receipt so we can track the request.
Support general,Hi support team. We found an unknown device connected to an office network socket. Please route this to security for investigation. A colleague can assist with the follow-up if I am unavailable.
O365,"Hi, Please check why mail from our approved sender is being quarantined in Exchange Online. We need the message reviewed. The request has been logged under [TICKET ID]."
Active Directory,"Hi, My domain account locks again immediately after it is unlocked. Please check which device is submitting old credentials. We can confirm the affected details when you contact us."
Support general,"Hi, Please tell me which team owns the legacy internal service. We need to contact its support owner before making a change. We have included the relevant details in the service request."
EOL,Hi support team. Please terminate the unused cloud instance after its retirement approval is confirmed. Its workload has been migrated. The request has been logged under [TICKET ID].
Computer-Services,Could someone help with this? Several keys on my keyboard have stopped responding. I need a replacement keyboard or repair. Please let us know the next steps.
Active Directory,Hi support team. Please update the employee's department and office attributes in the directory. Their login name should stay the same. Our team needs an update before the next shift.
Active Directory,Hello team. I changed my domain password and now Windows keeps rejecting it on the office network. Please check the account authentication state. I can provide additional details through the support portal.
Fileservice,Could someone help with this? Please give the approved team edit access to the network folder. They currently have read-only permissions. A colleague can assist with the follow-up if I am unavailable.
Active Directory,"Hi, Please re-enable the expired domain account for the returning contractor. The renewed assignment has been approved. The requester is working from [LOCATION] today."
O365,"Hi, Mail sent on behalf of the shared mailbox is rejected for insufficient permission. Please check the delegation settings. Please advise if this requires a scheduled support session."
Active Directory,Could someone help with this? Please remove an obsolete computer object from the directory after a workstation replacement. The replacement is already joined. A colleague can assist with the follow-up if I am unavailable.
Software,The engineering application fails to activate even with the approved license details. Please check the activation service connection. Please advise if this requires a scheduled support session.
Software,Our reporting tool crashes when exporting a PDF. Please investigate the report application's error. Please include the resolution in the ticket notes.
Fileservice,Please correct the access list on a network folder after our team reorganization. The directory group memberships are already approved. This needs to be coordinated with our team lead.
Active Directory,hello team. please move the computer object for [DEVICE] to the approved organizational unit. it currently receives the wrong domain policies. i can provide additional details through the support portal.
Fileservice,"Hi, Please remove a former team member's access to the project file share. Their domain account should remain active. We can confirm the affected details when you contact us."
Active Directory,Please create a directory security group with [NAME] as the designated owner. Membership will be requested separately.
Computer-Services,The scanner is not listed among the devices on my computer. Please install its approved driver. The local contact is available during office hours.
Fileservice,Hi support team. Please correct the access list on a network folder after our team reorganization. The directory group memberships are already approved. Please let us know the next steps.
Software,Hi support team. Please update the approved web browser on this workstation. The business application no longer supports the installed version. The issue was first reported this morning.
EOL,Hi support team. We need the hardware serial numbers recorded before collection of the retired servers. Please coordinate the disposal handover. The local contact is available during office hours.
Software,"Hi, Please update the approved web browser on this workstation. The business application no longer supports the installed version. Please contact [NAME] if more details are needed."
Active Directory,The directory group membership change is not taking effect for [USERNAME]. Please check replication between domain controllers. We have included the relevant details in the service request.
O365,The Outlook meeting room calendar shows conflicting bookings. Please investigate the room mailbox configuration. We have included the relevant details in the service request.
Software,Could someone help with this? Please enable my approved role in the expense management application. I can sign in but cannot submit reports. The issue was first reported this morning.
EOL,Hello team. The migration is complete and the old monitoring appliance is no longer required. Please initiate the retirement workflow. The local contact is available during office hours.
Computer-Services,hello team. please reinstall the operating system on the approved replacement workstation. the required files have been backed up. please let us know the next steps.
Computer-Services,Hello team. Please install the approved driver for the new office printer. The printer is already connected to the network. Please include the resolution in the ticket notes.
Software,Could someone help with this? The development IDE cannot find its installed compiler. Please help configure the application toolchain. This needs to be coordinated with our team lead.
Software,The inventory application opens a blank window after its latest update. Please investigate the application startup failure. Please confirm which additional information you need.
Computer-Services,"The PDF opens correctly, but the printer produces blank pages from every application. Please investigate the printing device. The requester is working from [LOCATION] today."
Software,Hi support team. Please transfer the approved application license to my replacement workstation. The old installation is no longer used. A colleague can assist with the follow-up if I am unavailable.
Fileservice,Hi support team. Please restore a file from the network share backup to a separate recovery folder. Do not overwrite the current copy. The issue was first reported this morning.
Software,Could someone help with this? Please enable my approved role in the expense management application. I can sign in but cannot submit reports.
Support general,could someone help with this? i need assistance understanding the rejection of my service request. please explain what information is missing. please let us know the next steps.
Software,"Hi, Please install the approved compression utility for our archive workflow. We do not need changes to file share permissions. Please acknowledge receipt so we can track the request."
EOL,Please arrange approved disk sanitization for the retired server hardware. The data retention review has been completed. Please let us know the next steps.
Software,"Hi, The scheduling application stopped launching after its update. Please review the update or restore the approved working version. The request has been logged under [TICKET ID]."
Active Directory,Hi support team. Please remove a former administrator's directory privileges while keeping their ordinary staff account. The role change is approved. Please acknowledge receipt so we can track the request.
Computer-Services,Could someone help with this? My external monitor says no signal while the laptop is docked. The monitor works when connected directly. The local contact is available during office hours.
EOL,Hello team. Our old virtual machine has been shut down permanently. Please complete its approved removal from the virtualization platform. I can provide additional details through the support portal.
Active Directory,"Hi, Please join the replacement workstation [DEVICE] to our corporate domain. The device setup is otherwise complete. Please confirm which additional information you need."
EOL,Hello team. Please confirm completion of the retirement change for [SERVER]. We still need evidence that monitoring and network cleanup are finished. We have included the relevant details in the service request.
EOL,Hello team. We need a disposal record for a server that has reached the end of its service life. Please coordinate the retirement paperwork. Please include the resolution in the ticket notes.
Software,Could someone help with this? The software deployment portal reports that the requested application installation failed. Please check the deployment package.
EOL,"hi, we have moved the file shares to the replacement server. please retire the old file server once the migration checks pass. this is affecting work at [LOCATION]."
O365,Hello team. The Teams desktop app is stuck on the loading screen while the web version works. Please help repair the Teams client. Please coordinate any appointment with the requester.
Software,Hello team. The software deployment portal reports that the requested application installation failed. Please check the deployment package. Our team needs an update before the next shift.
EOL,Hello team. Please coordinate secure collection of the server hardware being retired from the branch office. The disposal request is approved.
Active Directory,Could someone help with this? The domain controller cannot find the new computer account during the join process. Please check the directory object. Please keep the requester informed of progress.
O365,"Hi, My OneDrive folder shows a sync conflict for a document edited on two devices. Please help reconcile the copies. Please contact [NAME] if more details are needed."
EOL,"Hi, Please remove the old server from the disaster recovery plan after decommissioning. The replacement has already been added. Please include the resolution in the ticket notes."
Support general,Hello team. I need to know the helpdesk opening hours and the process for urgent support. Please provide the correct contact details. A colleague can assist with the follow-up if I am unavailable.
O365,"hi, i can open outlook on the web but the desktop client will not connect. please troubleshoot the outlook profile. the local contact is available during office hours."
Support general,"Hi, The building has lost power and several IT services have stopped. Please coordinate the incident with the appropriate teams. We have included the relevant details in the service request."
Active Directory,Hi support team. The temporary domain password for our new starter is rejected at first login. Please check the account setup. This needs to be coordinated with our team lead.
Computer-Services,The laptop fan runs at full speed and the machine shuts down from heat. Please inspect the cooling system. Please coordinate any appointment with the requester.
Computer-Services,"Hi, My USB keyboard works on another computer but not this workstation. Please inspect the USB ports and drivers. Please keep the requester informed of progress."
Support general,"Hi, Please change the urgency on ticket [TICKET ID] after reviewing the updated business impact. The incident now affects the whole location. Please confirm which additional information you need."
Software,Could someone help with this? Adobe Acrobat fails to install with error 1603. Please investigate the application installer. Our team needs an update before the next shift.
Support general,Hello team. The building has lost power and several IT services have stopped. Please coordinate the incident with the appropriate teams.
Active Directory,Please grant [USERNAME] membership in the approved remote access directory group. The VPN service itself is working. Please advise if this requires a scheduled support session.
Software,"Hi, Please repair the installation of the approved diagramming tool. Its shortcut reports a missing executable."
Fileservice,Hello team. Please restore a folder that was removed from the archive share. We can provide its original path and deletion time. Please contact [NAME] if more details are needed.
Active Directory,hello team. the directory group membership change is not taking effect for [USERNAME]. please check replication between domain controllers. a colleague can assist with the follow-up if i am unavailable.
Fileservice,Hello team. Please increase the approved storage quota for our department's network share. We are unable to save the project deliverables. The issue was first reported this morning.
Active Directory,Hi support team. The directory group membership change is not taking effect for [USERNAME]. Please check replication between domain controllers. This needs to be coordinated with our team lead.
Active Directory,Could someone help with this? The directory group membership change is not taking effect for [USERNAME]. Please check replication between domain controllers. The issue was first reported this morning.
Fileservice,"Could someone help with this? The shared folder opens, but I cannot save changes to any files inside it. Please check my write permissions. Please confirm which additional information you need."
Software,Hello team. The browser extension required by our internal application will not install. Please check the approved extension deployment.
Active Directory,Please change the logon name for [USERNAME] to match the approved naming standard. Preserve the existing account memberships.
Support general,The corporate web page is blocked by the network filtering service. Please route an approved access review to the appropriate team. I can provide additional details through the support portal.
Support general,Could someone help with this? I have a general IT question about requesting support during travel. Please explain the approved contact and escalation process. We have included the relevant details in the service request.
Computer-Services,The printer is offline on every workstation but the office internet works. Please investigate the printer connection. Please contact [NAME] if more details are needed.
Fileservice,Hello team. Please transfer ownership of the project folder on the file server. The current owner has moved to another team. A colleague can assist with the follow-up if I am unavailable.
Support general,"Hi, Our branch connection becomes unstable during the afternoon. Please arrange a network investigation. This needs to be coordinated with our team lead."
Fileservice,Hello team. Please remove a former team member's access to the project file share. Their domain account should remain active. The request has been logged under [TICKET ID].
Active Directory,"Hello team. I can log into Windows, but my directory account still lists the wrong manager. Please correct the manager attribute. A colleague can assist with the follow-up if I am unavailable."
Support general,Hello team. Several unrelated systems are unavailable at our location. Please coordinate an initial outage investigation. Please coordinate any appointment with the requester.
Support general,Hello team. Please update the contact person on my existing support ticket. The technical issue has not changed. We can confirm the affected details when you contact us.
Support general,several unrelated systems are unavailable at our location. please coordinate an initial outage investigation. we have included the relevant details in the service request.
Computer-Services,The internal speakers crackle even when playing a local audio file. Please inspect the audio driver and hardware. Please confirm which additional information you need.
Software,Hi support team. Please install the approved compression utility for our archive workflow. We do not need changes to file share permissions.
Support general,Could someone help with this? A visitor needs guidance on how to request temporary internet access. Please direct them to the correct process. Please include the resolution in the ticket notes.
O365,Could someone help with this? Please recover a deleted file from our SharePoint document library. This file was never on the network drive. Our team needs an update before the next shift.
O365,"Hi support team. Teams will not load my chats, but the rest of my internet connection works. Please check my Microsoft 365 service access. Please let us know the next steps."
Fileservice,Hello team. We need the previous version of a spreadsheet saved on the departmental file server. The current version was overwritten.
Software,Please install the approved compression utility for our archive workflow. We do not need changes to file share permissions. The request has been logged under [TICKET ID].
Software,"The application license is valid, but the program closes immediately after launch. Please investigate the application crash. Please advise if this requires a scheduled support session."
O365,Hi support team. OneDrive has stopped synchronizing the documents in my work account. The files are still present locally. This needs to be coordinated with our team lead.
Computer-Services,The internal speakers crackle even when playing a local audio file. Please inspect the audio driver and hardware. Please include the resolution in the ticket notes.
Software,Could someone help with this? Please configure the approved ODBC connection for the reporting application. The database access request has already been granted. Please let us know the next steps.
Active Directory,"hi, the directory group membership change is not taking effect for [USERNAME]. please check replication between domain controllers."
EOL,"Hi, Please release the reserved IP address for [SERVER] after its approved retirement. Confirm the address is no longer in use first."
Fileservice,Please restore a file from the network share backup to a separate recovery folder. Do not overwrite the current copy. A colleague can assist with the follow-up if I am unavailable.
Fileservice,Hello team. Please remove a former team member's access to the project file share. Their domain account should remain active. We have included the relevant details in the service request.
Active Directory,"Hi, Please remove a former administrator's directory privileges while keeping their ordinary staff account. The role change is approved. The local contact is available during office hours."
Computer-Services,Hi support team. Please reinstall the operating system on the approved replacement workstation. The required files have been backed up. I can provide additional details through the support portal.
Fileservice,The file server rejects a folder rename even though I own the contents. Please check the share permissions and open handles. The local contact is available during office hours.
Software,Hi support team. Please reset my password in the standalone vendor application. This account is separate from my corporate directory login. I can provide additional details through the support portal.
Software,"The application license is valid, but the program closes immediately after launch. Please investigate the application crash. This is affecting work at [LOCATION]."
EOL,"Hi, Please schedule permanent shutdown of the unused test environment. Its owner has approved retirement of the servers. Our team needs an update before the next shift."
O365,Hi support team. Please update the email forwarding configuration on the approved shared mailbox. The mailbox owner has authorized the change. Please include the resolution in the ticket notes.
Active Directory,"hi, our approved delegated administrator cannot manage users in the assigned organizational unit. please check the directory delegation. this needs to be coordinated with our team lead."
Active Directory,"Hi, Please re-enable the expired domain account for the returning contractor. The renewed assignment has been approved."
EOL,Could someone help with this? Please remove the load balancer entry for a retired backend server. It should no longer receive health checks or traffic. This needs to be coordinated with our team lead.
Software,Please uninstall an obsolete third-party application from my workstation. It is no longer required for my work.
Active Directory,Could someone help with this? Please remove an obsolete computer object from the directory after a workstation replacement. The replacement is already joined. Please contact [NAME] if more details are needed.
Software,hi support team. the crm application gives an internal error when i save a customer record. please investigate the application workflow. this needs to be coordinated with our team lead.
Fileservice,Hi support team. Copying large files to the network share fails halfway through. Local copies on my laptop complete successfully. I can provide additional details through the support portal.
Support general,Hello team. The office internet connection is down for several people. Please investigate and route this to the appropriate network team. The requester is working from [LOCATION] today.
O365,"Hi, The Teams channel files tab is blank even though the SharePoint library contains files. Please investigate the integration. Please coordinate any appointment with the requester."
Active Directory,The temporary domain password for our new starter is rejected at first login. Please check the account setup. Please let us know the next steps.
Computer-Services,Hello team. The laptop screen has vertical lines before Windows loads. Please check the display hardware. The issue was first reported this morning.
Support general,A company device has been reported missing. Please coordinate the lost asset response with the appropriate teams. This is affecting work at [LOCATION].
Software,Could someone help with this? Please provide the approved version of the terminal client. I need it to connect to our development servers. Please keep the requester informed of progress.
Fileservice,"Hi, Please create an archive folder on the file server with read-only access for the team. The active project folder should stay writable. This needs to be coordinated with our team lead."
Software,Hello team. The CRM application gives an internal error when I save a customer record. Please investigate the application workflow. Please contact [NAME] if more details are needed.
Software,Hello team. Adobe Acrobat fails to install with error 1603. Please investigate the application installer. The local contact is available during office hours.
Fileservice,"hi, please move the project directory to the new file server while preserving its access permissions. we need a coordinated migration window. please acknowledge receipt so we can track the request."
EOL,hello team. please update the asset register to show that [SERVER] has been decommissioned. the retirement work is complete. please acknowledge receipt so we can track the request.
Active Directory,Could someone help with this? The account unlock portal says my corporate username does not exist. Please check my directory record. The request has been logged under [TICKET ID].
Software,Hello team. Please grant approved access to the project management application. My corporate login already works. Please confirm which additional information you need.
Computer-Services,"Hi, The webcam is not detected by any application. Please check the camera hardware and driver."
EOL,Hello team. Please close the configuration item for a decommissioned server in the service inventory. Keep the historical change records. Please include the resolution in the ticket notes.
Computer-Services,please configure duplex printing on the new multifunction printer. single-sided printing already works. i can provide additional details through the support portal.
Fileservice,hi support team. please create an archive folder on the file server with read-only access for the team. the active project folder should stay writable.
O365,External attendees cannot join our Teams meeting. Please check the meeting's guest access settings. The local contact is available during office hours.
O365,Could someone help with this? Please change the external sharing settings for the approved SharePoint project site. The site owner has supplied the access requirements. Please acknowledge receipt so we can track the request.
EOL,Hi support team. The legacy mail server is being permanently retired after migration. Please complete the server decommissioning work. Please contact [NAME] if more details are needed.
Computer-Services,my external monitor says no signal while the laptop is docked. the monitor works when connected directly. the request has been logged under [TICKET ID].
Fileservice,"Hi, Please map the existing team file share on my replacement workstation. My account already has approved access. I can provide additional details through the support portal."
Active Directory,Hi support team. Please update the employee's department and office attributes in the directory. Their login name should stay the same. I can provide additional details through the support portal.
Computer-Services,Could someone help with this? My external monitor says no signal while the laptop is docked. The monitor works when connected directly. Please contact [NAME] if more details are needed.
Fileservice,"Hi, Please correct the access list on a network folder after our team reorganization. The directory group memberships are already approved. The issue was first reported this morning."
Software,hi support team. the browser extension required by our internal application will not install. please check the approved extension deployment. please confirm which additional information you need.
Software,Please provide the approved version of the terminal client. I need it to connect to our development servers. Please advise if this requires a scheduled support session.
Fileservice,Hi support team. I accidentally deleted a document from the shared drive. Please check whether it can be restored from the file server backup. Our team needs an update before the next shift.
Software,Our reporting tool crashes when exporting a PDF. Please investigate the report application's error. This is affecting work at [LOCATION].
Active Directory,could someone help with this? please create a directory security group with [NAME] as the designated owner. membership will be requested separately. this is affecting work at [LOCATION].
Fileservice,Could someone help with this? The file server rejects a folder rename even though I own the contents. Please check the share permissions and open handles. Please coordinate any appointment with the requester.
O365,Hello team. Please change the external sharing settings for the approved SharePoint project site. The site owner has supplied the access requirements. The request has been logged under [TICKET ID].
Support general,"Hi, The phone menu sends callers to the wrong office. Please route the issue to the communications team. Please include the resolution in the ticket notes."
O365,Could someone help with this? Our Microsoft 365 account asks for multifactor authentication on a phone I no longer have. Please help reset the registered method. The request has been logged under [TICKET ID].
Computer-Services,"Hello team. The PDF opens correctly, but the printer produces blank pages from every application. Please investigate the printing device. Please advise if this requires a scheduled support session."
Software,Hi support team. Please repair the installation of the approved diagramming tool. Its shortcut reports a missing executable. Please contact [NAME] if more details are needed.
O365,"hi, the out-of-office reply does not activate in exchange online. please check the mailbox automatic reply settings. this is affecting work at [LOCATION]."
Active Directory,Our new hire's domain account was created in the wrong organizational unit. Please move it before their first login. Please let us know the next steps.
EOL,Could someone help with this? Please unregister the retired server from the patch management platform. It has been permanently removed from service. Please include the resolution in the ticket notes.
Fileservice,"Hi support team. The shared folder opens, but I cannot save changes to any files inside it. Please check my write permissions. We have included the relevant details in the service request."
Computer-Services,Hello team. The desktop reports a failing hard drive during startup. Please arrange a device assessment and data protection steps. The requester is working from [LOCATION] today.
Computer-Services,Hello team. My monitor flickers even when a different cable is used. Please check whether the display needs replacing. The local contact is available during office hours.
EOL,Hello team. Please remove the old server from the disaster recovery plan after decommissioning. The replacement has already been added. A colleague can assist with the follow-up if I am unavailable.
EOL,Hi support team. The retired cluster node still appears in the management console. Please remove its stale registration after checking cluster membership.
EOL,"Hi, The old print server has no remaining queues or clients. Please complete its scheduled decommissioning. The issue was first reported this morning."
Computer-Services,The printer produces faded pages even after a toner replacement. Please check the printer components. Please coordinate any appointment with the requester.
EOL,Could someone help with this? Our old virtual machine has been shut down permanently. Please complete its approved removal from the virtualization platform. Please contact [NAME] if more details are needed.
O365,Hi support team. Teams does not show my updated display name even though the directory is correct. Please check the Microsoft 365 profile synchronization. Please acknowledge receipt so we can track the request.
Computer-Services,Could someone help with this? My laptop hinge is broken and the screen will not stay upright. Please arrange a hardware repair. Please contact [NAME] if more details are needed.
EOL,please terminate the unused cloud instance after its retirement approval is confirmed. its workload has been migrated. we can confirm the affected details when you contact us.
O365,Hi support team. Please grant approved access to the team SharePoint site. The request is for the Microsoft 365 document library. A colleague can assist with the follow-up if I am unavailable.
Fileservice,Hello team. The DFS path opens an outdated copy of our shared folder. Please check the file service referral and replication. The issue was first reported this morning.
Support general,Hello team. Several unrelated systems are unavailable at our location. Please coordinate an initial outage investigation. Our team needs an update before the next shift.
Fileservice,Please create an archive folder on the file server with read-only access for the team. The active project folder should stay writable. A colleague can assist with the follow-up if I am unavailable.
Software,Hi support team. Please configure the approved plugin for the design application. The main program is already installed and licensed. Our team needs an update before the next shift.
Support general,Hi support team. Please help arrange accessibility support for using our IT services. I need an initial discussion to determine the right assistance. The requester is working from [LOCATION] today.
Software,Our reporting tool crashes when exporting a PDF. Please investigate the report application's error. We can confirm the affected details when you contact us.
Computer-Services,Could someone help with this? The printer queue is stuck on a job that cannot be cancelled. Please help restore printing on this workstation. We can confirm the affected details when you contact us.
Fileservice,"Hi, The department file share is full and refuses new uploads. Please review the share quota and available capacity. I can provide additional details through the support portal."
Fileservice,could someone help with this? please increase the approved storage quota for our department's network share. we are unable to save the project deliverables. please contact [NAME] if more details are needed.
Fileservice,Could someone help with this? Please enable the approved team to create subfolders on the shared drive. They can currently read files but cannot create directories. Please let us know the next steps.
EOL,Hello team. The retired server still appears in Nexthink. Please remove its inventory entry as part of decommissioning. The local contact is available during office hours.
EOL,Hello team. The retired server still triggers availability alerts. Please remove its monitoring checks as part of the closure process. This needs to be coordinated with our team lead.
Support general,"Hi, I need to know the helpdesk opening hours and the process for urgent support. Please provide the correct contact details. The issue was first reported this morning."
Fileservice,Hello team. Please transfer ownership of the project folder on the file server. The current owner has moved to another team. Please let us know the next steps.
Active Directory,Hello team. The surname on my directory profile is wrong after a name change. Please update the display name and account details. I can provide additional details through the support portal.
Computer-Services,"Hi, The laptop cannot detect its built-in wireless adapter. Please check the device driver and hardware. Our team needs an update before the next shift."
Support general,Please provide the current status of the announced service interruption. We need to know which teams are investigating. Our team needs an update before the next shift.
Active Directory,"Hi, Our contractor's directory account expired before their extended assignment finished. Please update the account expiry date. The local contact is available during office hours."
Active Directory,Hi support team. Please change the logon name for [USERNAME] to match the approved naming standard. Preserve the existing account memberships. Please confirm which additional information you need.
Software,could someone help with this? please install the approved pdf editor on my workstation. i need to edit and combine documents for my role. the requester is working from [LOCATION] today.
Software,The business application freezes when importing a CSV file. The same file opens correctly in a text editor. Please keep the requester informed of progress.
Support general,"Hi, I accidentally entered my credentials on a suspicious website. Please escalate this to the security response team. Please coordinate any appointment with the requester."
Computer-Services,the touchscreen registers touches in the wrong position. please calibrate or repair the display. we have included the relevant details in the service request.
Software,Hello team. Please enable my approved role in the expense management application. I can sign in but cannot submit reports. Please confirm which additional information you need.
Computer-Services,Hello team. The desktop is stuck at the manufacturer logo and never reaches Windows. Please diagnose the boot failure. This needs to be coordinated with our team lead.
Software,Please package the approved utility for installation through the software portal. The business owner has approved its use. The request has been logged under [TICKET ID].
Computer-Services,hi support team. please replace a damaged power adapter for my company laptop. the connector no longer fits securely. the local contact is available during office hours.
O365,Hi support team. Please configure an approved email alias for my existing mailbox. My primary address should stay unchanged. This is affecting work at [LOCATION].
Software,The document conversion tool creates damaged output files. Please check the application's configuration and version. The request has been logged under [TICKET ID].
Computer-Services,"Hi, My USB keyboard works on another computer but not this workstation. Please inspect the USB ports and drivers. Please confirm which additional information you need."
Support general,"Hi, I am not sure which team handles this issue and need help opening the correct request. Please advise where to start. Please include the resolution in the ticket notes."
Active Directory,Hello team. Please update the employee's department and office attributes in the directory. Their login name should stay the same. The request has been logged under [TICKET ID].
Fileservice,the home folder quota warning remains after old files were removed. please check the file service quota calculation. please coordinate any appointment with the requester.
Computer-Services,"The PDF opens correctly, but the printer produces blank pages from every application. Please investigate the printing device."
O365,Could someone help with this? Please create a distribution list in Exchange Online with the approved members. We need it for team announcements. The request has been logged under [TICKET ID].
EOL,Could someone help with this? The retired host still has an active certificate renewal job. Please close the renewal task as part of the retirement cleanup. I can provide additional details through the support portal.
O365,Hello team. Messages sent to the team shared mailbox are not appearing in Outlook. Please check mail flow and mailbox permissions. I can provide additional details through the support portal.
Support general,Hello team. Please coordinate a planned office shutdown with the relevant IT teams. Several services need to be included in the schedule. Please contact [NAME] if more details are needed.
Software,Please repair the installation of the approved diagramming tool. Its shortcut reports a missing executable. I can provide additional details through the support portal.
Fileservice,"Hi, The DFS path opens an outdated copy of our shared folder. Please check the file service referral and replication. Please contact [NAME] if more details are needed."
Support general,Hello team. Our branch connection becomes unstable during the afternoon. Please arrange a network investigation.
Software,"Hi, The engineering application fails to activate even with the approved license details. Please check the activation service connection. Please confirm which additional information you need."
Active Directory,Hi support team. Please remove a former administrator's directory privileges while keeping their ordinary staff account. The role change is approved. This needs to be coordinated with our team lead.
Software,Hello team. Please install the approved database driver required by the analytics application. The workstation itself is working normally. A colleague can assist with the follow-up if I am unavailable.
Active Directory,hi support team. please investigate an unexpected change to a privileged directory group. we need the membership history and current access reviewed. the request has been logged under [TICKET ID].
Software,Hi support team. The approved text editor loses its settings after every restart. Please check the application profile. The requester is working from [LOCATION] today.
Support general,Hi support team. Please provide the current status of the announced service interruption. We need to know which teams are investigating. A colleague can assist with the follow-up if I am unavailable.
Fileservice,We need the previous version of a spreadsheet saved on the departmental file server. The current version was overwritten. I can provide additional details through the support portal.
EOL,"Hi, Please begin the approved retirement of [SERVER]. The replacement service is live and the old machine is no longer needed. This needs to be coordinated with our team lead."
O365,Hi support team. Please add an approved delegate to my Outlook calendar. They need to schedule meetings on my behalf. This needs to be coordinated with our team lead.
Active Directory,Could someone help with this? Our approved delegated administrator cannot manage users in the assigned organizational unit. Please check the directory delegation. We have included the relevant details in the service request.
Support general,Hello team. Please update the contact person on my existing support ticket. The technical issue has not changed. Please coordinate any appointment with the requester.
EOL,Hello team. The retired server is still listed in the vulnerability scanner. Please remove the obsolete target from the scanning inventory. The request has been logged under [TICKET ID].
Software,Hello team. The licensed statistics package reports that no seats are available. Please check the application license server.
Fileservice,Could someone help with this? A confidential folder is visible to people outside the approved team. Please review the file share permissions. Please confirm which additional information you need.
O365,Hi support team. The SharePoint document library says I do not have permission to upload. I can still read its existing documents. Please let us know the next steps.
O365,Could someone help with this? OneDrive says an item cannot sync because its path is too long. Please help resolve the Microsoft 365 sync error. We can confirm the affected details when you contact us.
Active Directory,Hello team. Windows says my account is restricted to different logon hours. Please check the schedule configured in the directory. The requester is working from [LOCATION] today.
Software,Could someone help with this? The approved text editor loses its settings after every restart. Please check the application profile. Our team needs an update before the next shift.
Active Directory,"Hi, Please grant [USERNAME] membership in the approved remote access directory group. The VPN service itself is working. Please confirm which additional information you need."
O365,hello team. please check why mail from our approved sender is being quarantined in exchange online. we need the message reviewed. this is affecting work at [LOCATION].
Support general,"Hi, The phone menu sends callers to the wrong office. Please route the issue to the communications team. Please let us know the next steps."
EOL,Could someone help with this? Please reclaim the server licenses that are no longer needed following decommissioning. The replacement licenses are managed separately. We can confirm the affected details when you contact us.
Computer-Services,Could someone help with this? Please reinstall the operating system on the approved replacement workstation. The required files have been backed up.
Support general,Hi support team. Please provide an update on ticket [TICKET ID]. We have not received a response since the last handover. The issue was first reported this morning.
Support general,Hi support team. We suspect a network outage because phones and computers lost connectivity together. Please coordinate initial triage. The requester is working from [LOCATION] today.
Computer-Services,hi support team. the scanner produces a solid black page for every document. please inspect the scanning hardware. a colleague can assist with the follow-up if i am unavailable.
Fileservice,Hi support team. Please check why the replicated shared folder has different contents at the two offices. The missing files were saved yesterday. Please advise if this requires a scheduled support session.
Software,"Hi, Please uninstall an obsolete third-party application from my workstation. It is no longer required for my work. We can confirm the affected details when you contact us."
O365,Could someone help with this? My OneDrive folder shows a sync conflict for a document edited on two devices. Please help reconcile the copies. This needs to be coordinated with our team lead.
Fileservice,"Hi, The network drive shows a red cross and will not reconnect. Other office services are working."
Computer-Services,"Could someone help with this? The PDF opens correctly, but the printer produces blank pages from every application. Please investigate the printing device. This needs to be coordinated with our team lead."
Fileservice,"Hi, The home folder quota warning remains after old files were removed. Please check the file service quota calculation. A colleague can assist with the follow-up if I am unavailable."
Computer-Services,Could someone help with this? The webcam is not detected by any application. Please check the camera hardware and driver. We can confirm the affected details when you contact us.
Support general,"Hi, The support portal shows my request as assigned to the wrong location. Please correct the routing information. A colleague can assist with the follow-up if I am unavailable."
Active Directory,Hi support team. The new starter can sign into email but has no Windows domain account. Please finish the directory provisioning. Our team needs an update before the next shift.
Software,could someone help with this? the application update repeatedly asks for local administrator privileges. please arrange the approved managed installation. please coordinate any appointment with the requester.
Computer-Services,Hi support team. The laptop fan runs at full speed and the machine shuts down from heat. Please inspect the cooling system. The issue was first reported this morning.
Active Directory,Hello team. The directory group membership change is not taking effect for [USERNAME]. Please check replication between domain controllers. Please include the resolution in the ticket notes.
EOL,"Hi, The retired server still triggers availability alerts. Please remove its monitoring checks as part of the closure process. Please confirm which additional information you need."
EOL,Hello team. The legacy mail server is being permanently retired after migration. Please complete the server decommissioning work. The issue was first reported this morning.
EOL,Please schedule permanent shutdown of the unused test environment. Its owner has approved retirement of the servers. Please include the resolution in the ticket notes.
Support general,"Hi, Please update the contact person on my existing support ticket. The technical issue has not changed. Our team needs an update before the next shift."
O365,Could someone help with this? Please check why mail from our approved sender is being quarantined in Exchange Online. We need the message reviewed. Please advise if this requires a scheduled support session.
O365,"Hi, Please update the email forwarding configuration on the approved shared mailbox. The mailbox owner has authorized the change. Please acknowledge receipt so we can track the request."
Computer-Services,Hello team. Please install the approved driver for the new office printer. The printer is already connected to the network. The local contact is available during office hours.
Software,Hello team. The licensed statistics package reports that no seats are available. Please check the application license server. This is affecting work at [LOCATION].
O365,"please update the members of our email distribution group. this is an email list change, not a directory login issue."
Computer-Services,"Hi, My laptop hinge is broken and the screen will not stay upright. Please arrange a hardware repair. Please keep the requester informed of progress."
O365,"Hi, Please restore an item deleted from my Exchange Online mailbox. It is no longer in the Deleted Items folder. Please keep the requester informed of progress."
Fileservice,Hi support team. The file server refuses a filename that worked on my local computer. Please help identify the supported path and naming limits. The request has been logged under [TICKET ID].
Fileservice,please create an archive folder on the file server with read-only access for the team. the active project folder should stay writable. i can provide additional details through the support portal.
Computer-Services,Hi support team. The webcam is not detected by any application. Please check the camera hardware and driver. The local contact is available during office hours.
EOL,"Hi, We need confirmation that no clients still connect to the host marked for retirement. Please complete this decommissioning prerequisite. The requester is working from [LOCATION] today."
Support general,Hello team. The guest wireless network will not connect visitors at reception. Please have the network team investigate. The issue was first reported this morning.
Active Directory,"Could someone help with this? I can log into Windows, but my directory account still lists the wrong manager. Please correct the manager attribute. Please coordinate any appointment with the requester."
O365,The Teams desktop app is stuck on the loading screen while the web version works. Please help repair the Teams client. A colleague can assist with the follow-up if I am unavailable.
O365,Hi support team. My Outlook rules are moving important messages to the wrong folder. Please help review the mailbox rules. This needs to be coordinated with our team lead.
Computer-Services,Hello team. The laptop screen has vertical lines before Windows loads. Please check the display hardware. A colleague can assist with the follow-up if I am unavailable.
Support general,"Hi, The building has lost power and several IT services have stopped. Please coordinate the incident with the appropriate teams. Please keep the requester informed of progress."
Software,"Hi, My accounting application says its license has expired. Please check the application entitlement and renewal status."
Software,Could someone help with this? Please grant approved access to the project management application. My corporate login already works. The issue was first reported this morning.
Fileservice,The file server reports that a document is locked by a user who is no longer connected. Please investigate the stale lock. The local contact is available during office hours.
Fileservice,"hi, the file server rejects a folder rename even though i own the contents. please check the share permissions and open handles. please contact [NAME] if more details are needed."
EOL,Hello team. The old development server has been replaced. Please remove its obsolete network reservations during the retirement work. We can confirm the affected details when you contact us.
Software,could someone help with this? the development ide cannot find its installed compiler. please help configure the application toolchain. please advise if this requires a scheduled support session.
Active Directory,Hello team. Our new hire's domain account was created in the wrong organizational unit. Please move it before their first login. The local contact is available during office hours.
Support general,Could someone help with this? Our office move needs coordination across several IT teams. Please assign someone to help plan the support requests. Our team needs an update before the next shift.
Computer-Services,"Hi, The conference room camera is physically damaged. Please arrange replacement meeting room equipment. We can confirm the affected details when you contact us."
Software,"Hi, Please reset my password in the standalone vendor application. This account is separate from my corporate directory login. Please contact [NAME] if more details are needed."
EOL,Hello team. The retired cluster node still appears in the management console. Please remove its stale registration after checking cluster membership. Our team needs an update before the next shift.
Software,Could someone help with this? The development IDE cannot find its installed compiler. Please help configure the application toolchain. We can confirm the affected details when you contact us.
Software,Hi support team. The application installer rolls back before completion without explaining why. Please help inspect the installation log. Please include the resolution in the ticket notes.
O365,"Hi support team. Please update the members of our email distribution group. This is an email list change, not a directory login issue. The local contact is available during office hours."
Fileservice,hi support team. please create a shared folder for the new project with the approved access list. it should be hosted on the network file server. please contact [NAME] if more details are needed.
Fileservice,Hi support team. The file server refuses a filename that worked on my local computer. Please help identify the supported path and naming limits. Please contact [NAME] if more details are needed.
Computer-Services,Hello team. Please replace a damaged power adapter for my company laptop. The connector no longer fits securely.
Support general,could someone help with this? please coordinate a planned office shutdown with the relevant it teams. several services need to be included in the schedule. please keep the requester informed of progress.
Computer-Services,Hello team. The scanner feeder pulls several sheets at once. Please service the document feeder. The request has been logged under [TICKET ID].
Software,Could someone help with this? The inventory application opens a blank window after its latest update. Please investigate the application startup failure. Please advise if this requires a scheduled support session.
O365,"Hi, My Teams meeting invitations contain the wrong meeting information. Please investigate the calendar integration. The local contact is available during office hours."
EOL,please begin the approved retirement of [SERVER]. the replacement service is live and the old machine is no longer needed. the issue was first reported this morning.
Software,Could someone help with this? The engineering application fails to activate even with the approved license details. Please check the activation service connection. A colleague can assist with the follow-up if I am unavailable.
Active Directory,Hello team. Please audit the nested directory groups that give [USERNAME] administrative access. We need to verify the approved membership path. Please include the resolution in the ticket notes.
Software,Hello team. The CRM application gives an internal error when I save a customer record. Please investigate the application workflow. We can confirm the affected details when you contact us.
Computer-Services,My monitor flickers even when a different cable is used. Please check whether the display needs replacing. This is affecting work at [LOCATION].
Software,"Hi, Please install the required language pack for the approved business application. The core application already works. The local contact is available during office hours."
EOL,Please reclaim the server licenses that are no longer needed following decommissioning. The replacement licenses are managed separately. Please acknowledge receipt so we can track the request.
EOL,Could someone help with this? Please reclaim the server licenses that are no longer needed following decommissioning. The replacement licenses are managed separately. Please let us know the next steps.
O365,Hello team. My Teams meeting invitations contain the wrong meeting information. Please investigate the calendar integration. A colleague can assist with the follow-up if I am unavailable.
EOL,Hello team. Please remove the obsolete DNS records for a decommissioned server. The replacement uses a different hostname. Please acknowledge receipt so we can track the request.
Computer-Services,Could someone help with this? My external monitor says no signal while the laptop is docked. The monitor works when connected directly. Please advise if this requires a scheduled support session.
Support general,hi support team. please tell me how to request a new item through the it service catalog. i need guidance on the approval process.
O365,Please restore an item deleted from my Exchange Online mailbox. It is no longer in the Deleted Items folder. The requester is working from [LOCATION] today.
Software,could someone help with this? please reset my password in the standalone vendor application. this account is separate from my corporate directory login. please acknowledge receipt so we can track the request.
EOL,Could someone help with this? Please remove the obsolete DNS records for a decommissioned server. The replacement uses a different hostname. Please coordinate any appointment with the requester.
Computer-Services,could someone help with this? my monitor flickers even when a different cable is used. please check whether the display needs replacing. the requester is working from [LOCATION] today.
Active Directory,Hi support team. Please create a domain account for our new starter [NAME]. Their manager has approved the onboarding request. This needs to be coordinated with our team lead.
EOL,Hello team. We have moved the file shares to the replacement server. Please retire the old file server once the migration checks pass. We have included the relevant details in the service request.
O365,Could someone help with this? The out-of-office reply does not activate in Exchange Online. Please check the mailbox automatic reply settings. This needs to be coordinated with our team lead.
Support general,"Hi, A visitor needs guidance on how to request temporary internet access. Please direct them to the correct process. The requester is working from [LOCATION] today."
Computer-Services,Could someone help with this? My headset microphone is silent in every program. Please troubleshoot the audio device. Please contact [NAME] if more details are needed.
Fileservice,Could someone help with this? A confidential folder is visible to people outside the approved team. Please review the file share permissions. Our team needs an update before the next shift.
Computer-Services,Hello team. The office printer is printing duplicate copies of every job. Please check the device configuration and print queue. A colleague can assist with the follow-up if I am unavailable.
Software,Could someone help with this? Please install the approved compression utility for our archive workflow. We do not need changes to file share permissions. Please advise if this requires a scheduled support session.
O365,Hello team. Mail sent on behalf of the shared mailbox is rejected for insufficient permission. Please check the delegation settings. Please confirm which additional information you need.
EOL,"Hi, The firewall rules for a permanently retired server are still active. Please coordinate their removal with the network team. The request has been logged under [TICKET ID]."
Software,"Hi, The licensed statistics package reports that no seats are available. Please check the application license server. A colleague can assist with the follow-up if I am unavailable."
O365,I can open Outlook on the web but the desktop client will not connect. Please troubleshoot the Outlook profile. Please acknowledge receipt so we can track the request.
EOL,"Hi, Please begin the approved retirement of [SERVER]. The replacement service is live and the old machine is no longer needed."
Active Directory,The account unlock portal says my corporate username does not exist. Please check my directory record. The issue was first reported this morning.
Software,Hello team. PDF files fail to open in the installed reader but work in another viewer. Please repair the reader application. Our team needs an update before the next shift.
Fileservice,Could someone help with this? Files created by one colleague are unreadable by everyone else in the shared directory. Please investigate permission inheritance. Please confirm which additional information you need.
Support general,The service portal will not let me submit an attachment with my support request. Please help me provide the diagnostic information. Please confirm which additional information you need.
Software,please update the approved web browser on this workstation. the business application no longer supports the installed version. a colleague can assist with the follow-up if i am unavailable.
O365,Could someone help with this? Messages sent to the team shared mailbox are not appearing in Outlook. Please check mail flow and mailbox permissions.
EOL,Hi support team. The firewall rules for a permanently retired server are still active. Please coordinate their removal with the network team. Please advise if this requires a scheduled support session.
Active Directory,"Hi, Please change the logon name for [USERNAME] to match the approved naming standard. Preserve the existing account memberships. The requester is working from [LOCATION] today."
O365,Please change the external sharing settings for the approved SharePoint project site. The site owner has supplied the access requirements. This is affecting work at [LOCATION].
O365,Could someone help with this? The SharePoint document library says I do not have permission to upload. I can still read its existing documents. Please coordinate any appointment with the requester.
EOL,hi support team. the storage volumes belong to a retired virtual server. please review retention and remove the volumes approved for disposal. i can provide additional details through the support portal.
O365,Could someone help with this? Please create a room mailbox for the new meeting space. The booking permissions have been approved. Please keep the requester informed of progress.
Support general,we suspect a network outage because phones and computers lost connectivity together. please coordinate initial triage. please contact [NAME] if more details are needed.
O365,Hello team. Mail sent on behalf of the shared mailbox is rejected for insufficient permission. Please check the delegation settings. The requester is working from [LOCATION] today.
O365,Hello team. Excel says my Microsoft 365 subscription cannot be verified. The application is installed and my other services work. We can confirm the affected details when you contact us.
Fileservice,Could someone help with this? Please provide a list of who can access the restricted folder on the file server. We need to review its effective permissions. Please keep the requester informed of progress.
EOL,Could someone help with this? Please coordinate secure collection of the server hardware being retired from the branch office. The disposal request is approved. Our team needs an update before the next shift.
Computer-Services,"Hi, My desktop has become very slow and reports memory errors at startup. Please run hardware diagnostics. Please include the resolution in the ticket notes."
Active Directory,My domain account is marked as requiring a smart card even though none was issued. Please review the account policy. The issue was first reported this morning.
Support general,Hello team. We found an unknown device connected to an office network socket. Please route this to security for investigation. This is affecting work at [LOCATION].
Support general,Please tell me which team owns the legacy internal service. We need to contact its support owner before making a change. A colleague can assist with the follow-up if I am unavailable.
Active Directory,"Hello team. I need a domain password reset, not an Outlook mailbox change. Windows login is the part that is failing. Please let us know the next steps."
Support general,Could someone help with this? Please help schedule an IT orientation session for new staff. This request is for guidance on the available services. The request has been logged under [TICKET ID].
Fileservice,Could someone help with this? We need the previous version of a spreadsheet saved on the departmental file server. The current version was overwritten. The requester is working from [LOCATION] today.
Active Directory,Hi support team. Please create a domain account for our new starter [NAME]. Their manager has approved the onboarding request. We can confirm the affected details when you contact us.
Fileservice,Please restore a file from the network share backup to a separate recovery folder. Do not overwrite the current copy. Please include the resolution in the ticket notes.
Active Directory,I changed my domain password and now Windows keeps rejecting it on the office network. Please check the account authentication state. The issue was first reported this morning.
EOL,Hello team. Please coordinate secure collection of the server hardware being retired from the branch office. The disposal request is approved. I can provide additional details through the support portal.
O365,"Hi, My Outlook rules are moving important messages to the wrong folder. Please help review the mailbox rules. I can provide additional details through the support portal."
Support general,Hi support team. The network socket at my desk has no connection with multiple tested devices. Please arrange a network port check. Our team needs an update before the next shift.
Support general,could someone help with this? several unrelated systems are unavailable at our location. please coordinate an initial outage investigation. a colleague can assist with the follow-up if i am unavailable.
EOL,Hello team. Please remove the service discovery entries for a decommissioned host. Clients should use the replacement service. Please contact [NAME] if more details are needed.
Fileservice,Could someone help with this? The home folder quota warning remains after old files were removed. Please check the file service quota calculation. Please keep the requester informed of progress.
Fileservice,Hello team. The shared drive has become very slow to list folders. Applications and local files open normally. I can provide additional details through the support portal.
Fileservice,"Hi support team. The shared folder opens, but I cannot save changes to any files inside it. Please check my write permissions. Please advise if this requires a scheduled support session."
Fileservice,Please set up a new SMB share for the approved project directory. The underlying server is already available. This needs to be coordinated with our team lead.
O365,I cannot see the shared calendar in Outlook anymore. Please check the calendar sharing permissions. A colleague can assist with the follow-up if I am unavailable.
Active Directory,"Hi, My directory profile has a duplicate account with a similar username. Please investigate which record should remain active. Please keep the requester informed of progress."
Computer-Services,Hello team. My USB keyboard works on another computer but not this workstation. Please inspect the USB ports and drivers. This is affecting work at [LOCATION].
O365,"Hi, Teams will not load my chats, but the rest of my internet connection works. Please check my Microsoft 365 service access. This is affecting work at [LOCATION]."
EOL,Could someone help with this? The retired cluster node still appears in the management console. Please remove its stale registration after checking cluster membership. Please coordinate any appointment with the requester.
Fileservice,A confidential folder is visible to people outside the approved team. Please review the file share permissions. Please contact [NAME] if more details are needed.
Support general,Hello team. Please help arrange accessibility support for using our IT services. I need an initial discussion to determine the right assistance.
Fileservice,Hello team. The file server refuses a filename that worked on my local computer. Please help identify the supported path and naming limits. This is affecting work at [LOCATION].
Software,Hi support team. Please install the approved compression utility for our archive workflow. We do not need changes to file share permissions. The requester is working from [LOCATION] today.
Computer-Services,The laptop battery is swollen and the case is separating. Please arrange safe collection and a replacement device. Please confirm which additional information you need.
EOL,Hi support team. The retired server is still listed in the vulnerability scanner. Please remove the obsolete target from the scanning inventory. Please include the resolution in the ticket notes.
Support general,could someone help with this? our office move needs coordination across several it teams. please assign someone to help plan the support requests.
Active Directory,The new starter can sign into email but has no Windows domain account. Please finish the directory provisioning. Please include the resolution in the ticket notes.
Active Directory,Hi support team. The temporary domain password for our new starter is rejected at first login. Please check the account setup. Please acknowledge receipt so we can track the request.
Active Directory,Hello team. My directory profile has a duplicate account with a similar username. Please investigate which record should remain active. The issue was first reported this morning.
EOL,Hello team. Please clean up the server-specific service account after the host is retired. Confirm that no other service depends on it first.
Software,Hello team. Please grant approved access to the project management application. My corporate login already works. Please acknowledge receipt so we can track the request.
O365,"Hi, Please change the owner of our Microsoft Teams team. The current owner has transferred to another department. The request has been logged under [TICKET ID]."
EOL,"Hi, The retired host still has an active certificate renewal job. Please close the renewal task as part of the retirement cleanup. This needs to be coordinated with our team lead."
Software,Hello team. PDF files fail to open in the installed reader but work in another viewer. Please repair the reader application. The local contact is available during office hours.
Fileservice,Copying large files to the network share fails halfway through. Local copies on my laptop complete successfully. Please contact [NAME] if more details are needed.
O365,Hello team. My Outlook rules are moving important messages to the wrong folder. Please help review the mailbox rules. Please include the resolution in the ticket notes.
Computer-Services,Hello team. My laptop does not power on even with the charger connected. Please arrange a hardware check. Please acknowledge receipt so we can track the request.
Computer-Services,The touchscreen registers touches in the wrong position. Please calibrate or repair the display. The requester is working from [LOCATION] today.
Software,Hi support team. The document conversion tool creates damaged output files. Please check the application's configuration and version. Please acknowledge receipt so we can track the request.
O365,"Hi, External attendees cannot join our Teams meeting. Please check the meeting's guest access settings. Our team needs an update before the next shift."
Support general,Hello team. Our office move needs coordination across several IT teams. Please assign someone to help plan the support requests. Please let us know the next steps.
Active Directory,"Hi, I can log into Windows, but my directory account still lists the wrong manager. Please correct the manager attribute. Please confirm which additional information you need."
O365,Please change the owner of our Microsoft Teams team. The current owner has transferred to another department. This is affecting work at [LOCATION].
Active Directory,Please set the approved expiry date on a temporary directory account. It should not remain active indefinitely. Please coordinate any appointment with the requester.
EOL,Could someone help with this? The legacy mail server is being permanently retired after migration. Please complete the server decommissioning work. I can provide additional details through the support portal.
Support general,Hello team. The phone menu sends callers to the wrong office. Please route the issue to the communications team. A colleague can assist with the follow-up if I am unavailable.
O365,Hello team. OneDrive has stopped synchronizing the documents in my work account. The files are still present locally. Please acknowledge receipt so we can track the request.
Fileservice,"Hi, Please provide a list of who can access the restricted folder on the file server. We need to review its effective permissions. A colleague can assist with the follow-up if I am unavailable."
O365,Hi support team. Our Microsoft 365 account asks for multifactor authentication on a phone I no longer have. Please help reset the registered method. Please include the resolution in the ticket notes.
Computer-Services,Please reinstall the operating system on the approved replacement workstation. The required files have been backed up. This needs to be coordinated with our team lead.
Software,Our reporting tool crashes when exporting a PDF. Please investigate the report application's error. A colleague can assist with the follow-up if I am unavailable.
Fileservice,Hello team. Files created by one colleague are unreadable by everyone else in the shared directory. Please investigate permission inheritance.
Fileservice,Could someone help with this? Please restore a folder that was removed from the archive share. We can provide its original path and deletion time. Please coordinate any appointment with the requester.
O365,Hi support team. Skype for Business will not sign in with my work account. Please investigate the collaboration service connection. We can confirm the affected details when you contact us.
Active Directory,Hi support team. Please set the approved expiry date on a temporary directory account. It should not remain active indefinitely. I can provide additional details through the support portal.
Active Directory,Our approved delegated administrator cannot manage users in the assigned organizational unit. Please check the directory delegation. Please let us know the next steps.
Fileservice,Please set up a new SMB share for the approved project directory. The underlying server is already available. Please advise if this requires a scheduled support session.
Computer-Services,the webcam is not detected by any application. please check the camera hardware and driver. this is affecting work at [LOCATION].
Computer-Services,could someone help with this? my headset microphone is silent in every program. please troubleshoot the audio device. please coordinate any appointment with the requester.
O365,"hi, please create a distribution list in exchange online with the approved members. we need it for team announcements. i can provide additional details through the support portal."
Support general,Could someone help with this? We suspect a network outage because phones and computers lost connectivity together. Please coordinate initial triage. This needs to be coordinated with our team lead.
O365,hello team. the sharepoint document library says i do not have permission to upload. i can still read its existing documents. please confirm which additional information you need.
O365,Hello team. The Teams desktop app is stuck on the loading screen while the web version works. Please help repair the Teams client. Please confirm which additional information you need.
Computer-Services,Could someone help with this? My laptop does not power on even with the charger connected. Please arrange a hardware check. Our team needs an update before the next shift.
Fileservice,The file server rejects a folder rename even though I own the contents. Please check the share permissions and open handles. Our team needs an update before the next shift.
EOL,Hello team. Please close the configuration item for a decommissioned server in the service inventory. Keep the historical change records. We have included the relevant details in the service request.
EOL,"Hi, Please coordinate secure collection of the server hardware being retired from the branch office. The disposal request is approved. We have included the relevant details in the service request."
Fileservice,The shared drive has become very slow to list folders. Applications and local files open normally. Please confirm which additional information you need.
Active Directory,"Hello team. I need a domain password reset, not an Outlook mailbox change. Windows login is the part that is failing. Please coordinate any appointment with the requester."
Computer-Services,"Hi, The internal speakers crackle even when playing a local audio file. Please inspect the audio driver and hardware. A colleague can assist with the follow-up if I am unavailable."
EOL,Hello team. The legacy application server is due to be shut down permanently. Please review dependencies before the approved retirement window. Please contact [NAME] if more details are needed.
Active Directory,"Hi, I can log into Windows, but my directory account still lists the wrong manager. Please correct the manager attribute. I can provide additional details through the support portal."
Computer-Services,Could someone help with this? The workstation clock resets whenever power is disconnected. Please check the internal battery.
EOL,Hi support team. Please cancel the scheduled backup jobs for a decommissioned server after checking the retention requirements. The service has moved elsewhere. Our team needs an update before the next shift.
Support general,Hello team. The corporate web page is blocked by the network filtering service. Please route an approved access review to the appropriate team. This is affecting work at [LOCATION].
O365,Hi support team. Messages sent to the team shared mailbox are not appearing in Outlook. Please check mail flow and mailbox permissions. Please confirm which additional information you need.
Software,Hi support team. PDF files fail to open in the installed reader but work in another viewer. Please repair the reader application. Please confirm which additional information you need.
Active Directory,Could someone help with this? Please disable the domain account for [USERNAME]. Their employment has ended and the access removal is approved. A colleague can assist with the follow-up if I am unavailable.
EOL,could someone help with this? please close the configuration item for a decommissioned server in the service inventory. keep the historical change records. please let us know the next steps.
Software,hello team. please remove the trial edition of the application and install the licensed edition. the entitlement has been approved. the requester is working from [LOCATION] today.
O365,"Could someone help with this? Windows login and network shares work normally, but Outlook cannot open my mailbox. Please investigate the email service. Please keep the requester informed of progress."
Fileservice,Hello team. The DFS path opens an outdated copy of our shared folder. Please check the file service referral and replication. The request has been logged under [TICKET ID].
Active Directory,Could someone help with this? Domain login works on one office workstation but fails on another for the same user. Please investigate the directory authentication failure. Please let us know the next steps.
Computer-Services,could someone help with this? the laptop battery is swollen and the case is separating. please arrange safe collection and a replacement device. please coordinate any appointment with the requester.
Software,"Hi, Please update the installed database client to the approved version. The current release cannot connect to our development environment. We can confirm the affected details when you contact us."
O365,Could someone help with this? OneDrive says an item cannot sync because its path is too long. Please help resolve the Microsoft 365 sync error. The issue was first reported this morning.
Computer-Services,Hi support team. The touchscreen registers touches in the wrong position. Please calibrate or repair the display. This is affecting work at [LOCATION].
EOL,"Hi, Our old virtual machine has been shut down permanently. Please complete its approved removal from the virtualization platform. We can confirm the affected details when you contact us."
Software,Please configure the approved ODBC connection for the reporting application. The database access request has already been granted. We have included the relevant details in the service request.
Support general,Hello team. I received a suspicious message asking for my password. Please route it to the security team for review. Our team needs an update before the next shift.
O365,Could someone help with this? Please update the email forwarding configuration on the approved shared mailbox. The mailbox owner has authorized the change. Please keep the requester informed of progress.
Active Directory,Hi support team. Remove [USERNAME] from the old department's directory groups following their transfer. Keep their domain account active. Please advise if this requires a scheduled support session.
Fileservice,Hello team. The DFS path opens an outdated copy of our shared folder. Please check the file service referral and replication. Please advise if this requires a scheduled support session.
Computer-Services,Hi support team. The operating system update left my laptop in a repeated recovery loop. Please help repair the workstation. The local contact is available during office hours.
Fileservice,Hi support team. Please enable the approved team to create subfolders on the shared drive. They can currently read files but cannot create directories. Please advise if this requires a scheduled support session.
Active Directory,Hello team. My Windows domain account says it is locked after several failed sign-ins. I need it unlocked so I can start work. Please let us know the next steps.
Software,"the application license is valid, but the program closes immediately after launch. please investigate the application crash. please contact [NAME] if more details are needed."
Active Directory,Please create a domain account for our new starter [NAME]. Their manager has approved the onboarding request. I can provide additional details through the support portal.
Software,Hi support team. Please enable my approved role in the expense management application. I can sign in but cannot submit reports. This is affecting work at [LOCATION].
O365,"hi, please update the email forwarding configuration on the approved shared mailbox. the mailbox owner has authorized the change. please confirm which additional information you need."
Computer-Services,"Hi, Please configure duplex printing on the new multifunction printer. Single-sided printing already works. The local contact is available during office hours."
Software,Hi support team. The application update repeatedly asks for local administrator privileges. Please arrange the approved managed installation. Our team needs an update before the next shift.
Active Directory,"Hi, Please disable the domain account for [USERNAME]. Their employment has ended and the access removal is approved. The requester is working from [LOCATION] today."
EOL,Hello team. Please reclaim the server licenses that are no longer needed following decommissioning. The replacement licenses are managed separately. The issue was first reported this morning.
Computer-Services,Hi support team. My external monitor says no signal while the laptop is docked. The monitor works when connected directly. Please include the resolution in the ticket notes.
Software,"Hi, The application license is valid, but the program closes immediately after launch. Please investigate the application crash. The local contact is available during office hours."
O365,Could someone help with this? Please remove a Microsoft 365 license that is no longer required. Keep the user's domain account active. This is affecting work at [LOCATION].
Support general,Hi support team. The support portal shows my request as assigned to the wrong location. Please correct the routing information. Please confirm which additional information you need.
O365,Hello team. Please create a distribution list in Exchange Online with the approved members. We need it for team announcements. This needs to be coordinated with our team lead.
O365,Could someone help with this? I can open Outlook on the web but the desktop client will not connect. Please troubleshoot the Outlook profile. We have included the relevant details in the service request.
Active Directory,Remove [USERNAME] from the old department's directory groups following their transfer. Keep their domain account active. Please confirm which additional information you need.
Software,"Hi, Please install the approved Python development environment for my project. The request includes the required package list. Please include the resolution in the ticket notes."
Software,Hi support team. Adobe Acrobat fails to install with error 1603. Please investigate the application installer. This is affecting work at [LOCATION].
Computer-Services,Could someone help with this? Please replace a damaged power adapter for my company laptop. The connector no longer fits securely. Please contact [NAME] if more details are needed.
Software,Could someone help with this? Please reset my password in the standalone vendor application. This account is separate from my corporate directory login. Our team needs an update before the next shift.
Active Directory,Hello team. My domain account is marked as requiring a smart card even though none was issued. Please review the account policy. Please acknowledge receipt so we can track the request.
Support general,Could someone help with this? Our site-to-site VPN link is down and the branch cannot reach internal services. Please arrange network triage. Please advise if this requires a scheduled support session.
Computer-Services,Could someone help with this? My USB keyboard works on another computer but not this workstation. Please inspect the USB ports and drivers. I can provide additional details through the support portal.
Support general,Hi support team. We found an unknown device connected to an office network socket. Please route this to security for investigation. Please advise if this requires a scheduled support session.
Fileservice,Please restore a file from the network share backup to a separate recovery folder. Do not overwrite the current copy. The request has been logged under [TICKET ID].
EOL,hi support team. please unregister the retired server from the patch management platform. it has been permanently removed from service. we have included the relevant details in the service request.
EOL,Hi support team. Please remove the obsolete DNS records for a decommissioned server. The replacement uses a different hostname. A colleague can assist with the follow-up if I am unavailable.
O365,"Hi, Please update the email forwarding configuration on the approved shared mailbox. The mailbox owner has authorized the change. We have included the relevant details in the service request."
Active Directory,Hello team. Please restore the accidentally disabled directory account for [USERNAME]. The account owner is still an active employee. This needs to be coordinated with our team lead.
Software,"Hi, Please remove the trial edition of the application and install the licensed edition. The entitlement has been approved. Please let us know the next steps."
EOL,"hi, please archive the required configuration records for [SERVER] before its approved disposal. the server will not return to service. please include the resolution in the ticket notes."
Computer-Services,Hello team. The desktop reports a failing hard drive during startup. Please arrange a device assessment and data protection steps. Please acknowledge receipt so we can track the request.
O365,could someone help with this? my outlook rules are moving important messages to the wrong folder. please help review the mailbox rules. please acknowledge receipt so we can track the request.
Active Directory,Could someone help with this? Please remove an obsolete computer object from the directory after a workstation replacement. The replacement is already joined. Please include the resolution in the ticket notes.
Software,Please enable my approved role in the expense management application. I can sign in but cannot submit reports. Please coordinate any appointment with the requester.
Active Directory,The new starter can sign into email but has no Windows domain account. Please finish the directory provisioning. Please keep the requester informed of progress.
Software,Hi support team. Please uninstall an obsolete third-party application from my workstation. It is no longer required for my work. Please confirm which additional information you need.
EOL,Hello team. Please review outstanding scheduled tasks before the legacy server is permanently shut down. This is part of its approved retirement. We can confirm the affected details when you contact us.
O365,"hi, please recover a deleted file from our sharepoint document library. this file was never on the network drive. please confirm which additional information you need."
Support general,Hello team. Our office telephone cannot make external calls. Please route the issue to the telephony support team.
Active Directory,my workstation reports that the trust relationship with the domain has failed. other staff can still sign into their computers. we have included the relevant details in the service request.
Fileservice,Hello team. Please give the approved team edit access to the network folder. They currently have read-only permissions. Please coordinate any appointment with the requester.
Fileservice,"Hi, I accidentally deleted a document from the shared drive. Please check whether it can be restored from the file server backup. The local contact is available during office hours."
Software,Hello team. The development IDE cannot find its installed compiler. Please help configure the application toolchain. The issue was first reported this morning.
Software,Hello team. The customer support application cannot load its add-in. Please investigate the plugin compatibility error. We have included the relevant details in the service request.
Support general,Could someone help with this? The guest wireless network will not connect visitors at reception. Please have the network team investigate. The request has been logged under [TICKET ID].
Software,"Hi, My accounting application says its license has expired. Please check the application entitlement and renewal status. Please confirm which additional information you need."
Fileservice,Could someone help with this? Please restore a file from the network share backup to a separate recovery folder. Do not overwrite the current copy. Please confirm which additional information you need.
O365,Hello team. Outlook keeps asking me to sign in even though my Windows login works. Please investigate the mailbox connection. This needs to be coordinated with our team lead.
Computer-Services,"Hi, The label printer cuts off the right side of each label. Please calibrate the printer and paper settings. Please contact [NAME] if more details are needed."
Active Directory,"Hello team. I need a domain password reset, not an Outlook mailbox change. Windows login is the part that is failing. The issue was first reported this morning."
Active Directory,Hello team. Remove [USERNAME] from the old department's directory groups following their transfer. Keep their domain account active. The request has been logged under [TICKET ID].
Support general,Hello team. I received a suspicious message asking for my password. Please route it to the security team for review. A colleague can assist with the follow-up if I am unavailable.
O365,"Windows login and network shares work normally, but Outlook cannot open my mailbox. Please investigate the email service. We can confirm the affected details when you contact us."
Active Directory,"hi, please remove a former administrator's directory privileges while keeping their ordinary staff account. the role change is approved. the issue was first reported this morning."
Support general,Hi support team. I need to know the helpdesk opening hours and the process for urgent support. Please provide the correct contact details. This needs to be coordinated with our team lead.
EOL,Hi support team. The legacy application server is due to be shut down permanently. Please review dependencies before the approved retirement window. The request has been logged under [TICKET ID].
EOL,Hello team. Please begin the approved retirement of [SERVER]. The replacement service is live and the old machine is no longer needed. Please keep the requester informed of progress.
Support general,Hello team. The remote access gateway is unreachable for several users. Please investigate the network service before checking individual accounts. We can confirm the affected details when you contact us.
Support general,could someone help with this? please update the contact person on my existing support ticket. the technical issue has not changed. i can provide additional details through the support portal.
Support general,the network socket at my desk has no connection with multiple tested devices. please arrange a network port check. we can confirm the affected details when you contact us.
Computer-Services,"hi, please install the approved driver for the new office printer. the printer is already connected to the network. please let us know the next steps."
EOL,Hi support team. Please release the reserved IP address for [SERVER] after its approved retirement. Confirm the address is no longer in use first. This is affecting work at [LOCATION].
Active Directory,Could someone help with this? The surname on my directory profile is wrong after a name change. Please update the display name and account details. Please acknowledge receipt so we can track the request.
Computer-Services,The scanner is not listed among the devices on my computer. Please install its approved driver. We can confirm the affected details when you contact us.
Support general,Could someone help with this? Please coordinate a planned office shutdown with the relevant IT teams. Several services need to be included in the schedule. The local contact is available during office hours.
EOL,"Hi, The migration is complete and the old monitoring appliance is no longer required. Please initiate the retirement workflow. Please advise if this requires a scheduled support session."
Fileservice,The file server rejects a folder rename even though I own the contents. Please check the share permissions and open handles. We can confirm the affected details when you contact us.
Fileservice,Hello team. Please map the existing team file share on my replacement workstation. My account already has approved access. This is affecting work at [LOCATION].
Active Directory,Hi support team. Please investigate an unexpected change to a privileged directory group. We need the membership history and current access reviewed. Please acknowledge receipt so we can track the request.
O365,Teams does not show my updated display name even though the directory is correct. Please check the Microsoft 365 profile synchronization. The requester is working from [LOCATION] today.
O365,Hello team. Please grant approved access to the shared mailbox for our team. My existing corporate account is active. Please contact [NAME] if more details are needed.
Software,Hi support team. Please install the approved Python development environment for my project. The request includes the required package list.
Fileservice,could someone help with this? the shared drive is prompting for credentials repeatedly even though my domain login works. please investigate authentication to the file server. please include the resolution in the ticket notes.
Software,hello team. please install the approved compression utility for our archive workflow. we do not need changes to file share permissions. please coordinate any appointment with the requester.
Support general,"Hi, Several staff cannot reach any internal websites while public internet access works. Please triage the network connectivity issue. A colleague can assist with the follow-up if I am unavailable."
Computer-Services,The office printer is printing duplicate copies of every job. Please check the device configuration and print queue. Please include the resolution in the ticket notes.
O365,"Hi, Please restore an item deleted from my Exchange Online mailbox. It is no longer in the Deleted Items folder."
Software,Hello team. The approved text editor loses its settings after every restart. Please check the application profile.
Support general,i cannot identify which service is failing from the error on the screen. please help diagnose it before assigning a specialist. we can confirm the affected details when you contact us.
EOL,Could someone help with this? Please update the asset register to show that [SERVER] has been decommissioned. The retirement work is complete. The requester is working from [LOCATION] today.
Computer-Services,Hello team. My monitor flickers even when a different cable is used. Please check whether the display needs replacing. Please let us know the next steps.
Fileservice,Please transfer ownership of the project folder on the file server. The current owner has moved to another team. Please confirm which additional information you need.
O365,"hi, please recover a deleted file from our sharepoint document library. this file was never on the network drive. this is affecting work at [LOCATION]."
Computer-Services,"hi, the workstation clock resets whenever power is disconnected. please check the internal battery. our team needs an update before the next shift."
Software,"Hi, The approved CAD program crashes whenever I open a drawing. Other applications work normally. Please include the resolution in the ticket notes."
EOL,Please update the asset register to show that [SERVER] has been decommissioned. The retirement work is complete. Please keep the requester informed of progress.
Fileservice,"Hi, The file server refuses a filename that worked on my local computer. Please help identify the supported path and naming limits. Please include the resolution in the ticket notes."
Support general,A company device has been reported missing. Please coordinate the lost asset response with the appropriate teams. The request has been logged under [TICKET ID].
Active Directory,Hi support team. Please restore the accidentally disabled directory account for [USERNAME]. The account owner is still an active employee. Please acknowledge receipt so we can track the request.
Support general,Please update the contact person on my existing support ticket. The technical issue has not changed. The issue was first reported this morning.
Fileservice,The shared drive is prompting for credentials repeatedly even though my domain login works. Please investigate authentication to the file server. We have included the relevant details in the service request.
Fileservice,"Hi, I can read the shared folder but cannot delete files I created there. Please check the delete permission on the network share. The local contact is available during office hours."
Software,Could someone help with this? My accounting application says its license has expired. Please check the application entitlement and renewal status. Please keep the requester informed of progress.
Software,Hello team. The customer support application cannot load its add-in. Please investigate the plugin compatibility error. Our team needs an update before the next shift.
Fileservice,Hello team. The department share is accessible by server name but not through its usual network path. Please investigate the file service namespace. This needs to be coordinated with our team lead.
Fileservice,Hi support team. Please map the existing team file share on my replacement workstation. My account already has approved access. Please let us know the next steps.
Support general,Hello team. Please reopen ticket [TICKET ID] because the reported issue is still unresolved. The earlier closure was premature. The requester is working from [LOCATION] today.
O365,Could someone help with this? Please add an approved delegate to my Outlook calendar. They need to schedule meetings on my behalf. The request has been logged under [TICKET ID].
O365,Could someone help with this? Please create a distribution list in Exchange Online with the approved members. We need it for team announcements. Please include the resolution in the ticket notes.
Software,Our reporting tool crashes when exporting a PDF. Please investigate the report application's error. The local contact is available during office hours.
Active Directory,Could someone help with this? Our approved delegated administrator cannot manage users in the assigned organizational unit. Please check the directory delegation. I can provide additional details through the support portal.
O365,"Hi, Please recover a deleted file from our SharePoint document library. This file was never on the network drive. The issue was first reported this morning."
Computer-Services,hello team. the internal speakers crackle even when playing a local audio file. please inspect the audio driver and hardware. please advise if this requires a scheduled support session.
O365,"Hi, Please check why mail from our approved sender is being quarantined in Exchange Online. We need the message reviewed. The issue was first reported this morning."
Active Directory,"Hi support team. I need a domain password reset, not an Outlook mailbox change. Windows login is the part that is failing. Please keep the requester informed of progress."
Computer-Services,"Hi, The touchscreen registers touches in the wrong position. Please calibrate or repair the display. Please confirm which additional information you need."
Fileservice,Hello team. Please set up a new SMB share for the approved project directory. The underlying server is already available. Please confirm which additional information you need.
EOL,Could someone help with this? Please clean up the server-specific service account after the host is retired. Confirm that no other service depends on it first. The issue was first reported this morning.
Computer-Services,Could someone help with this? The workstation clock resets whenever power is disconnected. Please check the internal battery. The local contact is available during office hours.
Fileservice,"Hi, The department share is accessible by server name but not through its usual network path. Please investigate the file service namespace. The requester is working from [LOCATION] today."
Active Directory,Could someone help with this? Please remove an obsolete computer object from the directory after a workstation replacement. The replacement is already joined. Please let us know the next steps.
Fileservice,could someone help with this? the shared drive is prompting for credentials repeatedly even though my domain login works. please investigate authentication to the file server. i can provide additional details through the support portal.
EOL,Hi support team. Please remove the service discovery entries for a decommissioned host. Clients should use the replacement service. This is affecting work at [LOCATION].
EOL,Could someone help with this? Please cancel the scheduled backup jobs for a decommissioned server after checking the retention requirements. The service has moved elsewhere. A colleague can assist with the follow-up if I am unavailable.
Computer-Services,"Hi, The workstation clock resets whenever power is disconnected. Please check the internal battery. We can confirm the affected details when you contact us."
EOL,Could someone help with this? The retired host still has an active certificate renewal job. Please close the renewal task as part of the retirement cleanup. Please include the resolution in the ticket notes.
Software,"Hi, Please configure the approved plugin for the design application. The main program is already installed and licensed. Please include the resolution in the ticket notes."
Computer-Services,hi support team. my docking station no longer detects either external monitor. the laptop screen still works normally. please keep the requester informed of progress.
O365,Hello team. Please assign the approved Microsoft 365 license to our existing employee account. The directory account has already been created. This is affecting work at [LOCATION].
Fileservice,hello team. the network drive shows a red cross and will not reconnect. other office services are working. please confirm which additional information you need.
Support general,We found an unknown device connected to an office network socket. Please route this to security for investigation. Please acknowledge receipt so we can track the request.
Active Directory,Hello team. My workstation reports that the trust relationship with the domain has failed. Other staff can still sign into their computers. A colleague can assist with the follow-up if I am unavailable.
EOL,"hi, the legacy application server is due to be shut down permanently. please review dependencies before the approved retirement window. please include the resolution in the ticket notes."
Computer-Services,"could someone help with this? the pdf opens correctly, but the printer produces blank pages from every application. please investigate the printing device. this is affecting work at [LOCATION]."
Support general,Hi support team. I accidentally entered my credentials on a suspicious website. Please escalate this to the security response team. Please include the resolution in the ticket notes.
Active Directory,Please restore the accidentally disabled directory account for [USERNAME]. The account owner is still an active employee. A colleague can assist with the follow-up if I am unavailable.
Fileservice,Please transfer ownership of the project folder on the file server. The current owner has moved to another team.
Software,"Hi, Adobe Acrobat fails to install with error 1603. Please investigate the application installer. Please confirm which additional information you need."
Support general,Could someone help with this? Please tell me how to request a new item through the IT service catalog. I need guidance on the approval process. A colleague can assist with the follow-up if I am unavailable.
EOL,Hello team. The retired host still has an active certificate renewal job. Please close the renewal task as part of the retirement cleanup. Our team needs an update before the next shift.
Support general,hi support team. the support portal shows my request as assigned to the wrong location. please correct the routing information. please acknowledge receipt so we can track the request.
Software,Could someone help with this? Please install the approved database driver required by the analytics application. The workstation itself is working normally. The requester is working from [LOCATION] today.
Active Directory,"hi, please remove a former administrator's directory privileges while keeping their ordinary staff account. the role change is approved. please advise if this requires a scheduled support session."
Software,Hello team. Please install the approved Python development environment for my project. The request includes the required package list. Please let us know the next steps.
Fileservice,Please check why offline copies of our network share do not synchronize after reconnecting. The file server is reachable. Please coordinate any appointment with the requester.
O365,could someone help with this? the teams channel files tab is blank even though the sharepoint library contains files. please investigate the integration. a colleague can assist with the follow-up if i am unavailable.
Support general,Could someone help with this? A company device has been reported missing. Please coordinate the lost asset response with the appropriate teams. The local contact is available during office hours.
Support general,"Hi, I need assistance understanding the rejection of my service request. Please explain what information is missing. Our team needs an update before the next shift."
Active Directory,The surname on my directory profile is wrong after a name change. Please update the display name and account details. Please include the resolution in the ticket notes.
O365,Hello team. My OneDrive folder shows a sync conflict for a document edited on two devices. Please help reconcile the copies. We can confirm the affected details when you contact us.
EOL,hello team. please remove the service discovery entries for a decommissioned host. clients should use the replacement service. the requester is working from [LOCATION] today.
Fileservice,could someone help with this? please restore a file from the network share backup to a separate recovery folder. do not overwrite the current copy. please acknowledge receipt so we can track the request.
Software,Hi support team. The approved text editor loses its settings after every restart. Please check the application profile. Please acknowledge receipt so we can track the request.
Support general,hello team. please provide an update on ticket [TICKET ID]. we have not received a response since the last handover. please acknowledge receipt so we can track the request.
Software,"Hi, Please update the approved web browser on this workstation. The business application no longer supports the installed version. Please let us know the next steps."
EOL,Hello team. Please terminate the unused cloud instance after its retirement approval is confirmed. Its workload has been migrated. Please contact [NAME] if more details are needed.
Software,Hello team. The procurement application denies access to the purchasing module. My login succeeds and the application owner has approved the role. This is affecting work at [LOCATION].
Computer-Services,Could someone help with this? The scanner feeder pulls several sheets at once. Please service the document feeder. The issue was first reported this morning.
Software,Hi support team. Please package the approved utility for installation through the software portal. The business owner has approved its use. Please contact [NAME] if more details are needed.
EOL,Could someone help with this? The old backup appliance is at the end of its service life. Please plan its decommissioning after retention obligations are satisfied. Our team needs an update before the next shift.
Support general,Hi support team. Please merge my duplicate support requests into the existing incident. They describe the same problem. The requester is working from [LOCATION] today.
Support general,Our branch connection becomes unstable during the afternoon. Please arrange a network investigation. The issue was first reported this morning.
O365,Hi support team. Our Microsoft 365 account asks for multifactor authentication on a phone I no longer have. Please help reset the registered method. Please coordinate any appointment with the requester.
Computer-Services,The office printer has paper stuck inside and will not feed a new page. Please help clear the jam. Please confirm which additional information you need.
O365,"Hi, Please configure an approved email alias for my existing mailbox. My primary address should stay unchanged. We can confirm the affected details when you contact us."
Active Directory,"Hi, Please add [USERNAME] to the approved directory security group [GROUP]. This request is for group membership only. Our team needs an update before the next shift."
EOL,Hello team. Please unregister the retired server from the patch management platform. It has been permanently removed from service. This is affecting work at [LOCATION].
Fileservice,Hello team. The file server refuses a filename that worked on my local computer. Please help identify the supported path and naming limits. The requester is working from [LOCATION] today.
Support general,Hi support team. Our office telephone cannot make external calls. Please route the issue to the telephony support team. The requester is working from [LOCATION] today.
Fileservice,could someone help with this? please correct the access list on a network folder after our team reorganization. the directory group memberships are already approved. please contact [NAME] if more details are needed.
EOL,Hello team. The retired host still has an active certificate renewal job. Please close the renewal task as part of the retirement cleanup.
Software,Hi support team. The approved CAD program crashes whenever I open a drawing. Other applications work normally. Please acknowledge receipt so we can track the request.
EOL,Please begin the approved retirement of [SERVER]. The replacement service is live and the old machine is no longer needed. We can confirm the affected details when you contact us.
EOL,Could someone help with this? Please reclaim the server licenses that are no longer needed following decommissioning. The replacement licenses are managed separately. Please contact [NAME] if more details are needed.
Software,The document conversion tool creates damaged output files. Please check the application's configuration and version. Please contact [NAME] if more details are needed.
Support general,Hi support team. I cannot identify which service is failing from the error on the screen. Please help diagnose it before assigning a specialist. Our team needs an update before the next shift.
O365,Could someone help with this? Please change the external sharing settings for the approved SharePoint project site. The site owner has supplied the access requirements. I can provide additional details through the support portal.
Computer-Services,Hi support team. My Bluetooth mouse disconnects from this laptop every few minutes. Please check the peripheral connection. Please acknowledge receipt so we can track the request.
EOL,Hi support team. The old print server has no remaining queues or clients. Please complete its scheduled decommissioning. Please let us know the next steps.
Support general,Hello team. Please tell me which team owns the legacy internal service. We need to contact its support owner before making a change. Please coordinate any appointment with the requester.
EOL,Hi support team. The retired cluster node still appears in the management console. Please remove its stale registration after checking cluster membership. This is affecting work at [LOCATION].
Fileservice,Please restore a file from the network share backup to a separate recovery folder. Do not overwrite the current copy. Please keep the requester informed of progress.
Active Directory,"Hello team. I can log into Windows, but my directory account still lists the wrong manager. Please correct the manager attribute. Please include the resolution in the ticket notes."
Computer-Services,Hello team. The workstation clock resets whenever power is disconnected. Please check the internal battery. The request has been logged under [TICKET ID].
EOL,Hi support team. The legacy application server is due to be shut down permanently. Please review dependencies before the approved retirement window. This is affecting work at [LOCATION].
Active Directory,Could someone help with this? Please investigate an unexpected change to a privileged directory group. We need the membership history and current access reviewed. The requester is working from [LOCATION] today.
Computer-Services,Could someone help with this? My USB keyboard works on another computer but not this workstation. Please inspect the USB ports and drivers. Please contact [NAME] if more details are needed.
Software,"Hi, Please install the approved compression utility for our archive workflow. We do not need changes to file share permissions. Please include the resolution in the ticket notes."
Active Directory,"Hi, Our approved service account needs its password rotated in the directory. Please coordinate the change with the application owner. Please acknowledge receipt so we can track the request."
O365,Hello team. My Teams meeting invitations contain the wrong meeting information. Please investigate the calendar integration. Please coordinate any appointment with the requester.
Active Directory,Could someone help with this? The temporary domain password for our new starter is rejected at first login. Please check the account setup.
Active Directory,"Hi, The domain password policy rejects every new password I try. Please help confirm the required policy and restore access. Please contact [NAME] if more details are needed."
Support general,"Hi, I am not sure which team handles this issue and need help opening the correct request. Please advise where to start. Please contact [NAME] if more details are needed."
Computer-Services,Hello team. The laptop cannot detect its built-in wireless adapter. Please check the device driver and hardware. Please let us know the next steps.
Software,"Hi, Please install the approved Python development environment for my project. The request includes the required package list. We have included the relevant details in the service request."
Software,The business application freezes when importing a CSV file. The same file opens correctly in a text editor. Please contact [NAME] if more details are needed.
O365,Could someone help with this? Outlook keeps asking me to sign in even though my Windows login works. Please investigate the mailbox connection. The requester is working from [LOCATION] today.
EOL,Hi support team. The old print server has no remaining queues or clients. Please complete its scheduled decommissioning. Please advise if this requires a scheduled support session.
Software,Could someone help with this? The CRM application gives an internal error when I save a customer record. Please investigate the application workflow. Please advise if this requires a scheduled support session.
O365,Hi support team. My Teams meeting invitations contain the wrong meeting information. Please investigate the calendar integration. Our team needs an update before the next shift.
Software,Could someone help with this? PDF files fail to open in the installed reader but work in another viewer. Please repair the reader application. We can confirm the affected details when you contact us.
O365,"Hi, The out-of-office reply does not activate in Exchange Online. Please check the mailbox automatic reply settings. Please confirm which additional information you need."
Fileservice,"Hi, The shared drive has become very slow to list folders. Applications and local files open normally. We have included the relevant details in the service request."
Active Directory,Our approved service account needs its password rotated in the directory. Please coordinate the change with the application owner. Please coordinate any appointment with the requester.
Support general,Hello team. Please provide the current status of the announced service interruption. We need to know which teams are investigating. This needs to be coordinated with our team lead.
EOL,Please reclaim the server licenses that are no longer needed following decommissioning. The replacement licenses are managed separately. The local contact is available during office hours.
EOL,The old backup appliance is at the end of its service life. Please plan its decommissioning after retention obligations are satisfied. We have included the relevant details in the service request.
EOL,Hi support team. The old database server has been replaced and is no longer accepting connections. Please carry out the approved retirement checklist. The request has been logged under [TICKET ID].
Active Directory,hi support team. the new starter can sign into email but has no windows domain account. please finish the directory provisioning. please coordinate any appointment with the requester.
O365,"hi, teams does not show my updated display name even though the directory is correct. please check the microsoft 365 profile synchronization. we have included the relevant details in the service request."
Computer-Services,The workstation restarts with a blue screen during boot. Please investigate the operating system or device drivers. A colleague can assist with the follow-up if I am unavailable.
Fileservice,Hello team. Please give the approved team edit access to the network folder. They currently have read-only permissions. This is affecting work at [LOCATION].
Fileservice,Hi support team. Please increase the approved storage quota for our department's network share. We are unable to save the project deliverables. This is affecting work at [LOCATION].
Support general,"Hi, Please coordinate a planned office shutdown with the relevant IT teams. Several services need to be included in the schedule. Please coordinate any appointment with the requester."
Support general,Hi support team. The building has lost power and several IT services have stopped. Please coordinate the incident with the appropriate teams. Please advise if this requires a scheduled support session.
Software,"hi, please reset my password in the standalone vendor application. this account is separate from my corporate directory login. a colleague can assist with the follow-up if i am unavailable."
EOL,could someone help with this? please verify that the decommissioned host has no remaining public dns entry. the replacement endpoint is already in service. this is affecting work at [LOCATION].
O365,Hello team. The Outlook meeting room calendar shows conflicting bookings. Please investigate the room mailbox configuration. We can confirm the affected details when you contact us.
Support general,Hi support team. A company device has been reported missing. Please coordinate the lost asset response with the appropriate teams. Please contact [NAME] if more details are needed.
Computer-Services,The scanner produces a solid black page for every document. Please inspect the scanning hardware. This is affecting work at [LOCATION].
Software,Hi support team. Please install the approved PDF editor on my workstation. I need to edit and combine documents for my role. Our team needs an update before the next shift.
O365,Hello team. I cannot see the shared calendar in Outlook anymore. Please check the calendar sharing permissions. We can confirm the affected details when you contact us.
Computer-Services,Hi support team. The laptop fan runs at full speed and the machine shuts down from heat. Please inspect the cooling system. Please include the resolution in the ticket notes.
Computer-Services,Hello team. My laptop hinge is broken and the screen will not stay upright. Please arrange a hardware repair. We can confirm the affected details when you contact us.
Computer-Services,could someone help with this? the workstation restarts with a blue screen during boot. please investigate the operating system or device drivers. please contact [NAME] if more details are needed.
Support general,"Hi, Several unrelated systems are unavailable at our location. Please coordinate an initial outage investigation. The issue was first reported this morning."
Active Directory,My domain account is marked as requiring a smart card even though none was issued. Please review the account policy.
Fileservice,"hi, the shared drive has become very slow to list folders. applications and local files open normally. the request has been logged under [TICKET ID]."
Computer-Services,Please install the approved driver for the new office printer. The printer is already connected to the network. This is affecting work at [LOCATION].
EOL,Could someone help with this? Please confirm completion of the retirement change for [SERVER]. We still need evidence that monitoring and network cleanup are finished. A colleague can assist with the follow-up if I am unavailable.
O365,Hi support team. Please restore an item deleted from my Exchange Online mailbox. It is no longer in the Deleted Items folder. Please acknowledge receipt so we can track the request.
Active Directory,Could someone help with this? Please investigate an unexpected change to a privileged directory group. We need the membership history and current access reviewed. This is affecting work at [LOCATION].
O365,Could someone help with this? I cannot see the shared calendar in Outlook anymore. Please check the calendar sharing permissions. The local contact is available during office hours.
Active Directory,"Hi, Our contractor's directory account expired before their extended assignment finished. Please update the account expiry date. We have included the relevant details in the service request."
Support general,Hello team. The service portal will not let me submit an attachment with my support request. Please help me provide the diagnostic information. Please coordinate any appointment with the requester.
Computer-Services,"hi, the office printer is printing duplicate copies of every job. please check the device configuration and print queue. this is affecting work at [LOCATION]."
Active Directory,Hi support team. My workstation reports that the trust relationship with the domain has failed. Other staff can still sign into their computers. Our team needs an update before the next shift.
Software,Could someone help with this? The software deployment portal reports that the requested application installation failed. Please check the deployment package. Please acknowledge receipt so we can track the request.
Active Directory,hello team. remove [USERNAME] from the old department's directory groups following their transfer. keep their domain account active. this needs to be coordinated with our team lead.
Fileservice,"Hi, Please remove a former team member's access to the project file share. Their domain account should remain active. Please acknowledge receipt so we can track the request."
Computer-Services,"Hi, The workstation clock resets whenever power is disconnected. Please check the internal battery. Please include the resolution in the ticket notes."
Active Directory,Hi support team. Please remove an obsolete computer object from the directory after a workstation replacement. The replacement is already joined. We can confirm the affected details when you contact us.
Computer-Services,Hi support team. My Bluetooth mouse disconnects from this laptop every few minutes. Please check the peripheral connection. This needs to be coordinated with our team lead.
Fileservice,Hello team. The shared drive has become very slow to list folders. Applications and local files open normally. This is affecting work at [LOCATION].
Software,Please package the approved utility for installation through the software portal. The business owner has approved its use. Please acknowledge receipt so we can track the request.
Support general,Hello team. Please tell me how to request a new item through the IT service catalog. I need guidance on the approval process. Please include the resolution in the ticket notes.
Fileservice,The department file share is full and refuses new uploads. Please review the share quota and available capacity. The issue was first reported this morning.
Software,Could someone help with this? Please repair the installation of the approved diagramming tool. Its shortcut reports a missing executable. Please advise if this requires a scheduled support session.
Active Directory,Hi support team. My domain account is marked as requiring a smart card even though none was issued. Please review the account policy. This needs to be coordinated with our team lead.
O365,"Hi, Teams will not load my chats, but the rest of my internet connection works. Please check my Microsoft 365 service access. A colleague can assist with the follow-up if I am unavailable."
O365,"Hi, The Outlook meeting room calendar shows conflicting bookings. Please investigate the room mailbox configuration. Please keep the requester informed of progress."
Fileservice,Could someone help with this? Please set up a new SMB share for the approved project directory. The underlying server is already available. The local contact is available during office hours.
EOL,Hi support team. The old backup appliance is at the end of its service life. Please plan its decommissioning after retention obligations are satisfied. I can provide additional details through the support portal.
Fileservice,"Hi, Please enable the approved team to create subfolders on the shared drive. They can currently read files but cannot create directories. The issue was first reported this morning."
O365,Hello team. Please recover a deleted file from our SharePoint document library. This file was never on the network drive. Please acknowledge receipt so we can track the request.
Support general,Hello team. I received a suspicious message asking for my password. Please route it to the security team for review. We can confirm the affected details when you contact us.
Active Directory,hi support team. please re-enable the expired domain account for the returning contractor. the renewed assignment has been approved. please include the resolution in the ticket notes.
Computer-Services,"Hi, The printer produces faded pages even after a toner replacement. Please check the printer components. The requester is working from [LOCATION] today."
EOL,We need the hardware serial numbers recorded before collection of the retired servers. Please coordinate the disposal handover. This is affecting work at [LOCATION].
EOL,Could someone help with this? The retired server still triggers availability alerts. Please remove its monitoring checks as part of the closure process. This is affecting work at [LOCATION].
Computer-Services,"Hi, Please arrange a loaner laptop while my damaged workstation is repaired. My existing user account can be reused. I can provide additional details through the support portal."
Support general,Hello team. Our office telephone cannot make external calls. Please route the issue to the telephony support team. The local contact is available during office hours.
O365,Hello team. OneDrive has stopped synchronizing the documents in my work account. The files are still present locally. Please coordinate any appointment with the requester.
Support general,Hello team. The guest wireless network will not connect visitors at reception. Please have the network team investigate. Please confirm which additional information you need.
Fileservice,Hello team. The home drive is not being mapped for my existing account. Please check the home folder configuration on the file service. We have included the relevant details in the service request.
Software,"Hi, Please update the approved web browser on this workstation. The business application no longer supports the installed version. Please advise if this requires a scheduled support session."
EOL,Please archive the required configuration records for [SERVER] before its approved disposal. The server will not return to service. Please keep the requester informed of progress.
Fileservice,"Hi, The home folder quota warning remains after old files were removed. Please check the file service quota calculation. Please contact [NAME] if more details are needed."
Software,"Hi, The scheduling application stopped launching after its update. Please review the update or restore the approved working version. Please coordinate any appointment with the requester."
EOL,Could someone help with this? The retired host still has an active certificate renewal job. Please close the renewal task as part of the retirement cleanup. Please advise if this requires a scheduled support session.
EOL,The migration is complete and the old monitoring appliance is no longer required. Please initiate the retirement workflow. The issue was first reported this morning.
Software,hi support team. the document conversion tool creates damaged output files. please check the application's configuration and version. please coordinate any appointment with the requester.
Active Directory,the domain controller cannot find the new computer account during the join process. please check the directory object. the issue was first reported this morning.
EOL,The retired server still appears in Nexthink. Please remove its inventory entry as part of decommissioning. Please contact [NAME] if more details are needed.
Software,"hi, please configure the approved odbc connection for the reporting application. the database access request has already been granted. i can provide additional details through the support portal."
Software,Could someone help with this? The browser extension required by our internal application will not install. Please check the approved extension deployment. Please contact [NAME] if more details are needed.
EOL,"Hi, The retired cluster node still appears in the management console. Please remove its stale registration after checking cluster membership. The request has been logged under [TICKET ID]."
Active Directory,My domain account is marked as requiring a smart card even though none was issued. Please review the account policy. We have included the relevant details in the service request.
Active Directory,My domain account locks again immediately after it is unlocked. Please check which device is submitting old credentials. A colleague can assist with the follow-up if I am unavailable.
Active Directory,Could someone help with this? Please move the computer object for [DEVICE] to the approved organizational unit. It currently receives the wrong domain policies. This needs to be coordinated with our team lead.
Computer-Services,"Hi, My laptop hinge is broken and the screen will not stay upright. Please arrange a hardware repair."
Fileservice,Hi support team. The home folder quota warning remains after old files were removed. Please check the file service quota calculation. We have included the relevant details in the service request.
O365,"Hi, My Outlook rules are moving important messages to the wrong folder. Please help review the mailbox rules. Our team needs an update before the next shift."
Fileservice,Could someone help with this? I can read the shared folder but cannot delete files I created there. Please check the delete permission on the network share. I can provide additional details through the support portal.
Support general,Could someone help with this? Please help arrange accessibility support for using our IT services. I need an initial discussion to determine the right assistance. Please coordinate any appointment with the requester.
EOL,Hi support team. The old database server has been replaced and is no longer accepting connections. Please carry out the approved retirement checklist. This needs to be coordinated with our team lead.
Fileservice,Hello team. The file server backup restore completed but the recovered folder has incorrect permissions. Please restore the approved access settings. The requester is working from [LOCATION] today.
Active Directory,"Hi, The surname on my directory profile is wrong after a name change. Please update the display name and account details. The local contact is available during office hours."
EOL,Could someone help with this? The legacy mail server is being permanently retired after migration. Please complete the server decommissioning work. Please confirm which additional information you need.
Active Directory,Hello team. Please remove an obsolete computer object from the directory after a workstation replacement. The replacement is already joined. We have included the relevant details in the service request.
O365,Hello team. An email I sent from Outlook returned a nondelivery report. Please help investigate the mailbox delivery issue. A colleague can assist with the follow-up if I am unavailable.
Active Directory,Hi support team. Domain login works on one office workstation but fails on another for the same user. Please investigate the directory authentication failure. The local contact is available during office hours.
Support general,Hello team. The company website is unavailable from several external connections. Please route this to the web operations team. We have included the relevant details in the service request.
Support general,Could someone help with this? Please tell me how to request a new item through the IT service catalog. I need guidance on the approval process. The request has been logged under [TICKET ID].
EOL,Please reclaim the server licenses that are no longer needed following decommissioning. The replacement licenses are managed separately. This is affecting work at [LOCATION].
Active Directory,"Hi, Please restore the accidentally disabled directory account for [USERNAME]. The account owner is still an active employee. Please advise if this requires a scheduled support session."
Software,Could someone help with this? The development IDE cannot find its installed compiler. Please help configure the application toolchain. Please coordinate any appointment with the requester.
Support general,"Hi, Our office telephone cannot make external calls. Please route the issue to the telephony support team. Please coordinate any appointment with the requester."
Software,"Could someone help with this? The application license is valid, but the program closes immediately after launch. Please investigate the application crash."
Fileservice,the file server reports that a document is locked by a user who is no longer connected. please investigate the stale lock. the request has been logged under [TICKET ID].
Support general,"Hi, The company website is unavailable from several external connections. Please route this to the web operations team. The requester is working from [LOCATION] today."
Support general,Hello team. A company device has been reported missing. Please coordinate the lost asset response with the appropriate teams. Our team needs an update before the next shift.
EOL,Could someone help with this? The old development server has been replaced. Please remove its obsolete network reservations during the retirement work. Please confirm which additional information you need.
Fileservice,Could someone help with this? Please check why the replicated shared folder has different contents at the two offices. The missing files were saved yesterday. Please include the resolution in the ticket notes.
EOL,Please update the asset register to show that [SERVER] has been decommissioned. The retirement work is complete. The request has been logged under [TICKET ID].
Computer-Services,Hello team. My laptop does not power on even with the charger connected. Please arrange a hardware check. Please keep the requester informed of progress.
Computer-Services,My USB keyboard works on another computer but not this workstation. Please inspect the USB ports and drivers. Please advise if this requires a scheduled support session.
Fileservice,Could someone help with this? The file server rejects a folder rename even though I own the contents. Please check the share permissions and open handles. Please advise if this requires a scheduled support session.
Active Directory,Could someone help with this? Our approved delegated administrator cannot manage users in the assigned organizational unit. Please check the directory delegation. Please advise if this requires a scheduled support session.
Active Directory,Could someone help with this? The temporary domain password for our new starter is rejected at first login. Please check the account setup. Please contact [NAME] if more details are needed.
Software,Hello team. The engineering application fails to activate even with the approved license details. Please check the activation service connection. Our team needs an update before the next shift.
Active Directory,Hi support team. Our approved delegated administrator cannot manage users in the assigned organizational unit. Please check the directory delegation. A colleague can assist with the follow-up if I am unavailable.
EOL,Hello team. The old database server has been replaced and is no longer accepting connections. Please carry out the approved retirement checklist. Please coordinate any appointment with the requester.
Software,Hi support team. Our reporting tool crashes when exporting a PDF. Please investigate the report application's error. Please keep the requester informed of progress.
O365,"Hi, OneDrive has stopped synchronizing the documents in my work account. The files are still present locally. Our team needs an update before the next shift."
Software,Hi support team. The procurement application denies access to the purchasing module. My login succeeds and the application owner has approved the role. Please include the resolution in the ticket notes.
Software,"Hi, The approved CAD program crashes whenever I open a drawing. Other applications work normally. The local contact is available during office hours."
O365,Please remove a Microsoft 365 license that is no longer required. Keep the user's domain account active. Please acknowledge receipt so we can track the request.
Active Directory,Hi support team. My directory profile has a duplicate account with a similar username. Please investigate which record should remain active. Please contact [NAME] if more details are needed.
Support general,Could someone help with this? The network socket at my desk has no connection with multiple tested devices. Please arrange a network port check. Please contact [NAME] if more details are needed.
Computer-Services,Hello team. The printer produces faded pages even after a toner replacement. Please check the printer components. Please acknowledge receipt so we can track the request.
Computer-Services,Could someone help with this? My headset microphone is silent in every program. Please troubleshoot the audio device. Our team needs an update before the next shift.
EOL,Hi support team. Please schedule permanent shutdown of the unused test environment. Its owner has approved retirement of the servers. I can provide additional details through the support portal.
Support general,Hello team. Please explain the approval process for buying additional IT equipment. I am requesting procurement guidance at this stage. Please contact [NAME] if more details are needed.
Software,Hello team. Please install the approved PDF editor on my workstation. I need to edit and combine documents for my role. Please confirm which additional information you need.
EOL,"Hi, The legacy application server is due to be shut down permanently. Please review dependencies before the approved retirement window. Please keep the requester informed of progress."
Support general,Hi support team. Several staff cannot reach any internal websites while public internet access works. Please triage the network connectivity issue. Please let us know the next steps.
EOL,Hello team. Please coordinate secure collection of the server hardware being retired from the branch office. The disposal request is approved. Please acknowledge receipt so we can track the request.
Support general,Hi support team. We found an unknown device connected to an office network socket. Please route this to security for investigation. Please keep the requester informed of progress.
O365,I can open Outlook on the web but the desktop client will not connect. Please troubleshoot the Outlook profile. This is affecting work at [LOCATION].
Software,Hi support team. The application update repeatedly asks for local administrator privileges. Please arrange the approved managed installation. We can confirm the affected details when you contact us.
Computer-Services,Hi support team. The printer queue is stuck on a job that cannot be cancelled. Please help restore printing on this workstation. Please include the resolution in the ticket notes.
Software,Hello team. Please update the installed database client to the approved version. The current release cannot connect to our development environment. This is affecting work at [LOCATION].
Fileservice,Could someone help with this? Please create an archive folder on the file server with read-only access for the team. The active project folder should stay writable. Please coordinate any appointment with the requester.
Active Directory,"hi, my domain account locks again immediately after it is unlocked. please check which device is submitting old credentials. this needs to be coordinated with our team lead."
Active Directory,Hello team. My domain account locks again immediately after it is unlocked. Please check which device is submitting old credentials. I can provide additional details through the support portal.
Support general,Could someone help with this? Please direct me to the policy for using a personal device for work. I need the process before submitting a technical request. Please advise if this requires a scheduled support session.
Support general,Could someone help with this? The building has lost power and several IT services have stopped. Please coordinate the incident with the appropriate teams. The requester is working from [LOCATION] today.
O365,"windows login and network shares work normally, but outlook cannot open my mailbox. please investigate the email service. this is affecting work at [LOCATION]."
Software,Hello team. The CRM application gives an internal error when I save a customer record. Please investigate the application workflow. The issue was first reported this morning.
Active Directory,Could someone help with this? Windows says my account is restricted to different logon hours. Please check the schedule configured in the directory. Please acknowledge receipt so we can track the request.
Fileservice,"Hi, Please restore a folder that was removed from the archive share. We can provide its original path and deletion time. Please keep the requester informed of progress."
Active Directory,hi support team. the domain controller cannot find the new computer account during the join process. please check the directory object. our team needs an update before the next shift.
Active Directory,Could someone help with this? Please restore the accidentally disabled directory account for [USERNAME]. The account owner is still an active employee. Please confirm which additional information you need.
Fileservice,Hello team. The file server rejects a folder rename even though I own the contents. Please check the share permissions and open handles. Please acknowledge receipt so we can track the request.
Computer-Services,Hi support team. Several keys on my keyboard have stopped responding. I need a replacement keyboard or repair. We can confirm the affected details when you contact us.
Support general,Hi support team. Please tell me how to request a new item through the IT service catalog. I need guidance on the approval process. Please confirm which additional information you need.
Software,hello team. please uninstall an obsolete third-party application from my workstation. it is no longer required for my work. the issue was first reported this morning.
Support general,"Hi, Please update the contact person on my existing support ticket. The technical issue has not changed. Please contact [NAME] if more details are needed."
Active Directory,"Hello team. I need a domain password reset, not an Outlook mailbox change. Windows login is the part that is failing. Our team needs an update before the next shift."
Computer-Services,Hello team. My monitor flickers even when a different cable is used. Please check whether the display needs replacing. Please acknowledge receipt so we can track the request.
O365,Please increase or archive my mailbox storage as appropriate. Outlook says the mailbox has reached its limit. Please include the resolution in the ticket notes.
O365,Could someone help with this? Please grant approved access to the team SharePoint site. The request is for the Microsoft 365 document library. The requester is working from [LOCATION] today.
Computer-Services,Hello team. The workstation restarts with a blue screen during boot. Please investigate the operating system or device drivers. Please keep the requester informed of progress.
Active Directory,Hello team. Our approved service account needs its password rotated in the directory. Please coordinate the change with the application owner. Please let us know the next steps.
EOL,Please remove the old server from the disaster recovery plan after decommissioning. The replacement has already been added. The request has been logged under [TICKET ID].
EOL,could someone help with this? the retired server is still listed in the vulnerability scanner. please remove the obsolete target from the scanning inventory. this is affecting work at [LOCATION].
Software,Hello team. The application installer rolls back before completion without explaining why. Please help inspect the installation log. We can confirm the affected details when you contact us.
O365,Could someone help with this? I cannot see the shared calendar in Outlook anymore. Please check the calendar sharing permissions. Please confirm which additional information you need.
Software,Please configure the approved ODBC connection for the reporting application. The database access request has already been granted. A colleague can assist with the follow-up if I am unavailable.
Active Directory,Hi support team. My Windows domain account says it is locked after several failed sign-ins. I need it unlocked so I can start work. I can provide additional details through the support portal.
O365,Hello team. Please grant approved access to the shared mailbox for our team. My existing corporate account is active. Please acknowledge receipt so we can track the request.
Computer-Services,my laptop hinge is broken and the screen will not stay upright. please arrange a hardware repair. please include the resolution in the ticket notes.
Computer-Services,Hi support team. The laptop fan runs at full speed and the machine shuts down from heat. Please inspect the cooling system. Please keep the requester informed of progress.
O365,My Teams meeting invitations contain the wrong meeting information. Please investigate the calendar integration. Please keep the requester informed of progress.
Software,"hi, the business application freezes when importing a csv file. the same file opens correctly in a text editor. the local contact is available during office hours."
EOL,"Hi, The legacy application server is due to be shut down permanently. Please review dependencies before the approved retirement window. Please coordinate any appointment with the requester."
Active Directory,hi support team. my domain account is marked as requiring a smart card even though none was issued. please review the account policy. please confirm which additional information you need.
Support general,Hi support team. The remote access gateway is unreachable for several users. Please investigate the network service before checking individual accounts. Please acknowledge receipt so we can track the request.
Computer-Services,Hello team. The laptop cannot detect its built-in wireless adapter. Please check the device driver and hardware. The requester is working from [LOCATION] today.
EOL,Could someone help with this? Please terminate the unused cloud instance after its retirement approval is confirmed. Its workload has been migrated. Our team needs an update before the next shift.
Software,Hello team. Please remove the trial edition of the application and install the licensed edition. The entitlement has been approved. The request has been logged under [TICKET ID].
Support general,Hello team. Please tell me which team owns the legacy internal service. We need to contact its support owner before making a change. The local contact is available during office hours.
Software,The procurement application denies access to the purchasing module. My login succeeds and the application owner has approved the role. The issue was first reported this morning.
EOL,Could someone help with this? Please archive the required configuration records for [SERVER] before its approved disposal. The server will not return to service. The issue was first reported this morning.
EOL,Hi support team. We need the hardware serial numbers recorded before collection of the retired servers. Please coordinate the disposal handover. I can provide additional details through the support portal.
Software,Please configure the approved plugin for the design application. The main program is already installed and licensed. A colleague can assist with the follow-up if I am unavailable.
Support general,hi support team. the network socket at my desk has no connection with multiple tested devices. please arrange a network port check. please coordinate any appointment with the requester.
Active Directory,Could someone help with this? Please move the computer object for [DEVICE] to the approved organizational unit. It currently receives the wrong domain policies. This is affecting work at [LOCATION].
Software,Hello team. Please install the approved Python development environment for my project. The request includes the required package list. I can provide additional details through the support portal.
Support general,"Hi, The company website is unavailable from several external connections. Please route this to the web operations team. Please contact [NAME] if more details are needed."
Support general,we suspect a network outage because phones and computers lost connectivity together. please coordinate initial triage. the request has been logged under [TICKET ID].
Fileservice,"Hi, The shared drive has become very slow to list folders. Applications and local files open normally. Our team needs an update before the next shift."
Support general,"Hi, I accidentally entered my credentials on a suspicious website. Please escalate this to the security response team. Our team needs an update before the next shift."
EOL,Hi support team. Please remove the old server from the disaster recovery plan after decommissioning. The replacement has already been added. We can confirm the affected details when you contact us.
EOL,Hi support team. Please remove the load balancer entry for a retired backend server. It should no longer receive health checks or traffic. Please coordinate any appointment with the requester.
Fileservice,Files created by one colleague are unreadable by everyone else in the shared directory. Please investigate permission inheritance. The request has been logged under [TICKET ID].
Software,Hi support team. My accounting application says its license has expired. Please check the application entitlement and renewal status. Please let us know the next steps.
Active Directory,Our contractor's directory account expired before their extended assignment finished. Please update the account expiry date. This is affecting work at [LOCATION].
Support general,Hello team. Please provide an update on ticket [TICKET ID]. We have not received a response since the last handover. Please advise if this requires a scheduled support session.
Computer-Services,Hi support team. The desktop is stuck at the manufacturer logo and never reaches Windows. Please diagnose the boot failure. Please acknowledge receipt so we can track the request.
Support general,Hello team. I accidentally entered my credentials on a suspicious website. Please escalate this to the security response team.
Computer-Services,Could someone help with this? The conference room camera is physically damaged. Please arrange replacement meeting room equipment. A colleague can assist with the follow-up if I am unavailable.
O365,Hi support team. Please restore an item deleted from my Exchange Online mailbox. It is no longer in the Deleted Items folder. Our team needs an update before the next shift.
EOL,Hi support team. The firewall rules for a permanently retired server are still active. Please coordinate their removal with the network team. We can confirm the affected details when you contact us.
Fileservice,Could someone help with this? Files created by one colleague are unreadable by everyone else in the shared directory. Please investigate permission inheritance. The requester is working from [LOCATION] today.
Support general,Could someone help with this? A visitor needs guidance on how to request temporary internet access. Please direct them to the correct process. The request has been logged under [TICKET ID].
Fileservice,Could someone help with this? Please enable the approved team to create subfolders on the shared drive. They can currently read files but cannot create directories. The requester is working from [LOCATION] today.
Active Directory,Please disable the domain account for [USERNAME]. Their employment has ended and the access removal is approved. Please confirm which additional information you need.
Computer-Services,Hello team. Please arrange a loaner laptop while my damaged workstation is repaired. My existing user account can be reused. Please acknowledge receipt so we can track the request.
Support general,"Hi, Please tell me how to request a new item through the IT service catalog. I need guidance on the approval process. The local contact is available during office hours."
Computer-Services,Hello team. Please set up a replacement desktop at the employee's desk. Their existing account and application access are ready. Please let us know the next steps.
Support general,Could someone help with this? Our site-to-site VPN link is down and the branch cannot reach internal services. Please arrange network triage.
Support general,Hi support team. Please reopen ticket [TICKET ID] because the reported issue is still unresolved. The earlier closure was premature. The issue was first reported this morning.
O365,Could someone help with this? Please recover a deleted file from our SharePoint document library. This file was never on the network drive. Please coordinate any appointment with the requester.
Fileservice,Please restore a folder that was removed from the archive share. We can provide its original path and deletion time. I can provide additional details through the support portal.
Fileservice,Please remove a former team member's access to the project file share. Their domain account should remain active. This is affecting work at [LOCATION].
Computer-Services,The laptop screen has vertical lines before Windows loads. Please check the display hardware. Please contact [NAME] if more details are needed.
Active Directory,Could someone help with this? Domain login works on one office workstation but fails on another for the same user. Please investigate the directory authentication failure. Please advise if this requires a scheduled support session.
Active Directory,Hello team. Please change the logon name for [USERNAME] to match the approved naming standard. Preserve the existing account memberships. The local contact is available during office hours.
Software,Please transfer the approved application license to my replacement workstation. The old installation is no longer used. Our team needs an update before the next shift.
Fileservice,Could someone help with this? I can sign into Windows but receive Access Denied when opening the department network share. Please check the folder permissions. Please include the resolution in the ticket notes.
Software,The browser extension required by our internal application will not install. Please check the approved extension deployment. We can confirm the affected details when you contact us.
O365,Could someone help with this? The Teams channel files tab is blank even though the SharePoint library contains files. Please investigate the integration. Please let us know the next steps.
Computer-Services,Hello team. My docking station no longer detects either external monitor. The laptop screen still works normally. We can confirm the affected details when you contact us.
Computer-Services,Hi support team. The desktop reports a failing hard drive during startup. Please arrange a device assessment and data protection steps. The local contact is available during office hours.
EOL,Could someone help with this? Please remove the obsolete DNS records for a decommissioned server. The replacement uses a different hostname. Please include the resolution in the ticket notes.
EOL,Hello team. The legacy application server is due to be shut down permanently. Please review dependencies before the approved retirement window. Please advise if this requires a scheduled support session.
EOL,Hi support team. We are closing an unused server rack and need the retired assets reconciled against the inventory. Please coordinate the retirement checklist. A colleague can assist with the follow-up if I am unavailable.
Active Directory,Hello team. Please remove a former administrator's directory privileges while keeping their ordinary staff account. The role change is approved. Please keep the requester informed of progress.
EOL,Could someone help with this? The storage volumes belong to a retired virtual server. Please review retention and remove the volumes approved for disposal. This needs to be coordinated with our team lead.
Support general,Could someone help with this? Please help schedule an IT orientation session for new staff. This request is for guidance on the available services. The requester is working from [LOCATION] today.
O365,"Hi, Messages sent to the team shared mailbox are not appearing in Outlook. Please check mail flow and mailbox permissions. Please acknowledge receipt so we can track the request."
Software,Could someone help with this? Please update the installed database client to the approved version. The current release cannot connect to our development environment. The requester is working from [LOCATION] today.
O365,Please assign the approved Microsoft 365 license to our existing employee account. The directory account has already been created. Please contact [NAME] if more details are needed.
Software,Please install the approved Python development environment for my project. The request includes the required package list. This is affecting work at [LOCATION].
EOL,Hi support team. The migration is complete and the old monitoring appliance is no longer required. Please initiate the retirement workflow. A colleague can assist with the follow-up if I am unavailable.
Active Directory,Hi support team. Windows says my account is restricted to different logon hours. Please check the schedule configured in the directory. Please contact [NAME] if more details are needed.
Support general,Hello team. The phone menu sends callers to the wrong office. Please route the issue to the communications team. Please coordinate any appointment with the requester.
Support general,Please tell me how to request a new item through the IT service catalog. I need guidance on the approval process. The requester is working from [LOCATION] today.
Active Directory,"Hello team. I can log into Windows, but my directory account still lists the wrong manager. Please correct the manager attribute. This is affecting work at [LOCATION]."
EOL,"Hi, Please cancel the scheduled backup jobs for a decommissioned server after checking the retention requirements. The service has moved elsewhere. I can provide additional details through the support portal."
Software,Could someone help with this? The scheduling application stopped launching after its update. Please review the update or restore the approved working version.
Active Directory,Hello team. Please investigate an unexpected change to a privileged directory group. We need the membership history and current access reviewed. I can provide additional details through the support portal.
Active Directory,Hi support team. Create a dedicated directory service account for the scheduled job. The approved access scope is attached to the request. This needs to be coordinated with our team lead.
Support general,Could someone help with this? Please reopen ticket [TICKET ID] because the reported issue is still unresolved. The earlier closure was premature. This needs to be coordinated with our team lead.
O365,"Hi, Our Microsoft 365 account asks for multifactor authentication on a phone I no longer have. Please help reset the registered method. We can confirm the affected details when you contact us."
Computer-Services,The scanner is not listed among the devices on my computer. Please install its approved driver. A colleague can assist with the follow-up if I am unavailable.
Computer-Services,Could someone help with this? My external monitor says no signal while the laptop is docked. The monitor works when connected directly. We can confirm the affected details when you contact us.
Computer-Services,Hello team. Please arrange a loaner laptop while my damaged workstation is repaired. My existing user account can be reused.
EOL,Hello team. Please cancel the scheduled backup jobs for a decommissioned server after checking the retention requirements. The service has moved elsewhere. Please let us know the next steps.
Support general,Could someone help with this? Please help arrange accessibility support for using our IT services. I need an initial discussion to determine the right assistance. Please acknowledge receipt so we can track the request.
Computer-Services,Hello team. The office printer has paper stuck inside and will not feed a new page. Please help clear the jam. The requester is working from [LOCATION] today.
Computer-Services,Please set up a replacement desktop at the employee's desk. Their existing account and application access are ready. A colleague can assist with the follow-up if I am unavailable.
Computer-Services,Hello team. The office printer is printing duplicate copies of every job. Please check the device configuration and print queue. Our team needs an update before the next shift.
O365,"Hi, An email I sent from Outlook returned a nondelivery report. Please help investigate the mailbox delivery issue. We have included the relevant details in the service request."
Computer-Services,hi support team. the laptop cannot detect its built-in wireless adapter. please check the device driver and hardware. this needs to be coordinated with our team lead.
Support general,"Hi, The service portal will not let me submit an attachment with my support request. Please help me provide the diagnostic information. Our team needs an update before the next shift."
Software,Please remove the trial edition of the application and install the licensed edition. The entitlement has been approved.
EOL,"Hi, The firewall rules for a permanently retired server are still active. Please coordinate their removal with the network team. I can provide additional details through the support portal."
Active Directory,Hi support team. My directory profile has a duplicate account with a similar username. Please investigate which record should remain active. Please confirm which additional information you need.
EOL,Please clean up the server-specific service account after the host is retired. Confirm that no other service depends on it first. Please keep the requester informed of progress.
Fileservice,"Hi, Please provide a list of who can access the restricted folder on the file server. We need to review its effective permissions."
Support general,hi support team. please help arrange accessibility support for using our it services. i need an initial discussion to determine the right assistance. please advise if this requires a scheduled support session.
O365,"Hi, Outlook keeps asking me to sign in even though my Windows login works. Please investigate the mailbox connection. Please include the resolution in the ticket notes."
Active Directory,Could someone help with this? Our approved service account needs its password rotated in the directory. Please coordinate the change with the application owner. Please confirm which additional information you need.
Software,could someone help with this? my accounting application says its license has expired. please check the application entitlement and renewal status. our team needs an update before the next shift.
Fileservice,Hello team. Please transfer ownership of the project folder on the file server. The current owner has moved to another team. This is affecting work at [LOCATION].
Fileservice,Could someone help with this? The network drive shows a red cross and will not reconnect. Other office services are working. The requester is working from [LOCATION] today.
Active Directory,Could someone help with this? Please grant [USERNAME] membership in the approved remote access directory group. The VPN service itself is working. The local contact is available during office hours.
Active Directory,Please set the approved expiry date on a temporary directory account. It should not remain active indefinitely. This needs to be coordinated with our team lead.
Computer-Services,"Hi, My monitor flickers even when a different cable is used. Please check whether the display needs replacing. The request has been logged under [TICKET ID]."
Computer-Services,Hello team. The laptop cannot detect its built-in wireless adapter. Please check the device driver and hardware. I can provide additional details through the support portal.
Computer-Services,Please configure duplex printing on the new multifunction printer. Single-sided printing already works. The issue was first reported this morning.
Active Directory,"Hi support team. I can log into Windows, but my directory account still lists the wrong manager. Please correct the manager attribute. The request has been logged under [TICKET ID]."
O365,Hello team. The Teams desktop app is stuck on the loading screen while the web version works. Please help repair the Teams client. I can provide additional details through the support portal.
Computer-Services,Hi support team. The office printer is printing duplicate copies of every job. Please check the device configuration and print queue.
Active Directory,Hello team. Please restore the accidentally disabled directory account for [USERNAME]. The account owner is still an active employee. We can confirm the affected details when you contact us.
Support general,Hello team. We suspect a network outage because phones and computers lost connectivity together. Please coordinate initial triage.
Support general,Please merge my duplicate support requests into the existing incident. They describe the same problem. We have included the relevant details in the service request.
O365,"Hi, Please create a room mailbox for the new meeting space. The booking permissions have been approved. Please confirm which additional information you need."
Software,Hello team. The software deployment portal reports that the requested application installation failed. Please check the deployment package. The issue was first reported this morning.
Support general,Please tell me which team owns the legacy internal service. We need to contact its support owner before making a change. The requester is working from [LOCATION] today.
EOL,Could someone help with this? The old print server has no remaining queues or clients. Please complete its scheduled decommissioning. Please keep the requester informed of progress.
Fileservice,Please restore a folder that was removed from the archive share. We can provide its original path and deletion time. Our team needs an update before the next shift.
Software,The application update repeatedly asks for local administrator privileges. Please arrange the approved managed installation. Please advise if this requires a scheduled support session.
Software,Hello team. The procurement application denies access to the purchasing module. My login succeeds and the application owner has approved the role. Our team needs an update before the next shift.
Computer-Services,"Hi, The laptop screen has vertical lines before Windows loads. Please check the display hardware. This is affecting work at [LOCATION]."
O365,Hi support team. Please remove a Microsoft 365 license that is no longer required. Keep the user's domain account active. Please contact [NAME] if more details are needed.
O365,"Could someone help with this? Windows login and network shares work normally, but Outlook cannot open my mailbox. Please investigate the email service. Please acknowledge receipt so we can track the request."
EOL,hi support team. the migration is complete and the old monitoring appliance is no longer required. please initiate the retirement workflow. i can provide additional details through the support portal.
Fileservice,"Hi, The DFS path opens an outdated copy of our shared folder. Please check the file service referral and replication. Please coordinate any appointment with the requester."
Computer-Services,The webcam is not detected by any application. Please check the camera hardware and driver. A colleague can assist with the follow-up if I am unavailable.
O365,The Outlook meeting room calendar shows conflicting bookings. Please investigate the room mailbox configuration.
O365,Hi support team. Outlook keeps asking me to sign in even though my Windows login works. Please investigate the mailbox connection. The request has been logged under [TICKET ID].
Fileservice,Could someone help with this? The department file share is full and refuses new uploads. Please review the share quota and available capacity. Please confirm which additional information you need.
Computer-Services,could someone help with this? the scanner is not listed among the devices on my computer. please install its approved driver. the request has been logged under [TICKET ID].
Software,Hello team. Please install the approved database driver required by the analytics application. The workstation itself is working normally. Please include the resolution in the ticket notes.
Software,Hello team. Our reporting tool crashes when exporting a PDF. Please investigate the report application's error. Please acknowledge receipt so we can track the request.
Software,Could someone help with this? Please install the approved compression utility for our archive workflow. We do not need changes to file share permissions. This needs to be coordinated with our team lead.
EOL,Hi support team. Please cancel the scheduled backup jobs for a decommissioned server after checking the retention requirements. The service has moved elsewhere. Please acknowledge receipt so we can track the request.
Computer-Services,"Hi, The laptop battery is swollen and the case is separating. Please arrange safe collection and a replacement device. Please acknowledge receipt so we can track the request."
Computer-Services,hello team. the laptop fan runs at full speed and the machine shuts down from heat. please inspect the cooling system. please contact [NAME] if more details are needed.
Active Directory,Could someone help with this? Please grant [USERNAME] membership in the approved remote access directory group. The VPN service itself is working. The request has been logged under [TICKET ID].
Active Directory,Could someone help with this? Please join the replacement workstation [DEVICE] to our corporate domain. The device setup is otherwise complete. The issue was first reported this morning.
Support general,Could someone help with this? The company website is unavailable from several external connections. Please route this to the web operations team. This is affecting work at [LOCATION].
Software,The inventory application opens a blank window after its latest update. Please investigate the application startup failure. We can confirm the affected details when you contact us.
Fileservice,please check why the replicated shared folder has different contents at the two offices. the missing files were saved yesterday. please coordinate any appointment with the requester.
Support general,Could someone help with this? Please coordinate a planned office shutdown with the relevant IT teams. Several services need to be included in the schedule. Please confirm which additional information you need.
Computer-Services,"hi, the desktop is stuck at the manufacturer logo and never reaches windows. please diagnose the boot failure. please keep the requester informed of progress."
Software,"hi, my accounting application says its license has expired. please check the application entitlement and renewal status. we can confirm the affected details when you contact us."
EOL,Hello team. Please remove the service discovery entries for a decommissioned host. Clients should use the replacement service. We have included the relevant details in the service request.
Active Directory,"I can log into Windows, but my directory account still lists the wrong manager. Please correct the manager attribute."
Software,the application installer rolls back before completion without explaining why. please help inspect the installation log. please coordinate any appointment with the requester.
EOL,Could someone help with this? Please archive the required configuration records for [SERVER] before its approved disposal. The server will not return to service. The requester is working from [LOCATION] today.
Software,Could someone help with this? Please update the installed database client to the approved version. The current release cannot connect to our development environment. Please coordinate any appointment with the requester.
O365,Please grant approved access to the team SharePoint site. The request is for the Microsoft 365 document library. The issue was first reported this morning.
O365,"hi, the teams desktop app is stuck on the loading screen while the web version works. please help repair the teams client. this is affecting work at [LOCATION]."
Support general,The support portal shows my request as assigned to the wrong location. Please correct the routing information. This is affecting work at [LOCATION].
Fileservice,Hi support team. Please remove an obsolete network share after its contents have been migrated. The file server itself must remain in service. The request has been logged under [TICKET ID].
EOL,Hello team. Our old virtual machine has been shut down permanently. Please complete its approved removal from the virtualization platform. Please include the resolution in the ticket notes.
EOL,Hi support team. We need confirmation that no clients still connect to the host marked for retirement. Please complete this decommissioning prerequisite. Please confirm which additional information you need.
Fileservice,Hello team. Please transfer ownership of the project folder on the file server. The current owner has moved to another team. Please advise if this requires a scheduled support session.
O365,My Outlook rules are moving important messages to the wrong folder. Please help review the mailbox rules. Please contact [NAME] if more details are needed.
Computer-Services,Hello team. My external monitor says no signal while the laptop is docked. The monitor works when connected directly. We have included the relevant details in the service request.
Software,hello team. please install the required language pack for the approved business application. the core application already works. the issue was first reported this morning.
EOL,Hi support team. The migration is complete and the old monitoring appliance is no longer required. Please initiate the retirement workflow. This is affecting work at [LOCATION].
O365,Could someone help with this? OneDrive says an item cannot sync because its path is too long. Please help resolve the Microsoft 365 sync error. We have included the relevant details in the service request.
Active Directory,Please move the computer object for [DEVICE] to the approved organizational unit. It currently receives the wrong domain policies. Please include the resolution in the ticket notes.
O365,"Hi, Teams does not show my updated display name even though the directory is correct. Please check the Microsoft 365 profile synchronization. This needs to be coordinated with our team lead."
Software,"Hi, Please transfer the approved application license to my replacement workstation. The old installation is no longer used. Please contact [NAME] if more details are needed."
Support general,Could someone help with this? Our site-to-site VPN link is down and the branch cannot reach internal services. Please arrange network triage. Please contact [NAME] if more details are needed.
EOL,Could someone help with this? Please close the configuration item for a decommissioned server in the service inventory. Keep the historical change records. Please keep the requester informed of progress.
EOL,Hi support team. The storage volumes belong to a retired virtual server. Please review retention and remove the volumes approved for disposal. The request has been logged under [TICKET ID].
Computer-Services,"Hi, My desktop has become very slow and reports memory errors at startup. Please run hardware diagnostics. This is affecting work at [LOCATION]."
Software,Could someone help with this? The development IDE cannot find its installed compiler. Please help configure the application toolchain. The local contact is available during office hours.
EOL,Hi support team. Please reclaim the server licenses that are no longer needed following decommissioning. The replacement licenses are managed separately. We have included the relevant details in the service request.
O365,"Hi, External attendees cannot join our Teams meeting. Please check the meeting's guest access settings. I can provide additional details through the support portal."
O365,"Hi, My Teams meeting invitations contain the wrong meeting information. Please investigate the calendar integration. Please contact [NAME] if more details are needed."
Support general,Could someone help with this? A company device has been reported missing. Please coordinate the lost asset response with the appropriate teams. Please advise if this requires a scheduled support session.
O365,Hello team. The Teams desktop app is stuck on the loading screen while the web version works. Please help repair the Teams client. Please contact [NAME] if more details are needed.
Computer-Services,Hi support team. Please arrange a loaner laptop while my damaged workstation is repaired. My existing user account can be reused. Please advise if this requires a scheduled support session.
O365,Hello team. The Outlook meeting room calendar shows conflicting bookings. Please investigate the room mailbox configuration. This needs to be coordinated with our team lead.
Fileservice,Hi support team. Please move the project directory to the new file server while preserving its access permissions. We need a coordinated migration window. The local contact is available during office hours.
Support general,hello team. please explain the approval process for buying additional it equipment. i am requesting procurement guidance at this stage. we can confirm the affected details when you contact us.
Fileservice,Please create a shared folder for the new project with the approved access list. It should be hosted on the network file server. The local contact is available during office hours.
Active Directory,Could someone help with this? My workstation reports that the trust relationship with the domain has failed. Other staff can still sign into their computers. The requester is working from [LOCATION] today.
Software,Our time tracking app keeps logging me out while other services stay connected. Please investigate its session handling. Please confirm which additional information you need.
Software,could someone help with this? please repair the installation of the approved diagramming tool. its shortcut reports a missing executable. this needs to be coordinated with our team lead.
Fileservice,Could someone help with this? We need the previous version of a spreadsheet saved on the departmental file server. The current version was overwritten. Please keep the requester informed of progress.
Software,"Hi support team. The application license is valid, but the program closes immediately after launch. Please investigate the application crash. Please acknowledge receipt so we can track the request."
Active Directory,Hi support team. Domain login works on one office workstation but fails on another for the same user. Please investigate the directory authentication failure. We can confirm the affected details when you contact us.
Fileservice,Please remove a former team member's access to the project file share. Their domain account should remain active. The local contact is available during office hours.
Active Directory,"Hi, My domain account is marked as requiring a smart card even though none was issued. Please review the account policy. Please keep the requester informed of progress."
Software,Hi support team. My accounting application says its license has expired. Please check the application entitlement and renewal status. Please contact [NAME] if more details are needed.
Fileservice,Hello team. My mapped network drive has disappeared after signing in. Please help reconnect it to the existing file share. The request has been logged under [TICKET ID].
Active Directory,Could someone help with this? Remove [USERNAME] from the old department's directory groups following their transfer. Keep their domain account active. Please keep the requester informed of progress.
Fileservice,Hello team. Please map the existing team file share on my replacement workstation. My account already has approved access. The issue was first reported this morning.
Active Directory,"Hello team. I can log into Windows, but my directory account still lists the wrong manager. Please correct the manager attribute. Please advise if this requires a scheduled support session."
O365,Hello team. Please grant approved access to the shared mailbox for our team. My existing corporate account is active. Please advise if this requires a scheduled support session.
Active Directory,hello team. please set the approved expiry date on a temporary directory account. it should not remain active indefinitely. please keep the requester informed of progress.
O365,"Could someone help with this? Teams will not load my chats, but the rest of my internet connection works. Please check my Microsoft 365 service access. Please advise if this requires a scheduled support session."
EOL,"Hi, The retired cluster node still appears in the management console. Please remove its stale registration after checking cluster membership. The requester is working from [LOCATION] today."
Fileservice,Hi support team. I accidentally deleted a document from the shared drive. Please check whether it can be restored from the file server backup. The issue was first reported this morning.
Computer-Services,Hello team. My monitor flickers even when a different cable is used. Please check whether the display needs replacing. We can confirm the affected details when you contact us.
Fileservice,"Hi, Please remove a former team member's access to the project file share. Their domain account should remain active. Please confirm which additional information you need."
Support general,Could someone help with this? Please coordinate a planned office shutdown with the relevant IT teams. Several services need to be included in the schedule. We can confirm the affected details when you contact us.
Software,PDF files fail to open in the installed reader but work in another viewer. Please repair the reader application. Please include the resolution in the ticket notes.
Computer-Services,Please configure duplex printing on the new multifunction printer. Single-sided printing already works. We can confirm the affected details when you contact us.
Software,"Hi, The procurement application denies access to the purchasing module. My login succeeds and the application owner has approved the role. A colleague can assist with the follow-up if I am unavailable."
Software,Please install the approved Python development environment for my project. The request includes the required package list. The request has been logged under [TICKET ID].
Fileservice,Hello team. The shared drive has become very slow to list folders. Applications and local files open normally. Please include the resolution in the ticket notes.
Active Directory,Our new hire's domain account was created in the wrong organizational unit. Please move it before their first login. Please acknowledge receipt so we can track the request.
EOL,Please begin the approved retirement of [SERVER]. The replacement service is live and the old machine is no longer needed. Please acknowledge receipt so we can track the request.
Fileservice,Could someone help with this? Please check why offline copies of our network share do not synchronize after reconnecting. The file server is reachable. I can provide additional details through the support portal.
Active Directory,Hi support team. The account unlock portal says my corporate username does not exist. Please check my directory record. Please confirm which additional information you need.
Support general,Hi support team. Please provide the current status of the announced service interruption. We need to know which teams are investigating. The local contact is available during office hours.
Fileservice,Hi support team. Please provide a list of who can access the restricted folder on the file server. We need to review its effective permissions. Please acknowledge receipt so we can track the request.
Software,adobe acrobat fails to install with error 1603. please investigate the application installer. the issue was first reported this morning.
Active Directory,hi support team. our approved service account needs its password rotated in the directory. please coordinate the change with the application owner. please contact [NAME] if more details are needed.
Fileservice,Hi support team. The department share is accessible by server name but not through its usual network path. Please investigate the file service namespace.
Software,The software deployment portal reports that the requested application installation failed. Please check the deployment package. Please advise if this requires a scheduled support session.
Active Directory,Hello team. Please investigate an unexpected change to a privileged directory group. We need the membership history and current access reviewed. We can confirm the affected details when you contact us.
Software,Hello team. Please configure the approved plugin for the design application. The main program is already installed and licensed. This needs to be coordinated with our team lead.
EOL,Hello team. Please schedule permanent shutdown of the unused test environment. Its owner has approved retirement of the servers. Please coordinate any appointment with the requester.
Software,Hello team. Please install the required language pack for the approved business application. The core application already works. This needs to be coordinated with our team lead.
EOL,"Hi, The retired server still triggers availability alerts. Please remove its monitoring checks as part of the closure process. The issue was first reported this morning."
EOL,Hello team. The legacy mail server is being permanently retired after migration. Please complete the server decommissioning work. Please keep the requester informed of progress.
EOL,"Hi, Please release the reserved IP address for [SERVER] after its approved retirement. Confirm the address is no longer in use first. The request has been logged under [TICKET ID]."
O365,The Teams desktop app is stuck on the loading screen while the web version works. Please help repair the Teams client. Please acknowledge receipt so we can track the request.
Active Directory,Please create a domain account for our new starter [NAME]. Their manager has approved the onboarding request. The issue was first reported this morning.
Active Directory,Could someone help with this? My domain account is marked as requiring a smart card even though none was issued. Please review the account policy. Please advise if this requires a scheduled support session.
Active Directory,Please update the employee's department and office attributes in the directory. Their login name should stay the same. The local contact is available during office hours.
O365,Hello team. The Teams channel files tab is blank even though the SharePoint library contains files. Please investigate the integration. Please confirm which additional information you need.
Fileservice,Hello team. Please check why the replicated shared folder has different contents at the two offices. The missing files were saved yesterday. Please contact [NAME] if more details are needed.
Computer-Services,The webcam is not detected by any application. Please check the camera hardware and driver. We have included the relevant details in the service request.
Computer-Services,My laptop hinge is broken and the screen will not stay upright. Please arrange a hardware repair. Our team needs an update before the next shift.
Support general,Could someone help with this? The corporate web page is blocked by the network filtering service. Please route an approved access review to the appropriate team. This needs to be coordinated with our team lead.
O365,Hi support team. Please create a distribution list in Exchange Online with the approved members. We need it for team announcements. Please confirm which additional information you need.
Computer-Services,Could someone help with this? The printer produces faded pages even after a toner replacement. Please check the printer components. Please advise if this requires a scheduled support session.
EOL,Hi support team. We are closing an unused server rack and need the retired assets reconciled against the inventory. Please coordinate the retirement checklist. The issue was first reported this morning.
EOL,Could someone help with this? Please archive the required configuration records for [SERVER] before its approved disposal. The server will not return to service. Please coordinate any appointment with the requester.
EOL,"hi, the retired server still triggers availability alerts. please remove its monitoring checks as part of the closure process. the request has been logged under [TICKET ID]."
Computer-Services,could someone help with this? please arrange a loaner laptop while my damaged workstation is repaired. my existing user account can be reused. the local contact is available during office hours.
EOL,Could someone help with this? The legacy mail server is being permanently retired after migration. Please complete the server decommissioning work. This needs to be coordinated with our team lead.
Computer-Services,Hi support team. My Bluetooth mouse disconnects from this laptop every few minutes. Please check the peripheral connection. Please contact [NAME] if more details are needed.
Computer-Services,Hello team. The operating system update left my laptop in a repeated recovery loop. Please help repair the workstation. I can provide additional details through the support portal.
Computer-Services,The printer produces faded pages even after a toner replacement. Please check the printer components. Please confirm which additional information you need.
Software,Hello team. Please remove the trial edition of the application and install the licensed edition. The entitlement has been approved. Please include the resolution in the ticket notes.
O365,"Hi, Please recover a deleted file from our SharePoint document library. This file was never on the network drive. Please let us know the next steps."
EOL,Could someone help with this? Please remove the load balancer entry for a retired backend server. It should no longer receive health checks or traffic. The issue was first reported this morning.
O365,Could someone help with this? My OneDrive folder shows a sync conflict for a document edited on two devices. Please help reconcile the copies. A colleague can assist with the follow-up if I am unavailable.
Software,Hi support team. Our reporting tool crashes when exporting a PDF. Please investigate the report application's error. I can provide additional details through the support portal.
EOL,Could someone help with this? The old print server has no remaining queues or clients. Please complete its scheduled decommissioning. We have included the relevant details in the service request.
Software,"Hi, Adobe Acrobat fails to install with error 1603. Please investigate the application installer. The request has been logged under [TICKET ID]."
Support general,"Hi, Please help schedule an IT orientation session for new staff. This request is for guidance on the available services. Please advise if this requires a scheduled support session."
Support general,Could someone help with this? Our site-to-site VPN link is down and the branch cannot reach internal services. Please arrange network triage. This is affecting work at [LOCATION].
O365,"Hi, The Teams channel files tab is blank even though the SharePoint library contains files. Please investigate the integration. Please keep the requester informed of progress."
O365,Hi support team. Excel says my Microsoft 365 subscription cannot be verified. The application is installed and my other services work. Please contact [NAME] if more details are needed.
Software,Hello team. The document conversion tool creates damaged output files. Please check the application's configuration and version. Our team needs an update before the next shift.
Software,Hi support team. The inventory application opens a blank window after its latest update. Please investigate the application startup failure. Please include the resolution in the ticket notes.
Active Directory,please investigate an unexpected change to a privileged directory group. we need the membership history and current access reviewed. please advise if this requires a scheduled support session.
O365,Could someone help with this? Skype for Business will not sign in with my work account. Please investigate the collaboration service connection. The local contact is available during office hours.
O365,"Hi, OneDrive has stopped synchronizing the documents in my work account. The files are still present locally. Please advise if this requires a scheduled support session."
Active Directory,Hello team. Please restore the accidentally disabled directory account for [USERNAME]. The account owner is still an active employee.
Active Directory,Hi support team. The domain controller cannot find the new computer account during the join process. Please check the directory object. Please acknowledge receipt so we can track the request.
O365,"teams will not load my chats, but the rest of my internet connection works. please check my microsoft 365 service access. our team needs an update before the next shift."
Computer-Services,hi support team. the trackpad clicks by itself and makes the laptop difficult to use. please inspect the pointing device. please let us know the next steps.
Software,Hello team. Please install the approved PDF editor on my workstation. I need to edit and combine documents for my role. A colleague can assist with the follow-up if I am unavailable.
Fileservice,Could someone help with this? I accidentally deleted a document from the shared drive. Please check whether it can be restored from the file server backup. A colleague can assist with the follow-up if I am unavailable.
Fileservice,Please transfer ownership of the project folder on the file server. The current owner has moved to another team. The issue was first reported this morning.
Computer-Services,Could someone help with this? The touchscreen registers touches in the wrong position. Please calibrate or repair the display.
O365,Hello team. Please create a distribution list in Exchange Online with the approved members. We need it for team announcements. Please advise if this requires a scheduled support session.
Support general,"Hi, Please help schedule an IT orientation session for new staff. This request is for guidance on the available services. Please confirm which additional information you need."
Fileservice,"hi, the department share is accessible by server name but not through its usual network path. please investigate the file service namespace. we can confirm the affected details when you contact us."
Support general,Hello team. Please provide the current status of the announced service interruption. We need to know which teams are investigating. The request has been logged under [TICKET ID].
EOL,Hello team. Our old virtual machine has been shut down permanently. Please complete its approved removal from the virtualization platform. This needs to be coordinated with our team lead.
Computer-Services,"Hi, My Bluetooth mouse disconnects from this laptop every few minutes. Please check the peripheral connection. The issue was first reported this morning."
EOL,"Hi, We need a disposal record for a server that has reached the end of its service life. Please coordinate the retirement paperwork. The request has been logged under [TICKET ID]."
Active Directory,Hi support team. My directory profile has a duplicate account with a similar username. Please investigate which record should remain active. Our team needs an update before the next shift.
Fileservice,The file server backup restore completed but the recovered folder has incorrect permissions. Please restore the approved access settings. Please advise if this requires a scheduled support session.
Computer-Services,The trackpad clicks by itself and makes the laptop difficult to use. Please inspect the pointing device. The issue was first reported this morning.
Fileservice,"Hi, The network drive shows a red cross and will not reconnect. Other office services are working. Please contact [NAME] if more details are needed."
Computer-Services,the workstation clock resets whenever power is disconnected. please check the internal battery. please coordinate any appointment with the requester.
Support general,Hi support team. A visitor needs guidance on how to request temporary internet access. Please direct them to the correct process. Please advise if this requires a scheduled support session.
Active Directory,Hi support team. Please join the replacement workstation [DEVICE] to our corporate domain. The device setup is otherwise complete. The request has been logged under [TICKET ID].
Support general,hi support team. please help schedule an it orientation session for new staff. this request is for guidance on the available services. please coordinate any appointment with the requester.
Active Directory,"Hi, The domain controller cannot find the new computer account during the join process. Please check the directory object. We can confirm the affected details when you contact us."
Software,Please grant approved access to the project management application. My corporate login already works. Please keep the requester informed of progress.
EOL,Please verify that the decommissioned host has no remaining public DNS entry. The replacement endpoint is already in service. Please advise if this requires a scheduled support session.
O365,Could someone help with this? Please configure an approved email alias for my existing mailbox. My primary address should stay unchanged. The issue was first reported this morning.
O365,Could someone help with this? Please change the owner of our Microsoft Teams team. The current owner has transferred to another department. Please contact [NAME] if more details are needed.
Computer-Services,Hello team. The trackpad clicks by itself and makes the laptop difficult to use. Please inspect the pointing device. We can confirm the affected details when you contact us.
Active Directory,Could someone help with this? Please set the approved expiry date on a temporary directory account. It should not remain active indefinitely. The issue was first reported this morning.
O365,Could someone help with this? Please configure an approved email alias for my existing mailbox. My primary address should stay unchanged. Our team needs an update before the next shift.
Software,Please install the approved Python development environment for my project. The request includes the required package list. Please contact [NAME] if more details are needed.
Support general,could someone help with this? the remote access gateway is unreachable for several users. please investigate the network service before checking individual accounts. please contact [NAME] if more details are needed.
Support general,Could someone help with this? Please tell me which team owns the legacy internal service. We need to contact its support owner before making a change. Please acknowledge receipt so we can track the request.
Active Directory,"Hi, I can log into Windows, but my directory account still lists the wrong manager. Please correct the manager attribute. We have included the relevant details in the service request."
Computer-Services,Hi support team. The scanner feeder pulls several sheets at once. Please service the document feeder. Our team needs an update before the next shift.
Software,"Hi, Please package the approved utility for installation through the software portal. The business owner has approved its use. Our team needs an update before the next shift."
EOL,"Hi, Our old virtual machine has been shut down permanently. Please complete its approved removal from the virtualization platform."
EOL,Hi support team. Please remove the load balancer entry for a retired backend server. It should no longer receive health checks or traffic. Please advise if this requires a scheduled support session.
Fileservice,I can sign into Windows but receive Access Denied when opening the department network share. Please check the folder permissions.
Computer-Services,Hi support team. My laptop does not power on even with the charger connected. Please arrange a hardware check. I can provide additional details through the support portal.
EOL,Could someone help with this? The retired server is still listed in the vulnerability scanner. Please remove the obsolete target from the scanning inventory. A colleague can assist with the follow-up if I am unavailable.
O365,Hello team. Please restore an item deleted from my Exchange Online mailbox. It is no longer in the Deleted Items folder. We can confirm the affected details when you contact us.
Support general,"Hi, I have a general IT question about requesting support during travel. Please explain the approved contact and escalation process. Please let us know the next steps."
Active Directory,Hi support team. Please restore the accidentally disabled directory account for [USERNAME]. The account owner is still an active employee. The request has been logged under [TICKET ID].
Support general,Could someone help with this? Our office move needs coordination across several IT teams. Please assign someone to help plan the support requests. A colleague can assist with the follow-up if I am unavailable.
EOL,Hello team. The migration is complete and the old monitoring appliance is no longer required. Please initiate the retirement workflow. The requester is working from [LOCATION] today.
Support general,Hello team. Please reopen ticket [TICKET ID] because the reported issue is still unresolved. The earlier closure was premature. Our team needs an update before the next shift.
Fileservice,Please map the existing team file share on my replacement workstation. My account already has approved access. Please contact [NAME] if more details are needed.
Support general,Hi support team. Our office telephone cannot make external calls. Please route the issue to the telephony support team. The issue was first reported this morning.
Computer-Services,Could someone help with this? My external monitor says no signal while the laptop is docked. The monitor works when connected directly. This is affecting work at [LOCATION].
EOL,"Hi, Please verify that the decommissioned host has no remaining public DNS entry. The replacement endpoint is already in service. Please confirm which additional information you need."
O365,Hi support team. External attendees cannot join our Teams meeting. Please check the meeting's guest access settings. Please coordinate any appointment with the requester.
Software,hello team. please enable my approved role in the expense management application. i can sign in but cannot submit reports. please let us know the next steps.
O365,could someone help with this? excel says my microsoft 365 subscription cannot be verified. the application is installed and my other services work. we have included the relevant details in the service request.
EOL,hi support team. please confirm completion of the retirement change for [SERVER]. we still need evidence that monitoring and network cleanup are finished. please coordinate any appointment with the requester.
O365,"Please update the members of our email distribution group. This is an email list change, not a directory login issue. We can confirm the affected details when you contact us."
Software,The business application freezes when importing a CSV file. The same file opens correctly in a text editor. We have included the relevant details in the service request.
Active Directory,Could someone help with this? Please remove a former administrator's directory privileges while keeping their ordinary staff account. The role change is approved. A colleague can assist with the follow-up if I am unavailable.
EOL,Hi support team. Please schedule permanent shutdown of the unused test environment. Its owner has approved retirement of the servers. We have included the relevant details in the service request.
Fileservice,Could someone help with this? Please enable the approved team to create subfolders on the shared drive. They can currently read files but cannot create directories. I can provide additional details through the support portal.
O365,Hello team. Please create a room mailbox for the new meeting space. The booking permissions have been approved. Our team needs an update before the next shift.
Support general,Hi support team. I cannot identify which service is failing from the error on the screen. Please help diagnose it before assigning a specialist. The request has been logged under [TICKET ID].
EOL,"Hi, Please unregister the retired server from the patch management platform. It has been permanently removed from service. The requester is working from [LOCATION] today."
O365,Please configure an approved email alias for my existing mailbox. My primary address should stay unchanged. This needs to be coordinated with our team lead.
Support general,Could someone help with this? Our office move needs coordination across several IT teams. Please assign someone to help plan the support requests. Please coordinate any appointment with the requester.
Active Directory,Hello team. Remove [USERNAME] from the old department's directory groups following their transfer. Keep their domain account active. Please contact [NAME] if more details are needed.
Computer-Services,Could someone help with this? The internal speakers crackle even when playing a local audio file. Please inspect the audio driver and hardware. The request has been logged under [TICKET ID].
Active Directory,Could someone help with this? Please investigate an unexpected change to a privileged directory group. We need the membership history and current access reviewed. We have included the relevant details in the service request.
Active Directory,"Hi, Our contractor's directory account expired before their extended assignment finished. Please update the account expiry date. The request has been logged under [TICKET ID]."
Computer-Services,Hi support team. The laptop battery is swollen and the case is separating. Please arrange safe collection and a replacement device. This needs to be coordinated with our team lead.
Support general,Hi support team. Our office move needs coordination across several IT teams. Please assign someone to help plan the support requests. I can provide additional details through the support portal.
Support general,The corporate web page is blocked by the network filtering service. Please route an approved access review to the appropriate team. Please confirm which additional information you need.
Support general,Hello team. Our office move needs coordination across several IT teams. Please assign someone to help plan the support requests. This is affecting work at [LOCATION].
Fileservice,could someone help with this? my mapped network drive has disappeared after signing in. please help reconnect it to the existing file share. please confirm which additional information you need.
Support general,"Hi, Please provide an update on ticket [TICKET ID]. We have not received a response since the last handover. This is affecting work at [LOCATION]."
Software,Could someone help with this? Please install the approved PDF editor on my workstation. I need to edit and combine documents for my role. Please let us know the next steps.
Computer-Services,Hi support team. Several keys on my keyboard have stopped responding. I need a replacement keyboard or repair.
O365,The Teams channel files tab is blank even though the SharePoint library contains files. Please investigate the integration. We have included the relevant details in the service request.
Fileservice,Please grant [USERNAME] read-only access to the approved folder on our file server. Their manager has approved the request. Please advise if this requires a scheduled support session.
Fileservice,Hi support team. The shared drive is prompting for credentials repeatedly even though my domain login works. Please investigate authentication to the file server. A colleague can assist with the follow-up if I am unavailable.
Computer-Services,Hi support team. The operating system update left my laptop in a repeated recovery loop. Please help repair the workstation. Our team needs an update before the next shift.
EOL,Hi support team. The retired host still has an active certificate renewal job. Please close the renewal task as part of the retirement cleanup. We have included the relevant details in the service request.
Software,Hi support team. Adobe Acrobat fails to install with error 1603. Please investigate the application installer. We can confirm the affected details when you contact us.
EOL,Hi support team. Please clean up the server-specific service account after the host is retired. Confirm that no other service depends on it first. I can provide additional details through the support portal.
Computer-Services,The scanner produces a solid black page for every document. Please inspect the scanning hardware. Please advise if this requires a scheduled support session.
Active Directory,Hi support team. Please audit the nested directory groups that give [USERNAME] administrative access. We need to verify the approved membership path. Please contact [NAME] if more details are needed.
EOL,Hello team. The retired server still triggers availability alerts. Please remove its monitoring checks as part of the closure process. Please acknowledge receipt so we can track the request.
Software,Our reporting tool crashes when exporting a PDF. Please investigate the report application's error. Please confirm which additional information you need.
Computer-Services,could someone help with this? please reinstall the operating system on the approved replacement workstation. the required files have been backed up. we can confirm the affected details when you contact us.
Computer-Services,The laptop battery is swollen and the case is separating. Please arrange safe collection and a replacement device. The requester is working from [LOCATION] today.
O365,"Hi, OneDrive has stopped synchronizing the documents in my work account. The files are still present locally. This is affecting work at [LOCATION]."
O365,"Hi, My Outlook rules are moving important messages to the wrong folder. Please help review the mailbox rules. Please coordinate any appointment with the requester."
Computer-Services,Could someone help with this? The office printer has paper stuck inside and will not feed a new page. Please help clear the jam. Our team needs an update before the next shift.
Support general,Hi support team. Please direct me to the policy for using a personal device for work. I need the process before submitting a technical request. Please contact [NAME] if more details are needed.
O365,"Hi, Teams does not show my updated display name even though the directory is correct. Please check the Microsoft 365 profile synchronization. Please let us know the next steps."
Software,Could someone help with this? The CRM application gives an internal error when I save a customer record. Please investigate the application workflow. Our team needs an update before the next shift.
Active Directory,Hi support team. Windows says my account is restricted to different logon hours. Please check the schedule configured in the directory. Please include the resolution in the ticket notes.
Computer-Services,"Hi, The office printer is printing duplicate copies of every job. Please check the device configuration and print queue. Please acknowledge receipt so we can track the request."
O365,"Hi, Please remove a Microsoft 365 license that is no longer required. Keep the user's domain account active. We have included the relevant details in the service request."
EOL,the storage volumes belong to a retired virtual server. please review retention and remove the volumes approved for disposal. the local contact is available during office hours.
Active Directory,Hi support team. The surname on my directory profile is wrong after a name change. Please update the display name and account details. Please let us know the next steps.
Software,Hi support team. The CRM application gives an internal error when I save a customer record. Please investigate the application workflow. The local contact is available during office hours.
O365,Hi support team. Please enable the online archive for my Exchange Online mailbox. The approved retention settings should remain in place. The request has been logged under [TICKET ID].
Support general,Please change the urgency on ticket [TICKET ID] after reviewing the updated business impact. The incident now affects the whole location. Our team needs an update before the next shift.
EOL,Could someone help with this? Please confirm completion of the retirement change for [SERVER]. We still need evidence that monitoring and network cleanup are finished. Please acknowledge receipt so we can track the request.
Active Directory,Please update the employee's department and office attributes in the directory. Their login name should stay the same. Please coordinate any appointment with the requester.
EOL,Hi support team. We need a disposal record for a server that has reached the end of its service life. Please coordinate the retirement paperwork. Please acknowledge receipt so we can track the request.
Support general,Hi support team. The remote access gateway is unreachable for several users. Please investigate the network service before checking individual accounts. I can provide additional details through the support portal.
O365,"hi, skype for business will not sign in with my work account. please investigate the collaboration service connection."
Active Directory,"I can log into Windows, but my directory account still lists the wrong manager. Please correct the manager attribute. Please let us know the next steps."
EOL,"Hi, Please remove the load balancer entry for a retired backend server. It should no longer receive health checks or traffic. This is affecting work at [LOCATION]."
O365,hi support team. the sharepoint document library says i do not have permission to upload. i can still read its existing documents. please keep the requester informed of progress.
EOL,"hi, please coordinate secure collection of the server hardware being retired from the branch office. the disposal request is approved. please include the resolution in the ticket notes."
Fileservice,"Hi, Please check why offline copies of our network share do not synchronize after reconnecting. The file server is reachable. The request has been logged under [TICKET ID]."
EOL,Could someone help with this? Please terminate the unused cloud instance after its retirement approval is confirmed. Its workload has been migrated. I can provide additional details through the support portal.
Computer-Services,Could someone help with this? The laptop battery is swollen and the case is separating. Please arrange safe collection and a replacement device. Please contact [NAME] if more details are needed.
EOL,Hi support team. The old database server has been replaced and is no longer accepting connections. Please carry out the approved retirement checklist. Please let us know the next steps.
Computer-Services,Hi support team. The workstation clock resets whenever power is disconnected. Please check the internal battery. Please advise if this requires a scheduled support session.
O365,"Hi, The SharePoint document library says I do not have permission to upload. I can still read its existing documents. The requester is working from [LOCATION] today."
Software,Could someone help with this? Please enable my approved role in the expense management application. I can sign in but cannot submit reports. Please acknowledge receipt so we can track the request.
EOL,Hi support team. Please terminate the unused cloud instance after its retirement approval is confirmed. Its workload has been migrated. Please coordinate any appointment with the requester.
Support general,Hello team. Please direct me to the policy for using a personal device for work. I need the process before submitting a technical request.
EOL,Hi support team. The storage volumes belong to a retired virtual server. Please review retention and remove the volumes approved for disposal. The requester is working from [LOCATION] today.
Computer-Services,Could someone help with this? My USB keyboard works on another computer but not this workstation. Please inspect the USB ports and drivers. The requester is working from [LOCATION] today.
Active Directory,Hi support team. I forgot my corporate network password and cannot sign into Windows. Please help me reset it. This needs to be coordinated with our team lead.
EOL,Could someone help with this? Please unregister the retired server from the patch management platform. It has been permanently removed from service. The request has been logged under [TICKET ID].
Support general,Hi support team. The company website is unavailable from several external connections. Please route this to the web operations team. Please coordinate any appointment with the requester.
Software,"Hi, Please configure the approved ODBC connection for the reporting application. The database access request has already been granted. The request has been logged under [TICKET ID]."
Software,"Hi, Please update the approved web browser on this workstation. The business application no longer supports the installed version. Please include the resolution in the ticket notes."
Software,"Hi, Please provide the approved version of the terminal client. I need it to connect to our development servers."
EOL,Could someone help with this? Please reclaim the server licenses that are no longer needed following decommissioning. The replacement licenses are managed separately. Please advise if this requires a scheduled support session.
Computer-Services,Could someone help with this? The laptop cannot detect its built-in wireless adapter. Please check the device driver and hardware. A colleague can assist with the follow-up if I am unavailable.
Software,Hi support team. Please remove the trial edition of the application and install the licensed edition. The entitlement has been approved. Please contact [NAME] if more details are needed.
Computer-Services,hi support team. the laptop screen has vertical lines before windows loads. please check the display hardware. the request has been logged under [TICKET ID].
Computer-Services,"Hi, My docking station no longer detects either external monitor. The laptop screen still works normally. Please confirm which additional information you need."
Support general,I received a suspicious message asking for my password. Please route it to the security team for review. Please acknowledge receipt so we can track the request.
O365,"Hi, Please increase or archive my mailbox storage as appropriate. Outlook says the mailbox has reached its limit. The local contact is available during office hours."
EOL,Could someone help with this? The legacy application server is due to be shut down permanently. Please review dependencies before the approved retirement window. The issue was first reported this morning.
Software,Please provide the approved version of the terminal client. I need it to connect to our development servers. The issue was first reported this morning.
Fileservice,Hi support team. We need the previous version of a spreadsheet saved on the departmental file server. The current version was overwritten. Our team needs an update before the next shift.
O365,Please grant approved access to the team SharePoint site. The request is for the Microsoft 365 document library. Please coordinate any appointment with the requester.
EOL,Could someone help with this? The storage volumes belong to a retired virtual server. Please review retention and remove the volumes approved for disposal.
Fileservice,Hi support team. Please correct the access list on a network folder after our team reorganization. The directory group memberships are already approved.
Support general,Could someone help with this? A company device has been reported missing. Please coordinate the lost asset response with the appropriate teams. The issue was first reported this morning.
Computer-Services,Hello team. My desktop has become very slow and reports memory errors at startup. Please run hardware diagnostics. The local contact is available during office hours.
Support general,"Hi, Please merge my duplicate support requests into the existing incident. They describe the same problem. We can confirm the affected details when you contact us."
Support general,"Hi, I need assistance understanding the rejection of my service request. Please explain what information is missing. I can provide additional details through the support portal."
Fileservice,Hi support team. The home drive is not being mapped for my existing account. Please check the home folder configuration on the file service. Please keep the requester informed of progress.
Active Directory,Hi support team. My domain account locks again immediately after it is unlocked. Please check which device is submitting old credentials. Please keep the requester informed of progress.
Software,Hi support team. The licensed statistics package reports that no seats are available. Please check the application license server. The local contact is available during office hours.
Computer-Services,Hi support team. The internal speakers crackle even when playing a local audio file. Please inspect the audio driver and hardware. Please acknowledge receipt so we can track the request.
Software,Hi support team. The CRM application gives an internal error when I save a customer record. Please investigate the application workflow. We have included the relevant details in the service request.
EOL,Hi support team. The retired server still appears in Nexthink. Please remove its inventory entry as part of decommissioning.
Support general,"Hi, I need to know the helpdesk opening hours and the process for urgent support. Please provide the correct contact details. Please advise if this requires a scheduled support session."
Computer-Services,My desktop has become very slow and reports memory errors at startup. Please run hardware diagnostics. Please advise if this requires a scheduled support session.
Active Directory,Create a dedicated directory service account for the scheduled job. The approved access scope is attached to the request. We can confirm the affected details when you contact us.
Computer-Services,"Hi, The scanner is not listed among the devices on my computer. Please install its approved driver. Please acknowledge receipt so we can track the request."
Active Directory,"Hi, Our approved delegated administrator cannot manage users in the assigned organizational unit. Please check the directory delegation. Please acknowledge receipt so we can track the request."
O365,Please grant approved access to the shared mailbox for our team. My existing corporate account is active. This is affecting work at [LOCATION].
Fileservice,"Hi, Please correct the access list on a network folder after our team reorganization. The directory group memberships are already approved. We can confirm the affected details when you contact us."
Computer-Services,"Hi, The workstation clock resets whenever power is disconnected. Please check the internal battery. Please contact [NAME] if more details are needed."
Support general,"Hi, The service portal will not let me submit an attachment with my support request. Please help me provide the diagnostic information. A colleague can assist with the follow-up if I am unavailable."
Software,Could someone help with this? Please configure the approved ODBC connection for the reporting application. The database access request has already been granted. We can confirm the affected details when you contact us.
Support general,Hi support team. Please direct me to the policy for using a personal device for work. I need the process before submitting a technical request. Our team needs an update before the next shift.
Support general,Hello team. Please help arrange accessibility support for using our IT services. I need an initial discussion to determine the right assistance. Please include the resolution in the ticket notes.
Active Directory,Hi support team. My workstation reports that the trust relationship with the domain has failed. Other staff can still sign into their computers. Please let us know the next steps.
EOL,Could someone help with this? The retired cluster node still appears in the management console. Please remove its stale registration after checking cluster membership. Please let us know the next steps.
Fileservice,Could someone help with this? Please provide a list of who can access the restricted folder on the file server. We need to review its effective permissions. Please contact [NAME] if more details are needed.
O365,Could someone help with this? Please create a distribution list in Exchange Online with the approved members. We need it for team announcements. The local contact is available during office hours.
Computer-Services,Could someone help with this? Please set up a replacement desktop at the employee's desk. Their existing account and application access are ready. I can provide additional details through the support portal.
Computer-Services,Hello team. The scanner feeder pulls several sheets at once. Please service the document feeder. Please advise if this requires a scheduled support session.
Fileservice,Please increase the approved storage quota for our department's network share. We are unable to save the project deliverables. The request has been logged under [TICKET ID].
Computer-Services,Could someone help with this? Please arrange a loaner laptop while my damaged workstation is repaired. My existing user account can be reused. Please include the resolution in the ticket notes.
Computer-Services,Could someone help with this? The laptop screen has vertical lines before Windows loads. Please check the display hardware. Please let us know the next steps.
Computer-Services,The trackpad clicks by itself and makes the laptop difficult to use. Please inspect the pointing device. The requester is working from [LOCATION] today.
O365,please assign the approved microsoft 365 license to our existing employee account. the directory account has already been created.
Active Directory,Hi support team. Remove [USERNAME] from the old department's directory groups following their transfer. Keep their domain account active. We can confirm the affected details when you contact us.
Support general,Hello team. The building has lost power and several IT services have stopped. Please coordinate the incident with the appropriate teams. The request has been logged under [TICKET ID].
Computer-Services,Hi support team. The workstation restarts with a blue screen during boot. Please investigate the operating system or device drivers. Please advise if this requires a scheduled support session.
Support general,i have a general it question about requesting support during travel. please explain the approved contact and escalation process. the requester is working from [LOCATION] today.
Software,"Hi, Please provide the approved version of the terminal client. I need it to connect to our development servers. Please coordinate any appointment with the requester."
Fileservice,Hi support team. The department file share is full and refuses new uploads. Please review the share quota and available capacity. We have included the relevant details in the service request.
O365,could someone help with this? please restore an item deleted from my exchange online mailbox. it is no longer in the deleted items folder. this needs to be coordinated with our team lead.
O365,"Please update the members of our email distribution group. This is an email list change, not a directory login issue. Please coordinate any appointment with the requester."
EOL,Hello team. Please verify that the decommissioned host has no remaining public DNS entry. The replacement endpoint is already in service. The requester is working from [LOCATION] today.
EOL,Hi support team. The old database server has been replaced and is no longer accepting connections. Please carry out the approved retirement checklist. Please include the resolution in the ticket notes.
Software,Hi support team. The CRM application gives an internal error when I save a customer record. Please investigate the application workflow. Please acknowledge receipt so we can track the request.
Software,Could someone help with this? Please grant approved access to the project management application. My corporate login already works. Please advise if this requires a scheduled support session.
Active Directory,Please restore the accidentally disabled directory account for [USERNAME]. The account owner is still an active employee. We have included the relevant details in the service request.
Computer-Services,The desktop reports a failing hard drive during startup. Please arrange a device assessment and data protection steps. Please include the resolution in the ticket notes.
O365,Please create a distribution list in Exchange Online with the approved members. We need it for team announcements. Please contact [NAME] if more details are needed.
EOL,Hi support team. The old database server has been replaced and is no longer accepting connections. Please carry out the approved retirement checklist. The requester is working from [LOCATION] today.
O365,"hi, an email i sent from outlook returned a nondelivery report. please help investigate the mailbox delivery issue. the request has been logged under [TICKET ID]."
Active Directory,hello team. please update the employee's department and office attributes in the directory. their login name should stay the same. a colleague can assist with the follow-up if i am unavailable.
Computer-Services,Hi support team. Please install the approved driver for the new office printer. The printer is already connected to the network.
Computer-Services,Could someone help with this? My desktop has become very slow and reports memory errors at startup. Please run hardware diagnostics. Please acknowledge receipt so we can track the request.
Fileservice,The shared drive has become very slow to list folders. Applications and local files open normally. Please coordinate any appointment with the requester.
EOL,"Hi, Please update the asset register to show that [SERVER] has been decommissioned. The retirement work is complete. A colleague can assist with the follow-up if I am unavailable."
Fileservice,Could someone help with this? The shared drive is prompting for credentials repeatedly even though my domain login works. Please investigate authentication to the file server. Please acknowledge receipt so we can track the request.
Support general,"Hi, Our site-to-site VPN link is down and the branch cannot reach internal services. Please arrange network triage. A colleague can assist with the follow-up if I am unavailable."
Software,The development IDE cannot find its installed compiler. Please help configure the application toolchain. The request has been logged under [TICKET ID].
Computer-Services,Hello team. Please arrange a loaner laptop while my damaged workstation is repaired. My existing user account can be reused. The issue was first reported this morning.
Active Directory,Hello team. Please join the replacement workstation [DEVICE] to our corporate domain. The device setup is otherwise complete.
Fileservice,"Hi, The file server backup restore completed but the recovered folder has incorrect permissions. Please restore the approved access settings. We have included the relevant details in the service request."
Computer-Services,Hello team. My laptop hinge is broken and the screen will not stay upright. Please arrange a hardware repair. The issue was first reported this morning.
Support general,Hi support team. Please reopen ticket [TICKET ID] because the reported issue is still unresolved. The earlier closure was premature. Please advise if this requires a scheduled support session.
O365,mail sent on behalf of the shared mailbox is rejected for insufficient permission. please check the delegation settings. our team needs an update before the next shift.
Support general,The service portal will not let me submit an attachment with my support request. Please help me provide the diagnostic information. The request has been logged under [TICKET ID].
Support general,Could someone help with this? The support portal shows my request as assigned to the wrong location. Please correct the routing information. I can provide additional details through the support portal.
EOL,Hello team. Please coordinate secure collection of the server hardware being retired from the branch office. The disposal request is approved. Please advise if this requires a scheduled support session.
Fileservice,Hello team. Please create an archive folder on the file server with read-only access for the team. The active project folder should stay writable. We can confirm the affected details when you contact us.
Computer-Services,The touchscreen registers touches in the wrong position. Please calibrate or repair the display. Please let us know the next steps.
Fileservice,Hi support team. The shared drive is prompting for credentials repeatedly even though my domain login works. Please investigate authentication to the file server. Please let us know the next steps.
Fileservice,Hello team. Please remove an obsolete network share after its contents have been migrated. The file server itself must remain in service. A colleague can assist with the follow-up if I am unavailable.
O365,"Hi, Windows login and network shares work normally, but Outlook cannot open my mailbox. Please investigate the email service. I can provide additional details through the support portal."
Computer-Services,"Hi, My external monitor says no signal while the laptop is docked. The monitor works when connected directly. This needs to be coordinated with our team lead."
EOL,Hi support team. The legacy application server is due to be shut down permanently. Please review dependencies before the approved retirement window. Please confirm which additional information you need.
Computer-Services,My headset microphone is silent in every program. Please troubleshoot the audio device.
Fileservice,The shared drive has become very slow to list folders. Applications and local files open normally. The requester is working from [LOCATION] today.
Software,Hi support team. The engineering application fails to activate even with the approved license details. Please check the activation service connection. Please keep the requester informed of progress.
Computer-Services,"Hi, The conference room camera is physically damaged. Please arrange replacement meeting room equipment. Please let us know the next steps."
Computer-Services,Hello team. My headset microphone is silent in every program. Please troubleshoot the audio device. The issue was first reported this morning.
Support general,"Hi, I accidentally entered my credentials on a suspicious website. Please escalate this to the security response team. Please advise if this requires a scheduled support session."
Support general,The building has lost power and several IT services have stopped. Please coordinate the incident with the appropriate teams. I can provide additional details through the support portal.
Support general,Hi support team. Please merge my duplicate support requests into the existing incident. They describe the same problem. The local contact is available during office hours.
Fileservice,"Hi, Please check why offline copies of our network share do not synchronize after reconnecting. The file server is reachable. Please advise if this requires a scheduled support session."
EOL,Could someone help with this? We need a disposal record for a server that has reached the end of its service life. Please coordinate the retirement paperwork. We have included the relevant details in the service request.
Fileservice,Could someone help with this? The file server rejects a folder rename even though I own the contents. Please check the share permissions and open handles. Please include the resolution in the ticket notes.
EOL,Could someone help with this? The retired server still appears in Nexthink. Please remove its inventory entry as part of decommissioning. The request has been logged under [TICKET ID].
Computer-Services,Hi support team. The printer queue is stuck on a job that cannot be cancelled. Please help restore printing on this workstation. Please coordinate any appointment with the requester.
O365,"Hi, Messages sent to the team shared mailbox are not appearing in Outlook. Please check mail flow and mailbox permissions. Please advise if this requires a scheduled support session."
Fileservice,A confidential folder is visible to people outside the approved team. Please review the file share permissions. The request has been logged under [TICKET ID].
Computer-Services,The desktop reports a failing hard drive during startup. Please arrange a device assessment and data protection steps. Our team needs an update before the next shift.
Fileservice,Hi support team. Please enable the approved team to create subfolders on the shared drive. They can currently read files but cannot create directories. The local contact is available during office hours.
EOL,The old backup appliance is at the end of its service life. Please plan its decommissioning after retention obligations are satisfied. This is affecting work at [LOCATION].
O365,Hi support team. Teams does not show my updated display name even though the directory is correct. Please check the Microsoft 365 profile synchronization. The request has been logged under [TICKET ID].
Computer-Services,Could someone help with this? The scanner produces a solid black page for every document. Please inspect the scanning hardware. We can confirm the affected details when you contact us.
Active Directory,Hi support team. The account unlock portal says my corporate username does not exist. Please check my directory record. Please contact [NAME] if more details are needed.
EOL,the old print server has no remaining queues or clients. please complete its scheduled decommissioning. please include the resolution in the ticket notes.
O365,hello team. please remove a microsoft 365 license that is no longer required. keep the user's domain account active. i can provide additional details through the support portal.
Fileservice,"hi, we need the previous version of a spreadsheet saved on the departmental file server. the current version was overwritten. this needs to be coordinated with our team lead."
O365,Hi support team. Please grant approved access to the team SharePoint site. The request is for the Microsoft 365 document library. Please advise if this requires a scheduled support session.
Support general,"Hi, The support portal shows my request as assigned to the wrong location. Please correct the routing information. Our team needs an update before the next shift."
Fileservice,"Hi, Please move the project directory to the new file server while preserving its access permissions. We need a coordinated migration window. Please advise if this requires a scheduled support session."
Computer-Services,Hello team. My laptop does not power on even with the charger connected. Please arrange a hardware check. The requester is working from [LOCATION] today.
O365,Could someone help with this? I can open Outlook on the web but the desktop client will not connect. Please troubleshoot the Outlook profile. Please keep the requester informed of progress.
O365,Hi support team. I cannot see the shared calendar in Outlook anymore. Please check the calendar sharing permissions. Please keep the requester informed of progress.
Support general,hi support team. i cannot identify which service is failing from the error on the screen. please help diagnose it before assigning a specialist. i can provide additional details through the support portal.
Software,Could someone help with this? The CRM application gives an internal error when I save a customer record. Please investigate the application workflow. This is affecting work at [LOCATION].
O365,Could someone help with this? Please grant approved access to the team SharePoint site. The request is for the Microsoft 365 document library. Please include the resolution in the ticket notes.
Active Directory,Could someone help with this? Please join the replacement workstation [DEVICE] to our corporate domain. The device setup is otherwise complete. Please keep the requester informed of progress.
Software,Could someone help with this? The application installer rolls back before completion without explaining why. Please help inspect the installation log. The requester is working from [LOCATION] today.
Software,Could someone help with this? The development IDE cannot find its installed compiler. Please help configure the application toolchain. Please keep the requester informed of progress.
EOL,"Hi, Please remove the old server from the disaster recovery plan after decommissioning. The replacement has already been added. Please let us know the next steps."
Fileservice,Hi support team. The home drive is not being mapped for my existing account. Please check the home folder configuration on the file service. Please confirm which additional information you need.
Active Directory,Please investigate an unexpected change to a privileged directory group. We need the membership history and current access reviewed. This needs to be coordinated with our team lead.
Fileservice,"Hi, I can sign into Windows but receive Access Denied when opening the department network share. Please check the folder permissions. This needs to be coordinated with our team lead."
Computer-Services,Could someone help with this? My monitor flickers even when a different cable is used. Please check whether the display needs replacing. Please contact [NAME] if more details are needed.
EOL,"Hi, The migration is complete and the old monitoring appliance is no longer required. Please initiate the retirement workflow. Please let us know the next steps."
Fileservice,Hi support team. The file server rejects a folder rename even though I own the contents. Please check the share permissions and open handles. Please keep the requester informed of progress.
Computer-Services,My Bluetooth mouse disconnects from this laptop every few minutes. Please check the peripheral connection. We can confirm the affected details when you contact us.
Fileservice,The home folder quota warning remains after old files were removed. Please check the file service quota calculation. The request has been logged under [TICKET ID].
Fileservice,"Hi, Please check why the replicated shared folder has different contents at the two offices. The missing files were saved yesterday. Please confirm which additional information you need."
Active Directory,Please change the logon name for [USERNAME] to match the approved naming standard. Preserve the existing account memberships. This is affecting work at [LOCATION].
Computer-Services,Hi support team. The internal speakers crackle even when playing a local audio file. Please inspect the audio driver and hardware. This is affecting work at [LOCATION].
EOL,Hi support team. Please reclaim the server licenses that are no longer needed following decommissioning. The replacement licenses are managed separately. This needs to be coordinated with our team lead.
Active Directory,"Hi, I can log into Windows, but my directory account still lists the wrong manager. Please correct the manager attribute. The requester is working from [LOCATION] today."
Support general,Could someone help with this? Please help schedule an IT orientation session for new staff. This request is for guidance on the available services. Please keep the requester informed of progress.
Active Directory,Hi support team. My directory profile has a duplicate account with a similar username. Please investigate which record should remain active.
EOL,Hi support team. Our old virtual machine has been shut down permanently. Please complete its approved removal from the virtualization platform. Please acknowledge receipt so we can track the request.
Computer-Services,Could someone help with this? The label printer cuts off the right side of each label. Please calibrate the printer and paper settings. Please advise if this requires a scheduled support session.
Active Directory,"Hi, Please join the replacement workstation [DEVICE] to our corporate domain. The device setup is otherwise complete. A colleague can assist with the follow-up if I am unavailable."
O365,Could someone help with this? An email I sent from Outlook returned a nondelivery report. Please help investigate the mailbox delivery issue. The local contact is available during office hours.
Software,Hi support team. Please configure the approved ODBC connection for the reporting application. The database access request has already been granted. Please coordinate any appointment with the requester.
Computer-Services,Several keys on my keyboard have stopped responding. I need a replacement keyboard or repair. A colleague can assist with the follow-up if I am unavailable.
Active Directory,Hi support team. Remove [USERNAME] from the old department's directory groups following their transfer. Keep their domain account active. A colleague can assist with the follow-up if I am unavailable.
Software,"Hi, Please uninstall an obsolete third-party application from my workstation. It is no longer required for my work. Please include the resolution in the ticket notes."
Software,The engineering application fails to activate even with the approved license details. Please check the activation service connection. We can confirm the affected details when you contact us.
Fileservice,"Hi, The network drive shows a red cross and will not reconnect. Other office services are working. A colleague can assist with the follow-up if I am unavailable."
Active Directory,I changed my domain password and now Windows keeps rejecting it on the office network. Please check the account authentication state. Please let us know the next steps.
EOL,"Hi, Please clean up the server-specific service account after the host is retired. Confirm that no other service depends on it first. Please include the resolution in the ticket notes."
EOL,Hi support team. Please close the configuration item for a decommissioned server in the service inventory. Keep the historical change records. Our team needs an update before the next shift.
Fileservice,Could someone help with this? We need the previous version of a spreadsheet saved on the departmental file server. The current version was overwritten. Please contact [NAME] if more details are needed.
O365,"hi support team. windows login and network shares work normally, but outlook cannot open my mailbox. please investigate the email service. our team needs an update before the next shift."
Fileservice,Could someone help with this? I accidentally deleted a document from the shared drive. Please check whether it can be restored from the file server backup. Please coordinate any appointment with the requester.
Computer-Services,Hi support team. The operating system update left my laptop in a repeated recovery loop. Please help repair the workstation. Please advise if this requires a scheduled support session.
EOL,we have moved the file shares to the replacement server. please retire the old file server once the migration checks pass. our team needs an update before the next shift.
EOL,The retired server still triggers availability alerts. Please remove its monitoring checks as part of the closure process. Please contact [NAME] if more details are needed.
Active Directory,"Hi, Please move the computer object for [DEVICE] to the approved organizational unit. It currently receives the wrong domain policies."
Fileservice,Please provide a list of who can access the restricted folder on the file server. We need to review its effective permissions. We have included the relevant details in the service request.
Computer-Services,"The PDF opens correctly, but the printer produces blank pages from every application. Please investigate the printing device. The issue was first reported this morning."
Active Directory,hi support team. please update the employee's department and office attributes in the directory. their login name should stay the same. the issue was first reported this morning.
EOL,"Hi, Please cancel the scheduled backup jobs for a decommissioned server after checking the retention requirements. The service has moved elsewhere. Please advise if this requires a scheduled support session."
Computer-Services,Hi support team. My headset microphone is silent in every program. Please troubleshoot the audio device. Please keep the requester informed of progress.
Fileservice,"hi, please check why offline copies of our network share do not synchronize after reconnecting. the file server is reachable. please acknowledge receipt so we can track the request."
Fileservice,Hello team. Please map the existing team file share on my replacement workstation. My account already has approved access. This needs to be coordinated with our team lead.
Active Directory,Hi support team. The domain controller cannot find the new computer account during the join process. Please check the directory object. We have included the relevant details in the service request.
EOL,Could someone help with this? We need confirmation that no clients still connect to the host marked for retirement. Please complete this decommissioning prerequisite. Please include the resolution in the ticket notes.
Software,hello team. please repair the installation of the approved diagramming tool. its shortcut reports a missing executable. please acknowledge receipt so we can track the request.
Support general,could someone help with this? the guest wireless network will not connect visitors at reception. please have the network team investigate. this needs to be coordinated with our team lead.
Support general,Hi support team. The company website is unavailable from several external connections. Please route this to the web operations team. Please include the resolution in the ticket notes.
EOL,Hi support team. We have moved the file shares to the replacement server. Please retire the old file server once the migration checks pass. Please let us know the next steps.
Fileservice,My mapped network drive has disappeared after signing in. Please help reconnect it to the existing file share. We can confirm the affected details when you contact us.
Support general,Hi support team. I cannot identify which service is failing from the error on the screen. Please help diagnose it before assigning a specialist. We have included the relevant details in the service request.
Fileservice,Hi support team. Please create a shared folder for the new project with the approved access list. It should be hosted on the network file server. Please include the resolution in the ticket notes.
Software,Hello team. Please install the approved database driver required by the analytics application. The workstation itself is working normally. We can confirm the affected details when you contact us.
Active Directory,"Hi, Create a dedicated directory service account for the scheduled job. The approved access scope is attached to the request. Please advise if this requires a scheduled support session."
Active Directory,Could someone help with this? My Windows domain account says it is locked after several failed sign-ins. I need it unlocked so I can start work. The requester is working from [LOCATION] today.
Fileservice,Hello team. Please check why offline copies of our network share do not synchronize after reconnecting. The file server is reachable. A colleague can assist with the follow-up if I am unavailable.
Active Directory,"hi, please disable the domain account for [USERNAME]. their employment has ended and the access removal is approved. this is affecting work at [LOCATION]."
O365,"Hi, The SharePoint document library says I do not have permission to upload. I can still read its existing documents. We can confirm the affected details when you contact us."
Computer-Services,My laptop hinge is broken and the screen will not stay upright. Please arrange a hardware repair. The local contact is available during office hours.
Software,Hi support team. The CRM application gives an internal error when I save a customer record. Please investigate the application workflow. The request has been logged under [TICKET ID].
Active Directory,"hi, please create a directory security group with [NAME] as the designated owner. membership will be requested separately. please acknowledge receipt so we can track the request."
O365,Hi support team. Please remove a Microsoft 365 license that is no longer required. Keep the user's domain account active. Please advise if this requires a scheduled support session.
EOL,Could someone help with this? Please verify that the decommissioned host has no remaining public DNS entry. The replacement endpoint is already in service. Please acknowledge receipt so we can track the request.
EOL,"hi, we are closing an unused server rack and need the retired assets reconciled against the inventory. please coordinate the retirement checklist."
Active Directory,Could someone help with this? Please change the logon name for [USERNAME] to match the approved naming standard. Preserve the existing account memberships. Please include the resolution in the ticket notes.
Software,"Hi, Please remove the trial edition of the application and install the licensed edition. The entitlement has been approved. Please confirm which additional information you need."
Support general,"Hi, Our site-to-site VPN link is down and the branch cannot reach internal services. Please arrange network triage. Please include the resolution in the ticket notes."
O365,"Could someone help with this? Please update the members of our email distribution group. This is an email list change, not a directory login issue. Please confirm which additional information you need."
EOL,"hi, please review outstanding scheduled tasks before the legacy server is permanently shut down. this is part of its approved retirement. our team needs an update before the next shift."
Computer-Services,My Bluetooth mouse disconnects from this laptop every few minutes. Please check the peripheral connection.
Fileservice,"Hi, The file server reports that a document is locked by a user who is no longer connected. Please investigate the stale lock. Please contact [NAME] if more details are needed."
Computer-Services,"Hi, Please replace a damaged power adapter for my company laptop. The connector no longer fits securely. Please keep the requester informed of progress."
EOL,Could someone help with this? Please coordinate secure collection of the server hardware being retired from the branch office. The disposal request is approved. The local contact is available during office hours.
EOL,Hello team. The retired server still triggers availability alerts. Please remove its monitoring checks as part of the closure process. A colleague can assist with the follow-up if I am unavailable.
Fileservice,please create a shared folder for the new project with the approved access list. it should be hosted on the network file server. the request has been logged under [TICKET ID].
Support general,"Hi, The office internet connection is down for several people. Please investigate and route this to the appropriate network team. A colleague can assist with the follow-up if I am unavailable."
O365,Hi support team. Mail sent on behalf of the shared mailbox is rejected for insufficient permission. Please check the delegation settings. Please include the resolution in the ticket notes.
Support general,"Hi, Please provide an update on ticket [TICKET ID]. We have not received a response since the last handover. I can provide additional details through the support portal."
Active Directory,Our approved service account needs its password rotated in the directory. Please coordinate the change with the application owner. This needs to be coordinated with our team lead.
O365,my teams meeting invitations contain the wrong meeting information. please investigate the calendar integration. we have included the relevant details in the service request.
Support general,Please help schedule an IT orientation session for new staff. This request is for guidance on the available services. We can confirm the affected details when you contact us.
EOL,Our old virtual machine has been shut down permanently. Please complete its approved removal from the virtualization platform. Please coordinate any appointment with the requester.
Support general,Hi support team. Please change the urgency on ticket [TICKET ID] after reviewing the updated business impact. The incident now affects the whole location. We have included the relevant details in the service request.
EOL,Please confirm completion of the retirement change for [SERVER]. We still need evidence that monitoring and network cleanup are finished. We can confirm the affected details when you contact us.
Support general,Hi support team. The phone menu sends callers to the wrong office. Please route the issue to the communications team. Please advise if this requires a scheduled support session.
O365,"hi, the teams desktop app is stuck on the loading screen while the web version works. please help repair the teams client. we can confirm the affected details when you contact us."
O365,Please remove a Microsoft 365 license that is no longer required. Keep the user's domain account active. Please coordinate any appointment with the requester.
O365,Could someone help with this? Please remove a Microsoft 365 license that is no longer required. Keep the user's domain account active. The request has been logged under [TICKET ID].
Support general,could someone help with this? a visitor needs guidance on how to request temporary internet access. please direct them to the correct process. please keep the requester informed of progress.
Computer-Services,"Hi, The laptop battery is swollen and the case is separating. Please arrange safe collection and a replacement device. Please include the resolution in the ticket notes."
O365,my onedrive folder shows a sync conflict for a document edited on two devices. please help reconcile the copies.
EOL,Could someone help with this? Please remove the obsolete DNS records for a decommissioned server. The replacement uses a different hostname. The request has been logged under [TICKET ID].
Support general,"Hi, I need assistance understanding the rejection of my service request. Please explain what information is missing."
Software,Could someone help with this? Please remove the trial edition of the application and install the licensed edition. The entitlement has been approved. Please coordinate any appointment with the requester.
O365,Could someone help with this? Please check why mail from our approved sender is being quarantined in Exchange Online. We need the message reviewed. Please confirm which additional information you need.
Fileservice,Please create a shared folder for the new project with the approved access list. It should be hosted on the network file server. Our team needs an update before the next shift.
Active Directory,Hi support team. The domain password policy rejects every new password I try. Please help confirm the required policy and restore access. Please advise if this requires a scheduled support session.
Computer-Services,the laptop cannot detect its built-in wireless adapter. please check the device driver and hardware. the local contact is available during office hours.
Fileservice,Hi support team. The network drive shows a red cross and will not reconnect. Other office services are working. The local contact is available during office hours.
EOL,Hi support team. Please release the reserved IP address for [SERVER] after its approved retirement. Confirm the address is no longer in use first. We can confirm the affected details when you contact us.
Active Directory,Hello team. My workstation reports that the trust relationship with the domain has failed. Other staff can still sign into their computers. The request has been logged under [TICKET ID].
EOL,hi support team. our old virtual machine has been shut down permanently. please complete its approved removal from the virtualization platform. we have included the relevant details in the service request.
Fileservice,Hello team. Please create a shared folder for the new project with the approved access list. It should be hosted on the network file server. This needs to be coordinated with our team lead.
O365,Could someone help with this? Please change the owner of our Microsoft Teams team. The current owner has transferred to another department. Please keep the requester informed of progress.
Fileservice,Hello team. Please remove an obsolete network share after its contents have been migrated. The file server itself must remain in service. Our team needs an update before the next shift.
Computer-Services,hi support team. my bluetooth mouse disconnects from this laptop every few minutes. please check the peripheral connection. our team needs an update before the next shift.
Computer-Services,Could someone help with this? The workstation clock resets whenever power is disconnected. Please check the internal battery. This is affecting work at [LOCATION].
Computer-Services,Hi support team. The operating system update left my laptop in a repeated recovery loop. Please help repair the workstation. A colleague can assist with the follow-up if I am unavailable.
Fileservice,My mapped network drive has disappeared after signing in. Please help reconnect it to the existing file share. The issue was first reported this morning.
Software,Hi support team. The procurement application denies access to the purchasing module. My login succeeds and the application owner has approved the role. Please acknowledge receipt so we can track the request.
Support general,Hello team. Please tell me which team owns the legacy internal service. We need to contact its support owner before making a change. Our team needs an update before the next shift.
Fileservice,Hello team. Copying large files to the network share fails halfway through. Local copies on my laptop complete successfully. Please keep the requester informed of progress.
Computer-Services,Hello team. Please replace a damaged power adapter for my company laptop. The connector no longer fits securely. The requester is working from [LOCATION] today.
Fileservice,Could someone help with this? We need the previous version of a spreadsheet saved on the departmental file server. The current version was overwritten. We can confirm the affected details when you contact us.
Fileservice,Hello team. Please check why offline copies of our network share do not synchronize after reconnecting. The file server is reachable. The issue was first reported this morning.
O365,Hello team. I can open Outlook on the web but the desktop client will not connect. Please troubleshoot the Outlook profile. Please confirm which additional information you need.
O365,Could someone help with this? Please check why mail from our approved sender is being quarantined in Exchange Online. We need the message reviewed. Please include the resolution in the ticket notes.
Support general,Could someone help with this? The network socket at my desk has no connection with multiple tested devices. Please arrange a network port check. The requester is working from [LOCATION] today.
Active Directory,Could someone help with this? Our approved service account needs its password rotated in the directory. Please coordinate the change with the application owner. The requester is working from [LOCATION] today.
Support general,Hello team. Please tell me how to request a new item through the IT service catalog. I need guidance on the approval process. We can confirm the affected details when you contact us.
Computer-Services,hi support team. please set up a replacement desktop at the employee's desk. their existing account and application access are ready. this needs to be coordinated with our team lead.
Computer-Services,Hello team. The label printer cuts off the right side of each label. Please calibrate the printer and paper settings. The local contact is available during office hours.
Active Directory,Could someone help with this? I changed my domain password and now Windows keeps rejecting it on the office network. Please check the account authentication state. We have included the relevant details in the service request.
Fileservice,hello team. please give the approved team edit access to the network folder. they currently have read-only permissions. we have included the relevant details in the service request.
Fileservice,Hi support team. Please enable the approved team to create subfolders on the shared drive. They can currently read files but cannot create directories. This is affecting work at [LOCATION].
Software,Hello team. Please configure the approved plugin for the design application. The main program is already installed and licensed.
O365,Hello team. Skype for Business will not sign in with my work account. Please investigate the collaboration service connection. We have included the relevant details in the service request.
Software,Hi support team. Please install the approved compression utility for our archive workflow. We do not need changes to file share permissions. The issue was first reported this morning.
Fileservice,"Hi, The network drive shows a red cross and will not reconnect. Other office services are working. This needs to be coordinated with our team lead."
O365,Hello team. The SharePoint document library says I do not have permission to upload. I can still read its existing documents. Please include the resolution in the ticket notes.
Fileservice,"Hi, Please create an archive folder on the file server with read-only access for the team. The active project folder should stay writable. This is affecting work at [LOCATION]."
Fileservice,Hi support team. The department share is accessible by server name but not through its usual network path. Please investigate the file service namespace. Please keep the requester informed of progress.
Support general,We suspect a network outage because phones and computers lost connectivity together. Please coordinate initial triage. I can provide additional details through the support portal.
Software,pdf files fail to open in the installed reader but work in another viewer. please repair the reader application. i can provide additional details through the support portal.
Active Directory,Hello team. My domain account is marked as requiring a smart card even though none was issued. Please review the account policy. I can provide additional details through the support portal.
O365,"Hi, I cannot see the shared calendar in Outlook anymore. Please check the calendar sharing permissions. Our team needs an update before the next shift."
Support general,could someone help with this? the company website is unavailable from several external connections. please route this to the web operations team. i can provide additional details through the support portal.
Fileservice,Hello team. Please move the project directory to the new file server while preserving its access permissions. We need a coordinated migration window. The requester is working from [LOCATION] today.
EOL,"Hi, The old database server has been replaced and is no longer accepting connections. Please carry out the approved retirement checklist. A colleague can assist with the follow-up if I am unavailable."
Support general,Could someone help with this? The guest wireless network will not connect visitors at reception. Please have the network team investigate. Please advise if this requires a scheduled support session.
EOL,"Hi, Please cancel the scheduled backup jobs for a decommissioned server after checking the retention requirements. The service has moved elsewhere. This needs to be coordinated with our team lead."
Computer-Services,Could someone help with this? Please arrange a loaner laptop while my damaged workstation is repaired. My existing user account can be reused. We have included the relevant details in the service request.
O365,Could someone help with this? Teams does not show my updated display name even though the directory is correct. Please check the Microsoft 365 profile synchronization. Please advise if this requires a scheduled support session.
Software,Could someone help with this? The scheduling application stopped launching after its update. Please review the update or restore the approved working version. We have included the relevant details in the service request.
O365,Hi support team. Mail sent on behalf of the shared mailbox is rejected for insufficient permission. Please check the delegation settings. This is affecting work at [LOCATION].
EOL,Hi support team. Please remove the service discovery entries for a decommissioned host. Clients should use the replacement service. Please let us know the next steps.
Computer-Services,"hi, the office printer has paper stuck inside and will not feed a new page. please help clear the jam. we have included the relevant details in the service request."
Fileservice,Hi support team. The file server reports that a document is locked by a user who is no longer connected. Please investigate the stale lock. The requester is working from [LOCATION] today.
Computer-Services,hi support team. several keys on my keyboard have stopped responding. i need a replacement keyboard or repair. i can provide additional details through the support portal.
Computer-Services,The trackpad clicks by itself and makes the laptop difficult to use. Please inspect the pointing device. This needs to be coordinated with our team lead.
Computer-Services,Hi support team. The touchscreen registers touches in the wrong position. Please calibrate or repair the display. I can provide additional details through the support portal.
Software,Hello team. The scheduling application stopped launching after its update. Please review the update or restore the approved working version. The issue was first reported this morning.
Software,"Hi, Please repair the installation of the approved diagramming tool. Its shortcut reports a missing executable. Please include the resolution in the ticket notes."
Support general,Hello team. I need assistance understanding the rejection of my service request. Please explain what information is missing. The local contact is available during office hours.
Software,Could someone help with this? The application update repeatedly asks for local administrator privileges. Please arrange the approved managed installation. Please include the resolution in the ticket notes.
O365,Hi support team. The SharePoint document library says I do not have permission to upload. I can still read its existing documents. Our team needs an update before the next shift.
Active Directory,Our new hire's domain account was created in the wrong organizational unit. Please move it before their first login. We have included the relevant details in the service request.
Software,Hi support team. The software deployment portal reports that the requested application installation failed. Please check the deployment package. The request has been logged under [TICKET ID].
Fileservice,Could someone help with this? The shared drive has become very slow to list folders. Applications and local files open normally. Please let us know the next steps.
Active Directory,"Hi, Our contractor's directory account expired before their extended assignment finished. Please update the account expiry date. Please let us know the next steps."
Support general,The company website is unavailable from several external connections. Please route this to the web operations team. We can confirm the affected details when you contact us.
Software,The licensed statistics package reports that no seats are available. Please check the application license server. We have included the relevant details in the service request.
Active Directory,Hi support team. I forgot my corporate network password and cannot sign into Windows. Please help me reset it. The requester is working from [LOCATION] today.
Computer-Services,Hello team. The conference room camera is physically damaged. Please arrange replacement meeting room equipment. Please acknowledge receipt so we can track the request.
Fileservice,Could someone help with this? Please provide a list of who can access the restricted folder on the file server. We need to review its effective permissions. This needs to be coordinated with our team lead.
Software,Please grant approved access to the project management application. My corporate login already works. Our team needs an update before the next shift.
Active Directory,Please add [USERNAME] to the approved directory security group [GROUP]. This request is for group membership only. Please acknowledge receipt so we can track the request.
O365,I can open Outlook on the web but the desktop client will not connect. Please troubleshoot the Outlook profile. The requester is working from [LOCATION] today.
Support general,Hi support team. Please explain the approval process for buying additional IT equipment. I am requesting procurement guidance at this stage. The issue was first reported this morning.
Software,Please install the approved compression utility for our archive workflow. We do not need changes to file share permissions. The local contact is available during office hours.
Support general,Hi support team. Several unrelated systems are unavailable at our location. Please coordinate an initial outage investigation. The local contact is available during office hours.
Active Directory,Hi support team. My Windows domain account says it is locked after several failed sign-ins. I need it unlocked so I can start work. The request has been logged under [TICKET ID].
Active Directory,Hello team. Windows says my account is restricted to different logon hours. Please check the schedule configured in the directory. The local contact is available during office hours.
Software,"Hi, PDF files fail to open in the installed reader but work in another viewer. Please repair the reader application. This is affecting work at [LOCATION]."
Fileservice,The network drive shows a red cross and will not reconnect. Other office services are working. This is affecting work at [LOCATION].
Computer-Services,Could someone help with this? The laptop screen has vertical lines before Windows loads. Please check the display hardware. The local contact is available during office hours.
O365,"Hi, Teams does not show my updated display name even though the directory is correct. Please check the Microsoft 365 profile synchronization."
Computer-Services,could someone help with this? the label printer cuts off the right side of each label. please calibrate the printer and paper settings. please let us know the next steps.
Support general,hello team. please merge my duplicate support requests into the existing incident. they describe the same problem. our team needs an update before the next shift.
Software,Hi support team. The inventory application opens a blank window after its latest update. Please investigate the application startup failure. The issue was first reported this morning.
EOL,Hello team. Please confirm completion of the retirement change for [SERVER]. We still need evidence that monitoring and network cleanup are finished. The request has been logged under [TICKET ID].
EOL,Please unregister the retired server from the patch management platform. It has been permanently removed from service. Please advise if this requires a scheduled support session.
Software,Hi support team. The engineering application fails to activate even with the approved license details. Please check the activation service connection.
Fileservice,"Hi, The file server reports that a document is locked by a user who is no longer connected. Please investigate the stale lock. Please acknowledge receipt so we can track the request."
Software,"Hi, Please install the approved database driver required by the analytics application. The workstation itself is working normally. The local contact is available during office hours."
Software,Hi support team. Please uninstall an obsolete third-party application from my workstation. It is no longer required for my work. Please let us know the next steps.
EOL,"Hi, The firewall rules for a permanently retired server are still active. Please coordinate their removal with the network team. Please include the resolution in the ticket notes."
Active Directory,"hi, please add [USERNAME] to the approved directory security group [GROUP]. this request is for group membership only. i can provide additional details through the support portal."
Active Directory,could someone help with this? windows says my account is restricted to different logon hours. please check the schedule configured in the directory. this is affecting work at [LOCATION].
Fileservice,Hello team. Please correct the access list on a network folder after our team reorganization. The directory group memberships are already approved. Please acknowledge receipt so we can track the request.
Computer-Services,Could someone help with this? The laptop screen has vertical lines before Windows loads. Please check the display hardware. The requester is working from [LOCATION] today.
O365,"Hi, Teams will not load my chats, but the rest of my internet connection works. Please check my Microsoft 365 service access. Please coordinate any appointment with the requester."
EOL,"Hi, We are closing an unused server rack and need the retired assets reconciled against the inventory. Please coordinate the retirement checklist. This is affecting work at [LOCATION]."
Support general,Could someone help with this? I accidentally entered my credentials on a suspicious website. Please escalate this to the security response team. Please keep the requester informed of progress.
EOL,Could someone help with this? We are closing an unused server rack and need the retired assets reconciled against the inventory. Please coordinate the retirement checklist. I can provide additional details through the support portal.
EOL,The legacy mail server is being permanently retired after migration. Please complete the server decommissioning work. Please let us know the next steps.
O365,Please update the email forwarding configuration on the approved shared mailbox. The mailbox owner has authorized the change. A colleague can assist with the follow-up if I am unavailable.
Software,"hi, the application license is valid, but the program closes immediately after launch. please investigate the application crash. please include the resolution in the ticket notes."
Computer-Services,Hi support team. The laptop fan runs at full speed and the machine shuts down from heat. Please inspect the cooling system.
EOL,please begin the approved retirement of [SERVER]. the replacement service is live and the old machine is no longer needed. please advise if this requires a scheduled support session.
Support general,Hello team. The phone menu sends callers to the wrong office. Please route the issue to the communications team. We can confirm the affected details when you contact us.
O365,"Hi, Messages sent to the team shared mailbox are not appearing in Outlook. Please check mail flow and mailbox permissions. This needs to be coordinated with our team lead."
Active Directory,"Hi, Please disable the domain account for [USERNAME]. Their employment has ended and the access removal is approved. Please advise if this requires a scheduled support session."
O365,"Hi, OneDrive has stopped synchronizing the documents in my work account. The files are still present locally. Please confirm which additional information you need."
Computer-Services,Hello team. The office printer is printing duplicate copies of every job. Please check the device configuration and print queue. The requester is working from [LOCATION] today.
Support general,I received a suspicious message asking for my password. Please route it to the security team for review. The local contact is available during office hours.
EOL,"Hi, Please schedule permanent shutdown of the unused test environment. Its owner has approved retirement of the servers. The issue was first reported this morning."
Fileservice,Please check why offline copies of our network share do not synchronize after reconnecting. The file server is reachable. The requester is working from [LOCATION] today.
O365,Hi support team. Teams does not show my updated display name even though the directory is correct. Please check the Microsoft 365 profile synchronization. Our team needs an update before the next shift.
Active Directory,Could someone help with this? The domain password policy rejects every new password I try. Please help confirm the required policy and restore access. We can confirm the affected details when you contact us.
Software,Hello team. Please install the approved Python development environment for my project. The request includes the required package list. A colleague can assist with the follow-up if I am unavailable.
Active Directory,I forgot my corporate network password and cannot sign into Windows. Please help me reset it. The request has been logged under [TICKET ID].
Support general,hi support team. please update the contact person on my existing support ticket. the technical issue has not changed. this is affecting work at [LOCATION].
Computer-Services,Hi support team. The scanner produces a solid black page for every document. Please inspect the scanning hardware. I can provide additional details through the support portal.
EOL,"Hi, The old backup appliance is at the end of its service life. Please plan its decommissioning after retention obligations are satisfied. The request has been logged under [TICKET ID]."
Active Directory,"Hi, Please disable the domain account for [USERNAME]. Their employment has ended and the access removal is approved. The local contact is available during office hours."
EOL,Hello team. We need the hardware serial numbers recorded before collection of the retired servers. Please coordinate the disposal handover. We have included the relevant details in the service request.
Software,Could someone help with this? Our reporting tool crashes when exporting a PDF. Please investigate the report application's error. Please coordinate any appointment with the requester.
Software,Hello team. Please install the approved compression utility for our archive workflow. We do not need changes to file share permissions. I can provide additional details through the support portal.
Support general,Hello team. The remote access gateway is unreachable for several users. Please investigate the network service before checking individual accounts. The requester is working from [LOCATION] today.
O365,"Hi, Excel says my Microsoft 365 subscription cannot be verified. The application is installed and my other services work. A colleague can assist with the follow-up if I am unavailable."
Computer-Services,Hi support team. Please reinstall the operating system on the approved replacement workstation. The required files have been backed up. A colleague can assist with the follow-up if I am unavailable.
EOL,"Hi, Please update the asset register to show that [SERVER] has been decommissioned. The retirement work is complete. The issue was first reported this morning."
Software,Hello team. Please package the approved utility for installation through the software portal. The business owner has approved its use. Please keep the requester informed of progress.
O365,OneDrive says an item cannot sync because its path is too long. Please help resolve the Microsoft 365 sync error. Please include the resolution in the ticket notes.
Active Directory,Could someone help with this? Windows says my account is restricted to different logon hours. Please check the schedule configured in the directory. The request has been logged under [TICKET ID].
Fileservice,Hi support team. Please correct the access list on a network folder after our team reorganization. The directory group memberships are already approved. We have included the relevant details in the service request.
Software,Could someone help with this? Please provide the approved version of the terminal client. I need it to connect to our development servers. Please confirm which additional information you need.
EOL,"Hi, The retired server still triggers availability alerts. Please remove its monitoring checks as part of the closure process. Our team needs an update before the next shift."
Computer-Services,"Hi, Please reinstall the operating system on the approved replacement workstation. The required files have been backed up. Please acknowledge receipt so we can track the request."
Software,Hello team. The development IDE cannot find its installed compiler. Please help configure the application toolchain. A colleague can assist with the follow-up if I am unavailable.
Fileservice,Please enable the approved team to create subfolders on the shared drive. They can currently read files but cannot create directories. A colleague can assist with the follow-up if I am unavailable.
Software,"Hi, Please install the required language pack for the approved business application. The core application already works. Please let us know the next steps."
Support general,Hello team. The network socket at my desk has no connection with multiple tested devices. Please arrange a network port check. I can provide additional details through the support portal.
Software,Hi support team. Please install the approved Python development environment for my project. The request includes the required package list. Our team needs an update before the next shift.
EOL,"Hi, The old print server has no remaining queues or clients. Please complete its scheduled decommissioning. I can provide additional details through the support portal."
Software,Could someone help with this? Please package the approved utility for installation through the software portal. The business owner has approved its use.
Support general,could someone help with this? our office telephone cannot make external calls. please route the issue to the telephony support team. our team needs an update before the next shift.
O365,Hello team. Please update the email forwarding configuration on the approved shared mailbox. The mailbox owner has authorized the change. The request has been logged under [TICKET ID].
Computer-Services,My monitor flickers even when a different cable is used. Please check whether the display needs replacing. Please include the resolution in the ticket notes.
O365,Could someone help with this? External attendees cannot join our Teams meeting. Please check the meeting's guest access settings. We can confirm the affected details when you contact us.
O365,Hello team. My Teams meeting invitations contain the wrong meeting information. Please investigate the calendar integration.
Fileservice,The home folder quota warning remains after old files were removed. Please check the file service quota calculation. We can confirm the affected details when you contact us.
Software,"Hi, Please remove the trial edition of the application and install the licensed edition. The entitlement has been approved. The issue was first reported this morning."
EOL,Hello team. The old print server has no remaining queues or clients. Please complete its scheduled decommissioning. Please acknowledge receipt so we can track the request.
O365,"Hi, Please create a room mailbox for the new meeting space. The booking permissions have been approved. The request has been logged under [TICKET ID]."
Software,Could someone help with this? Please reset my password in the standalone vendor application. This account is separate from my corporate directory login. Please confirm which additional information you need.
Software,Adobe Acrobat fails to install with error 1603. Please investigate the application installer. The requester is working from [LOCATION] today.
Computer-Services,Hi support team. The office printer is printing duplicate copies of every job. Please check the device configuration and print queue. Please advise if this requires a scheduled support session.
EOL,Hi support team. We need the hardware serial numbers recorded before collection of the retired servers. Please coordinate the disposal handover.
Fileservice,Hello team. The file server reports that a document is locked by a user who is no longer connected. Please investigate the stale lock. The issue was first reported this morning.
Computer-Services,The workstation restarts with a blue screen during boot. Please investigate the operating system or device drivers. Please include the resolution in the ticket notes.
EOL,"Hi, Please arrange approved disk sanitization for the retired server hardware. The data retention review has been completed. We have included the relevant details in the service request."
EOL,Hi support team. Please remove the obsolete DNS records for a decommissioned server. The replacement uses a different hostname. Please keep the requester informed of progress.
Software,Hello team. Please enable my approved role in the expense management application. I can sign in but cannot submit reports. Our team needs an update before the next shift.
Computer-Services,"Hi, The workstation clock resets whenever power is disconnected. Please check the internal battery. Please let us know the next steps."
Computer-Services,Hello team. Please install the approved driver for the new office printer. The printer is already connected to the network. Please acknowledge receipt so we can track the request.
O365,"hi, please increase or archive my mailbox storage as appropriate. outlook says the mailbox has reached its limit. please coordinate any appointment with the requester."
Computer-Services,"Hi, My laptop does not power on even with the charger connected. Please arrange a hardware check. The request has been logged under [TICKET ID]."
O365,Hi support team. Skype for Business will not sign in with my work account. Please investigate the collaboration service connection. I can provide additional details through the support portal.
EOL,Hello team. Please arrange approved disk sanitization for the retired server hardware. The data retention review has been completed. Please keep the requester informed of progress.
Support general,Hi support team. I have a general IT question about requesting support during travel. Please explain the approved contact and escalation process. This needs to be coordinated with our team lead.
Fileservice,Hello team. The shared drive is prompting for credentials repeatedly even though my domain login works. Please investigate authentication to the file server. This is affecting work at [LOCATION].
Active Directory,Could someone help with this? Please remove an obsolete computer object from the directory after a workstation replacement. The replacement is already joined. The requester is working from [LOCATION] today.
Software,"Hi, The engineering application fails to activate even with the approved license details. Please check the activation service connection. I can provide additional details through the support portal."
Software,"Hi, The inventory application opens a blank window after its latest update. Please investigate the application startup failure. The requester is working from [LOCATION] today."
O365,Could someone help with this? Skype for Business will not sign in with my work account. Please investigate the collaboration service connection. The issue was first reported this morning.
EOL,Please confirm completion of the retirement change for [SERVER]. We still need evidence that monitoring and network cleanup are finished. The local contact is available during office hours.
Computer-Services,"Hi, My docking station no longer detects either external monitor. The laptop screen still works normally. The local contact is available during office hours."
Active Directory,please create a domain account for our new starter [NAME]. their manager has approved the onboarding request. we have included the relevant details in the service request.
Software,Hi support team. The browser extension required by our internal application will not install. Please check the approved extension deployment. Please let us know the next steps.
Software,"Hi, Please update the installed database client to the approved version. The current release cannot connect to our development environment."
O365,Hi support team. I cannot see the shared calendar in Outlook anymore. Please check the calendar sharing permissions. The request has been logged under [TICKET ID].
Fileservice,Hello team. I accidentally deleted a document from the shared drive. Please check whether it can be restored from the file server backup.
Fileservice,"Hi support team. The shared folder opens, but I cannot save changes to any files inside it. Please check my write permissions. We can confirm the affected details when you contact us."
O365,Hi support team. Our Microsoft 365 account asks for multifactor authentication on a phone I no longer have. Please help reset the registered method. We have included the relevant details in the service request.
Support general,Several staff cannot reach any internal websites while public internet access works. Please triage the network connectivity issue. We can confirm the affected details when you contact us.
EOL,Hello team. The storage volumes belong to a retired virtual server. Please review retention and remove the volumes approved for disposal. Please coordinate any appointment with the requester.
Computer-Services,Hello team. My Bluetooth mouse disconnects from this laptop every few minutes. Please check the peripheral connection. Please include the resolution in the ticket notes.
O365,hello team. my teams meeting invitations contain the wrong meeting information. please investigate the calendar integration. we can confirm the affected details when you contact us.
Support general,Hello team. We suspect a network outage because phones and computers lost connectivity together. Please coordinate initial triage. This is affecting work at [LOCATION].
Active Directory,Hi support team. Please update the employee's department and office attributes in the directory. Their login name should stay the same. We can confirm the affected details when you contact us.
Active Directory,hello team. please remove an obsolete computer object from the directory after a workstation replacement. the replacement is already joined. our team needs an update before the next shift.
Software,"Hi, Please remove the trial edition of the application and install the licensed edition. The entitlement has been approved. We can confirm the affected details when you contact us."
Fileservice,"Hi, Please give the approved team edit access to the network folder. They currently have read-only permissions."
Software,Could someone help with this? The licensed statistics package reports that no seats are available. Please check the application license server. Please advise if this requires a scheduled support session.
EOL,Could someone help with this? The firewall rules for a permanently retired server are still active. Please coordinate their removal with the network team. This is affecting work at [LOCATION].
EOL,Hi support team. The retired server is still listed in the vulnerability scanner. Please remove the obsolete target from the scanning inventory. Please contact [NAME] if more details are needed.
Support general,Hi support team. I am not sure which team handles this issue and need help opening the correct request. Please advise where to start. Please coordinate any appointment with the requester.
Software,Hi support team. The scheduling application stopped launching after its update. Please review the update or restore the approved working version. This needs to be coordinated with our team lead.
Computer-Services,Hello team. My laptop hinge is broken and the screen will not stay upright. Please arrange a hardware repair. I can provide additional details through the support portal.
Software,Could someone help with this? The approved text editor loses its settings after every restart. Please check the application profile. The local contact is available during office hours.
O365,hello team. please create a distribution list in exchange online with the approved members. we need it for team announcements. this is affecting work at [LOCATION].
O365,"Hi, The out-of-office reply does not activate in Exchange Online. Please check the mailbox automatic reply settings. Please advise if this requires a scheduled support session."
O365,Outlook keeps asking me to sign in even though my Windows login works. Please investigate the mailbox connection. Please advise if this requires a scheduled support session.
O365,Hi support team. Please remove a Microsoft 365 license that is no longer required. Keep the user's domain account active. Please keep the requester informed of progress.
Active Directory,"Hi, Our new hire's domain account was created in the wrong organizational unit. Please move it before their first login. The requester is working from [LOCATION] today."
Support general,Hi support team. I have a general IT question about requesting support during travel. Please explain the approved contact and escalation process. A colleague can assist with the follow-up if I am unavailable.
O365,Could someone help with this? OneDrive says an item cannot sync because its path is too long. Please help resolve the Microsoft 365 sync error. Please let us know the next steps.
O365,Could someone help with this? Please assign the approved Microsoft 365 license to our existing employee account. The directory account has already been created. Please acknowledge receipt so we can track the request.
Software,hello team. the software deployment portal reports that the requested application installation failed. please check the deployment package. please coordinate any appointment with the requester.
Software,Could someone help with this? The application update repeatedly asks for local administrator privileges. Please arrange the approved managed installation. Please contact [NAME] if more details are needed.
Fileservice,"Hi, A confidential folder is visible to people outside the approved team. Please review the file share permissions. Please coordinate any appointment with the requester."
Active Directory,hi support team. my directory profile has a duplicate account with a similar username. please investigate which record should remain active. we can confirm the affected details when you contact us.
EOL,Could someone help with this? Please terminate the unused cloud instance after its retirement approval is confirmed. Its workload has been migrated. The local contact is available during office hours.
O365,Please restore an item deleted from my Exchange Online mailbox. It is no longer in the Deleted Items folder. This is affecting work at [LOCATION].
Active Directory,Please restore the accidentally disabled directory account for [USERNAME]. The account owner is still an active employee. I can provide additional details through the support portal.
EOL,Hi support team. Please terminate the unused cloud instance after its retirement approval is confirmed. Its workload has been migrated. Please confirm which additional information you need.
EOL,Hi support team. The old development server has been replaced. Please remove its obsolete network reservations during the retirement work. Our team needs an update before the next shift.
Computer-Services,Hello team. The webcam is not detected by any application. Please check the camera hardware and driver. Please keep the requester informed of progress.
O365,Please create a room mailbox for the new meeting space. The booking permissions have been approved. We can confirm the affected details when you contact us.
Software,Hello team. Please provide the approved version of the terminal client. I need it to connect to our development servers. This is affecting work at [LOCATION].
Fileservice,Hi support team. Please check why the replicated shared folder has different contents at the two offices. The missing files were saved yesterday. The issue was first reported this morning.
Fileservice,could someone help with this? the file server rejects a folder rename even though i own the contents. please check the share permissions and open handles. this is affecting work at [LOCATION].
Computer-Services,Could someone help with this? The operating system update left my laptop in a repeated recovery loop. Please help repair the workstation. Please coordinate any appointment with the requester.
Software,Could someone help with this? Please reset my password in the standalone vendor application. This account is separate from my corporate directory login. This is affecting work at [LOCATION].
Active Directory,Could someone help with this? Please remove an obsolete computer object from the directory after a workstation replacement. The replacement is already joined. Please acknowledge receipt so we can track the request.
EOL,Could someone help with this? Please arrange approved disk sanitization for the retired server hardware. The data retention review has been completed. Please contact [NAME] if more details are needed.
Software,Could someone help with this? The customer support application cannot load its add-in. Please investigate the plugin compatibility error. A colleague can assist with the follow-up if I am unavailable.
Active Directory,Hi support team. Please investigate an unexpected change to a privileged directory group. We need the membership history and current access reviewed. Please include the resolution in the ticket notes.
Fileservice,Hi support team. The home drive is not being mapped for my existing account. Please check the home folder configuration on the file service. This needs to be coordinated with our team lead.
Fileservice,The home drive is not being mapped for my existing account. Please check the home folder configuration on the file service. The local contact is available during office hours.
EOL,Hi support team. Please reclaim the server licenses that are no longer needed following decommissioning. The replacement licenses are managed separately. Please include the resolution in the ticket notes.
Software,"Hi, The browser extension required by our internal application will not install. Please check the approved extension deployment. The issue was first reported this morning."
Active Directory,Could someone help with this? Our approved delegated administrator cannot manage users in the assigned organizational unit. Please check the directory delegation. The request has been logged under [TICKET ID].
Support general,please reopen ticket [TICKET ID] because the reported issue is still unresolved. the earlier closure was premature. this is affecting work at [LOCATION].
Fileservice,"could someone help with this? this is a network file share problem, not onedrive. the mapped drive opens but every save returns access denied. please confirm which additional information you need."
EOL,Hi support team. Please confirm completion of the retirement change for [SERVER]. We still need evidence that monitoring and network cleanup are finished. Please keep the requester informed of progress.
Fileservice,hello team. please check why the replicated shared folder has different contents at the two offices. the missing files were saved yesterday. the requester is working from [LOCATION] today.
Software,"Hi, Please update the approved web browser on this workstation. The business application no longer supports the installed version. We can confirm the affected details when you contact us."
EOL,Could someone help with this? Please remove the obsolete DNS records for a decommissioned server. The replacement uses a different hostname.
Support general,Please tell me which team owns the legacy internal service. We need to contact its support owner before making a change. This is affecting work at [LOCATION].
O365,Please enable the online archive for my Exchange Online mailbox. The approved retention settings should remain in place. Please keep the requester informed of progress.
Active Directory,Hello team. Please remove an obsolete computer object from the directory after a workstation replacement. The replacement is already joined.
Fileservice,Hi support team. Copying large files to the network share fails halfway through. Local copies on my laptop complete successfully. Our team needs an update before the next shift.
Support general,I received a suspicious message asking for my password. Please route it to the security team for review. Please contact [NAME] if more details are needed.
Fileservice,Hello team. My mapped network drive has disappeared after signing in. Please help reconnect it to the existing file share. Please acknowledge receipt so we can track the request.
Fileservice,Could someone help with this? Please restore a file from the network share backup to a separate recovery folder. Do not overwrite the current copy. Please advise if this requires a scheduled support session.
EOL,Please remove the load balancer entry for a retired backend server. It should no longer receive health checks or traffic. The local contact is available during office hours.
Computer-Services,Could someone help with this? My headset microphone is silent in every program. Please troubleshoot the audio device. Please advise if this requires a scheduled support session.
Software,"Hi, The licensed statistics package reports that no seats are available. Please check the application license server. Please let us know the next steps."
Active Directory,The new starter can sign into email but has no Windows domain account. Please finish the directory provisioning. The local contact is available during office hours.
Fileservice,Could someone help with this? The DFS path opens an outdated copy of our shared folder. Please check the file service referral and replication. The local contact is available during office hours.
EOL,Hello team. Please begin the approved retirement of [SERVER]. The replacement service is live and the old machine is no longer needed. I can provide additional details through the support portal.
Active Directory,Hello team. My domain account is marked as requiring a smart card even though none was issued. Please review the account policy. Please contact [NAME] if more details are needed.
Software,Please repair the installation of the approved diagramming tool. Its shortcut reports a missing executable. Our team needs an update before the next shift.
Software,please enable my approved role in the expense management application. i can sign in but cannot submit reports. the request has been logged under [TICKET ID].
Fileservice,The home folder quota warning remains after old files were removed. Please check the file service quota calculation. The local contact is available during office hours.
O365,My OneDrive folder shows a sync conflict for a document edited on two devices. Please help reconcile the copies. Please let us know the next steps.
Active Directory,"Hi, Please re-enable the expired domain account for the returning contractor. The renewed assignment has been approved. A colleague can assist with the follow-up if I am unavailable."
Support general,I am not sure which team handles this issue and need help opening the correct request. Please advise where to start. Please let us know the next steps.
O365,"hi, please enable the online archive for my exchange online mailbox. the approved retention settings should remain in place."
Computer-Services,"Hi, The printer is offline on every workstation but the office internet works. Please investigate the printer connection. A colleague can assist with the follow-up if I am unavailable."
